name	strand	Assay title	ontology_curie	biosample_name	biosample_type	biosample_life_stage	gtex_tissue	data_source	endedness	genetically_modified	nonzero_mean	modality	transcription_factor	histone_mark
CL:0000047 polyA plus RNA-seq	+	polyA plus RNA-seq	CL:0000047	neuronal stem cell	in_vitro_differentiated_cells	embryonic		encode	paired	False	0.14361684024333954	rna_seq		
CL:0000062 total RNA-seq	+	total RNA-seq	CL:0000062	osteoblast	primary_cell	adult		encode	paired	False	0.09414368867874146	rna_seq		
CL:0000084 polyA plus RNA-seq	+	polyA plus RNA-seq	CL:0000084	T-cell	primary_cell	adult		encode	paired	False	0.1242961511015892	rna_seq		
CL:0000084 total RNA-seq	+	total RNA-seq	CL:0000084	T-cell	primary_cell	adult		encode	single	False	0.1009339839220047	rna_seq		
CL:0000115 total RNA-seq	+	total RNA-seq	CL:0000115	endothelial cell	in_vitro_differentiated_cells	adult		encode	single	False	0.13555292785167694	rna_seq		
CL:0000127 total RNA-seq	+	total RNA-seq	CL:0000127	astrocyte	primary_cell	unknown		encode	paired	False	0.8591042757034302	rna_seq		
CL:0000134 polyA plus RNA-seq	+	polyA plus RNA-seq	CL:0000134	mesenchymal stem cell	in_vitro_differentiated_cells	embryonic		encode	paired	False	0.24195873737335205	rna_seq		
CL:0000137 total RNA-seq	+	total RNA-seq	CL:0000137	osteocyte	in_vitro_differentiated_cells	embryonic		encode	single	False	0.15089336037635803	rna_seq		
CL:0000138 total RNA-seq	+	total RNA-seq	CL:0000138	chondrocyte	in_vitro_differentiated_cells	embryonic		encode	single	False	0.14311158657073975	rna_seq		
CL:0000169 total RNA-seq	+	total RNA-seq	CL:0000169	type B pancreatic cell	in_vitro_differentiated_cells	embryonic		encode	single	False	0.1288493126630783	rna_seq		
CL:0000182 total RNA-seq	+	total RNA-seq	CL:0000182	hepatocyte	in_vitro_differentiated_cells	embryonic		encode	paired	False	0.11700818687677383	rna_seq		
CL:0000187 total RNA-seq	+	total RNA-seq	CL:0000187	myocyte	in_vitro_differentiated_cells	adult		encode	paired	False	0.16801898181438446	rna_seq		
CL:0000192 total RNA-seq	+	total RNA-seq	CL:0000192	smooth muscle cell	in_vitro_differentiated_cells	embryonic		encode	paired	False	0.17651152610778809	rna_seq		
CL:0000221 polyA plus RNA-seq	+	polyA plus RNA-seq	CL:0000221	ectodermal cell	in_vitro_differentiated_cells	embryonic		encode	paired	False	0.12823955714702606	rna_seq		
CL:0000222 polyA plus RNA-seq	+	polyA plus RNA-seq	CL:0000222	mesodermal cell	in_vitro_differentiated_cells	embryonic		encode	paired	False	0.2540099322795868	rna_seq		
CL:0000223 polyA plus RNA-seq	+	polyA plus RNA-seq	CL:0000223	endodermal cell	in_vitro_differentiated_cells	embryonic		encode	paired	False	0.18341697752475739	rna_seq		
CL:0000223 total RNA-seq	+	total RNA-seq	CL:0000223	endodermal cell	in_vitro_differentiated_cells	embryonic		encode	single	False	0.0849326029419899	rna_seq		
CL:0000236 polyA plus RNA-seq	+	polyA plus RNA-seq	CL:0000236	B cell	primary_cell	adult		encode	paired	False	0.1000189334154129	rna_seq		
CL:0000236 total RNA-seq	+	total RNA-seq	CL:0000236	B cell	primary_cell	adult		encode	single	False	0.12873651087284088	rna_seq		
CL:0000307 total RNA-seq	+	total RNA-seq	CL:0000307	tracheal epithelial cell	primary_cell	adult		encode	paired	False	0.24377675354480743	rna_seq		
CL:0000312 polyA plus RNA-seq	+	polyA plus RNA-seq	CL:0000312	keratinocyte	primary_cell	unknown		encode	paired	False	0.15834681689739227	rna_seq		
CL:0000346 total RNA-seq	+	total RNA-seq	CL:0000346	hair follicle dermal papilla cell	primary_cell	adult		encode	paired	False	0.10018045455217361	rna_seq		
CL:0000351 polyA plus RNA-seq	+	polyA plus RNA-seq	CL:0000351	trophoblast cell	in_vitro_differentiated_cells	embryonic		encode	paired	False	0.15624946355819702	rna_seq		
CL:0000515 polyA plus RNA-seq	+	polyA plus RNA-seq	CL:0000515	skeletal muscle myoblast	primary_cell	unknown		encode	paired	False	0.23633140325546265	rna_seq		
CL:0000515 total RNA-seq	+	total RNA-seq	CL:0000515	skeletal muscle myoblast	primary_cell	unknown		encode	paired	False	0.21440713107585907	rna_seq		
CL:0000594 total RNA-seq	+	total RNA-seq	CL:0000594	skeletal muscle satellite cell	primary_cell	adult		encode	paired	False	0.15152136981487274	rna_seq		
CL:0000623 polyA plus RNA-seq	+	polyA plus RNA-seq	CL:0000623	natural killer cell	primary_cell	adult		encode	paired	False	0.09810050576925278	rna_seq		
CL:0000623 total RNA-seq	+	total RNA-seq	CL:0000623	natural killer cell	primary_cell	adult		encode	single	False	0.09643229097127914	rna_seq		
CL:0000624 total RNA-seq	+	total RNA-seq	CL:0000624	CD4-positive, alpha-beta T cell	primary_cell	adult		encode	single	False	0.16961726546287537	rna_seq		
CL:0000625 total RNA-seq	+	total RNA-seq	CL:0000625	CD8-positive, alpha-beta T cell	primary_cell	adult		encode	single	False	0.1872248351573944	rna_seq		
CL:0000650 total RNA-seq	+	total RNA-seq	CL:0000650	mesangial cell	primary_cell	unknown,embryonic		encode	paired	False	0.22799433767795563	rna_seq		
CL:0000679 total RNA-seq	+	total RNA-seq	CL:0000679	glutamatergic neuron	in_vitro_differentiated_cells	adult		encode	single	False	0.12083250284194946	rna_seq		
CL:0000746 total RNA-seq	+	total RNA-seq	CL:0000746	cardiac muscle cell	in_vitro_differentiated_cells	embryonic		encode	paired	False	0.12043581157922745	rna_seq		
CL:0000792 total RNA-seq	+	total RNA-seq	CL:0000792	CD4-positive, CD25-positive, alpha-beta regulatory T cell	primary_cell	adult		encode	single	False	0.2166270911693573	rna_seq		
CL:0000837 total RNA-seq	+	total RNA-seq	CL:0000837	hematopoietic multipotent progenitor cell	in_vitro_differentiated_cells	unknown		encode	paired	False	0.08746447414159775	rna_seq		
CL:0000842 total RNA-seq	+	total RNA-seq	CL:0000842	mononuclear cell	primary_cell	adult		encode	paired	False	0.11518890410661697	rna_seq		
CL:0000895 total RNA-seq	+	total RNA-seq	CL:0000895	naive thymus-derived CD4-positive, alpha-beta T cell	primary_cell	adult		encode	single	False	0.10208984464406967	rna_seq		
CL:0000897 total RNA-seq	+	total RNA-seq	CL:0000897	CD4-positive, alpha-beta memory T cell	primary_cell	adult		encode	single	False	0.14780637621879578	rna_seq		
CL:0000899 total RNA-seq	+	total RNA-seq	CL:0000899	T-helper 17 cell	primary_cell	adult		encode	single	False	0.15964914858341217	rna_seq		
CL:0000900 total RNA-seq	+	total RNA-seq	CL:0000900	naive thymus-derived CD8-positive, alpha-beta T cell	primary_cell	adult		encode	single	False	0.15224876999855042	rna_seq		
CL:0000909 total RNA-seq	+	total RNA-seq	CL:0000909	CD8-positive, alpha-beta memory T cell	primary_cell	adult		encode	single	False	0.1914062649011612	rna_seq		
CL:0001054 polyA plus RNA-seq	+	polyA plus RNA-seq	CL:0001054	CD14-positive monocyte	primary_cell	adult		encode	paired	False	0.13608932495117188	rna_seq		
CL:0002098 total RNA-seq	+	total RNA-seq	CL:0002098	regular cardiac myocyte	primary_cell	adult		encode	paired	False	0.12369280308485031	rna_seq		
CL:0002188 total RNA-seq	+	total RNA-seq	CL:0002188	glomerular endothelial cell	primary_cell	embryonic		encode	paired	False	0.15931491553783417	rna_seq		
CL:0002306 total RNA-seq	+	total RNA-seq	CL:0002306	epithelial cell of proximal tubule	primary_cell	unknown		encode	paired	False	0.3053675889968872	rna_seq		
CL:0002319 polyA plus RNA-seq	+	polyA plus RNA-seq	CL:0002319	neural cell	in_vitro_differentiated_cells	embryonic		encode	paired	False	0.3370579481124878	rna_seq		
CL:0002324 polyA plus RNA-seq	+	polyA plus RNA-seq	CL:0002324	myoepithelial cell of mammary gland	primary_cell	adult		encode	paired	False	0.11617916077375412	rna_seq		
CL:0002326 polyA plus RNA-seq	+	polyA plus RNA-seq	CL:0002326	luminal epithelial cell of mammary gland	primary_cell	adult		encode	paired	False	0.10454441606998444	rna_seq		
CL:0002327 polyA plus RNA-seq	+	polyA plus RNA-seq	CL:0002327	mammary epithelial cell	primary_cell	adult		encode	paired	False	0.1524529904127121	rna_seq		
CL:0002327 total RNA-seq	+	total RNA-seq	CL:0002327	mammary epithelial cell	primary_cell	adult		encode	paired	False	0.12234798818826675	rna_seq		
CL:0002328 total RNA-seq	+	total RNA-seq	CL:0002328	bronchial epithelial cell	primary_cell	adult		encode	paired	False	0.11330371350049973	rna_seq		
CL:0002351 total RNA-seq	+	total RNA-seq	CL:0002351	progenitor cell of endocrine pancreas	in_vitro_differentiated_cells	embryonic		encode	single	False	0.11136709153652191	rna_seq		
CL:0002366 total RNA-seq	+	total RNA-seq	CL:0002366	myometrial cell	primary_cell	adult		encode	paired	False	0.6166583299636841	rna_seq		
CL:0002368 total RNA-seq	+	total RNA-seq	CL:0002368	airway epithelial cell	primary_cell	unknown		encode	paired	False	0.26418039202690125	rna_seq		
CL:0002372 total RNA-seq	+	total RNA-seq	CL:0002372	myotube	in_vitro_differentiated_cells	unknown		encode	paired	False	0.27930885553359985	rna_seq		
CL:0002451 polyA plus RNA-seq	+	polyA plus RNA-seq	CL:0002451	mammary stem cell	primary_cell	adult		encode	paired	False	0.10450329631567001	rna_seq		
CL:0002518 total RNA-seq	+	total RNA-seq	CL:0002518	kidney epithelial cell	primary_cell	embryonic,newborn		encode	paired	False	0.21991325914859772	rna_seq		
CL:0002539 total RNA-seq	+	total RNA-seq	CL:0002539	aortic smooth muscle cell	primary_cell	adult		encode	paired	False	0.09520107507705688	rna_seq		
CL:0002540 total RNA-seq	+	total RNA-seq	CL:0002540	mesenchymal stem cell of the bone marrow	primary_cell	adult		encode	paired	False	0.08873797953128815	rna_seq		
CL:0002543 total RNA-seq	+	total RNA-seq	CL:0002543	vein endothelial cell	primary_cell	adult		encode	paired	False	0.10826694965362549	rna_seq		
CL:0002545 total RNA-seq	+	total RNA-seq	CL:0002545	thoracic aorta endothelial cell	primary_cell	adult		encode	paired	False	0.09417527914047241	rna_seq		
CL:0002547 total RNA-seq	+	total RNA-seq	CL:0002547	fibroblast of the aortic adventitia	primary_cell	adult		encode	paired	False	0.09536469727754593	rna_seq		
CL:0002551 total RNA-seq	+	total RNA-seq	CL:0002551	fibroblast of dermis	primary_cell	adult		encode	paired	False	0.08617620915174484	rna_seq		
CL:0002553 polyA plus RNA-seq	+	polyA plus RNA-seq	CL:0002553	fibroblast of lung	primary_cell	adult		encode	paired	False	0.24327409267425537	rna_seq		
CL:0002553 total RNA-seq	+	total RNA-seq	CL:0002553	fibroblast of lung	primary_cell	adult		encode	paired	False	0.09721297770738602	rna_seq		
CL:0002558 total RNA-seq	+	total RNA-seq	CL:0002558	fibroblast of villous mesenchyme	primary_cell	newborn		encode	paired	False	0.09518136084079742	rna_seq		
CL:0002568 total RNA-seq	+	total RNA-seq	CL:0002568	mesenchymal stem cell of Wharton's jelly	primary_cell	newborn		encode	paired	False	0.0961650162935257	rna_seq		
CL:0002570 total RNA-seq	+	total RNA-seq	CL:0002570	mesenchymal stem cell of adipose	primary_cell	adult		encode	paired	False	0.09018003195524216	rna_seq		
CL:0002577 total RNA-seq	+	total RNA-seq	CL:0002577	placental epithelial cell	primary_cell	newborn		encode	paired	False	0.11396694928407669	rna_seq		
CL:0002583 total RNA-seq	+	total RNA-seq	CL:0002583	subcutaneous preadipocyte	primary_cell	adult		encode	paired	False	0.10257883369922638	rna_seq		
CL:0002584 total RNA-seq	+	total RNA-seq	CL:0002584	renal cortical epithelial cell	primary_cell	adult		encode	paired	False	0.10081365704536438	rna_seq		
CL:0002591 total RNA-seq	+	total RNA-seq	CL:0002591	smooth muscle cell of the pulmonary artery	primary_cell	adult		encode	paired	False	0.09092094004154205	rna_seq		
CL:0002592 total RNA-seq	+	total RNA-seq	CL:0002592	smooth muscle cell of the coronary artery	primary_cell	adult		encode	paired	False	0.12711140513420105	rna_seq		
CL:0002594 total RNA-seq	+	total RNA-seq	CL:0002594	smooth muscle cell of the umbilical artery	primary_cell	newborn		encode	paired	False	0.10356000065803528	rna_seq		
CL:0002597 total RNA-seq	+	total RNA-seq	CL:0002597	smooth muscle cell of bladder	primary_cell	adult		encode	paired	False	0.09343661367893219	rna_seq		
CL:0002598 total RNA-seq	+	total RNA-seq	CL:0002598	bronchial smooth muscle cell	primary_cell	adult		encode	paired	False	0.10710306465625763	rna_seq		
CL:0002600 total RNA-seq	+	total RNA-seq	CL:0002600	smooth muscle cell of trachea	primary_cell	adult		encode	paired	False	0.11234711110591888	rna_seq		
CL:0002601 total RNA-seq	+	total RNA-seq	CL:0002601	uterine smooth muscle cell	primary_cell	adult		encode	paired	False	0.09602709114551544	rna_seq		
CL:0002618 polyA plus RNA-seq	+	polyA plus RNA-seq	CL:0002618	endothelial cell of umbilical vein	primary_cell	newborn		encode	paired	False	0.189997598528862	rna_seq		
CL:0002618 total RNA-seq	+	total RNA-seq	CL:0002618	endothelial cell of umbilical vein	primary_cell	newborn		encode	single	False	0.15063536167144775	rna_seq		
CL:0010002 total RNA-seq	+	total RNA-seq	CL:0010002	epithelial cell of umbilical artery	primary_cell	newborn		encode	paired	False	0.15703600645065308	rna_seq		
CL:0010003 total RNA-seq	+	total RNA-seq	CL:0010003	epithelial cell of alveolus of lung	primary_cell	unknown,embryonic		encode	paired	False	0.24646669626235962	rna_seq		
CL:0011012 total RNA-seq	+	total RNA-seq	CL:0011012	neural crest cell	in_vitro_differentiated_cells	embryonic		encode	single	False	0.13397547602653503	rna_seq		
CL:0011019 total RNA-seq	+	total RNA-seq	CL:0011019	mesothelial cell of epicardium	in_vitro_differentiated_cells	embryonic		encode	single	False	0.08205718547105789	rna_seq		
CL:0011020 total RNA-seq	+	total RNA-seq	CL:0011020	neural progenitor cell	in_vitro_differentiated_cells	embryonic		encode	paired	False	0.11665403842926025	rna_seq		
CL:1000458 total RNA-seq	+	total RNA-seq	CL:1000458	melanocyte of skin	primary_cell	adult		encode	paired	False	0.11369024962186813	rna_seq		
CL:1001568 total RNA-seq	+	total RNA-seq	CL:1001568	pulmonary artery endothelial cell	primary_cell	adult		encode	paired	False	0.11397112160921097	rna_seq		
CL:1001606 polyA plus RNA-seq	+	polyA plus RNA-seq	CL:1001606	foreskin keratinocyte	primary_cell	newborn		encode	paired	False	0.1255163997411728	rna_seq		
CL:1001606 total RNA-seq	+	total RNA-seq	CL:1001606	foreskin keratinocyte	primary_cell	newborn		encode	paired	False	0.14636552333831787	rna_seq		
CL:1001608 polyA plus RNA-seq	+	polyA plus RNA-seq	CL:1001608	foreskin fibroblast	primary_cell	newborn		encode	paired	False	0.1319681853055954	rna_seq		
CL:2000001 polyA plus RNA-seq	+	polyA plus RNA-seq	CL:2000001	peripheral blood mononuclear cell	primary_cell	adult		encode	paired	False	0.1745203137397766	rna_seq		
CL:2000007 total RNA-seq	+	total RNA-seq	CL:2000007	articular chondrocyte of knee joint	primary_cell	adult		encode	paired	False	0.08014936000108719	rna_seq		
CL:2000010 total RNA-seq	+	total RNA-seq	CL:2000010	dermis blood vessel endothelial cell	primary_cell	child		encode	paired	False	0.13320288062095642	rna_seq		
CL:2000011 total RNA-seq	+	total RNA-seq	CL:2000011	dermis lymphatic vessel endothelial cell	primary_cell	child,adult		encode	paired	False	0.11345934867858887	rna_seq		
CL:2000016 total RNA-seq	+	total RNA-seq	CL:2000016	lung microvascular endothelial cell	primary_cell	adult		encode	paired	False	0.126098170876503	rna_seq		
CL:2000018 total RNA-seq	+	total RNA-seq	CL:2000018	endothelial cell of coronary artery	primary_cell	adult		encode	paired	False	0.10375294089317322	rna_seq		
CL:2000040 total RNA-seq	+	total RNA-seq	CL:2000040	bladder microvascular endothelial cell	primary_cell	adult		encode	paired	False	0.10876604169607162	rna_seq		
CL:2000041 total RNA-seq	+	total RNA-seq	CL:2000041	dermis microvascular lymphatic vessel endothelial cell	primary_cell	adult		encode	paired	False	0.11738797277212143	rna_seq		
CL:2000045 polyA plus RNA-seq	+	polyA plus RNA-seq	CL:2000045	foreskin melanocyte	primary_cell	newborn		encode	paired	False	0.10135364532470703	rna_seq		
CL:2000066 total RNA-seq	+	total RNA-seq	CL:2000066	cardiac ventricle fibroblast	primary_cell	adult,unknown		encode	paired	False	0.23313458263874054	rna_seq		
CL:2000067 total RNA-seq	+	total RNA-seq	CL:2000067	cardiac atrium fibroblast	primary_cell	child		encode	paired	False	0.45500898361206055	rna_seq		
CL:2000068 total RNA-seq	+	total RNA-seq	CL:2000068	pericardium fibroblast	primary_cell	embryonic,unknown		encode	paired	False	0.4414302408695221	rna_seq		
CL:2000071 total RNA-seq	+	total RNA-seq	CL:2000071	mammary microvascular endothelial cell	primary_cell	adult		encode	paired	False	0.31211143732070923	rna_seq		
CL:2000078 total RNA-seq	+	total RNA-seq	CL:2000078	placental pericyte	primary_cell	newborn		encode	paired	False	0.10321545600891113	rna_seq		
CL:2000092 total RNA-seq	+	total RNA-seq	CL:2000092	hair follicular keratinocyte	primary_cell	adult		encode	paired	False	0.3467121720314026	rna_seq		
CL:2000093 total RNA-seq	+	total RNA-seq	CL:2000093	bronchus fibroblast of lung	primary_cell	unknown		encode	paired	False	0.34249013662338257	rna_seq		
CL:2000094 total RNA-seq	+	total RNA-seq	CL:2000094	nasal cavity respiratory epithelium epithelial cell of viscerocranial mucosa	primary_cell	adult		encode	paired	False	0.09655441343784332	rna_seq		
EFO:0001086 polyA plus RNA-seq	+	polyA plus RNA-seq	EFO:0001086	A549	cell_line	adult		encode	paired	False	0.12940572202205658	rna_seq		
EFO:0001099 total RNA-seq	+	total RNA-seq	EFO:0001099	Caco-2	cell_line	adult		encode	single	False	0.14284469187259674	rna_seq		
EFO:0001187 polyA plus RNA-seq	+	polyA plus RNA-seq	EFO:0001187	HepG2	cell_line	child		encode	paired	False	0.17039045691490173	rna_seq		
EFO:0001187 total RNA-seq	+	total RNA-seq	EFO:0001187	HepG2	cell_line	child		encode	paired	False	0.1829448640346527	rna_seq		
EFO:0001193 total RNA-seq	+	total RNA-seq	EFO:0001193	HT-29	cell_line	adult		encode	paired	False	0.21550512313842773	rna_seq		
EFO:0001196 polyA plus RNA-seq	+	polyA plus RNA-seq	EFO:0001196	IMR-90	cell_line	embryonic		encode	paired	False	0.20879118144512177	rna_seq		
EFO:0001196 total RNA-seq	+	total RNA-seq	EFO:0001196	IMR-90	cell_line	embryonic		encode	paired	False	0.11308588832616806	rna_seq		
EFO:0001200 total RNA-seq	+	total RNA-seq	EFO:0001200	MCF 10A	cell_line	adult		encode	single	False	0.16067937016487122	rna_seq		
EFO:0001203 polyA plus RNA-seq	+	polyA plus RNA-seq	EFO:0001203	MCF-7	cell_line	adult		encode	paired	False	0.12140543013811111	rna_seq		
EFO:0001203 total RNA-seq	+	total RNA-seq	EFO:0001203	MCF-7	cell_line	adult		encode	single	False	0.19371487200260162	rna_seq		
EFO:0002059 polyA plus RNA-seq	+	polyA plus RNA-seq	EFO:0002059	HT1080	cell_line	adult		encode	paired	False	0.17536093294620514	rna_seq		
EFO:0002059 total RNA-seq	+	total RNA-seq	EFO:0002059	HT1080	cell_line	adult		encode	paired	False	0.26604166626930237	rna_seq		
EFO:0002067 polyA plus RNA-seq	+	polyA plus RNA-seq	EFO:0002067	K562	cell_line	adult		encode	paired	False	0.12911121547222137	rna_seq		
EFO:0002067 total RNA-seq	+	total RNA-seq	EFO:0002067	K562	cell_line	adult		encode	paired	False	0.09864901006221771	rna_seq		
EFO:0002074 total RNA-seq	+	total RNA-seq	EFO:0002074	PC-3	cell_line	adult		encode	paired	False	0.19547946751117706	rna_seq		
EFO:0002101 total RNA-seq	+	total RNA-seq	EFO:0002101	A172	cell_line	adult		encode	paired	False	0.28052324056625366	rna_seq		
EFO:0002103 total RNA-seq	+	total RNA-seq	EFO:0002103	A375	cell_line	adult		encode	paired	False	0.15175825357437134	rna_seq		
EFO:0002106 total RNA-seq	+	total RNA-seq	EFO:0002106	A673	cell_line	child		encode	single	False	0.13962921500205994	rna_seq		
EFO:0002150 total RNA-seq	+	total RNA-seq	EFO:0002150	Caki2	cell_line	adult		encode	paired	False	0.9990426301956177	rna_seq		
EFO:0002179 total RNA-seq	+	total RNA-seq	EFO:0002179	G401	cell_line	child		encode	paired	False	0.5957048535346985	rna_seq		
EFO:0002184 total RNA-seq	+	total RNA-seq	EFO:0002184	H4	cell_line	adult		encode	paired	False	0.5086643099784851	rna_seq		
EFO:0002234 total RNA-seq	+	total RNA-seq	EFO:0002234	MG63	cell_line	child		encode	paired	False	0.769120454788208	rna_seq		
EFO:0002330 total RNA-seq	+	total RNA-seq	EFO:0002330	SJSA1	cell_line	adult		encode	paired	False	0.21904774010181427	rna_seq		
EFO:0002713 total RNA-seq	+	total RNA-seq	EFO:0002713	Panc1	cell_line	adult		encode	single	False	0.23880760371685028	rna_seq		
EFO:0002779 polyA plus RNA-seq	+	polyA plus RNA-seq	EFO:0002779	BJ	cell_line	newborn		encode	paired	False	0.21585357189178467	rna_seq		
EFO:0002784 polyA plus RNA-seq	+	polyA plus RNA-seq	EFO:0002784	GM12878	cell_line	adult		encode	paired	False	0.10530221462249756	rna_seq		
EFO:0002784 total RNA-seq	+	total RNA-seq	EFO:0002784	GM12878	cell_line	adult		encode	paired	False	0.1013726070523262	rna_seq		
EFO:0002791 polyA plus RNA-seq	+	polyA plus RNA-seq	EFO:0002791	HeLa-S3	cell_line	adult		encode	paired	False	0.15916843712329865	rna_seq		
EFO:0002819 total RNA-seq	+	total RNA-seq	EFO:0002819	Calu3	cell_line	adult		encode	single	False	0.136725053191185	rna_seq		
EFO:0002824 total RNA-seq	+	total RNA-seq	EFO:0002824	HCT116	cell_line	adult		encode	single	False	0.2341846525669098	rna_seq		
EFO:0002847 total RNA-seq	+	total RNA-seq	EFO:0002847	PC-9	cell_line	unknown		encode	single	False	0.13823053240776062	rna_seq		
EFO:0003042 polyA plus RNA-seq	+	polyA plus RNA-seq	EFO:0003042	H1	cell_line	embryonic		encode	paired	False	0.10293757915496826	rna_seq		
EFO:0003042 total RNA-seq	+	total RNA-seq	EFO:0003042	H1	cell_line	embryonic		encode	single	False	0.1727115660905838	rna_seq		
EFO:0003044 polyA plus RNA-seq	+	polyA plus RNA-seq	EFO:0003044	NCI-H460	cell_line	unknown		encode	paired	False	0.37686166167259216	rna_seq		
EFO:0003044 total RNA-seq	+	total RNA-seq	EFO:0003044	NCI-H460	cell_line	unknown		encode	paired	False	0.14361432194709778	rna_seq		
EFO:0003045 total RNA-seq	+	total RNA-seq	EFO:0003045	H9	cell_line	embryonic		encode	single	False	0.1480276882648468	rna_seq		
EFO:0003072 polyA plus RNA-seq	+	polyA plus RNA-seq	EFO:0003072	SK-N-SH	cell_line	child		encode	paired	False	0.19397687911987305	rna_seq		
EFO:0005697 total RNA-seq	+	total RNA-seq	EFO:0005697	M059J	cell_line	adult		encode	paired	False	0.4214603304862976	rna_seq		
EFO:0005698 total RNA-seq	+	total RNA-seq	EFO:0005698	Daoy	cell_line	child		encode	paired	False	0.3396725654602051	rna_seq		
EFO:0005712 total RNA-seq	+	total RNA-seq	EFO:0005712	RPMI7951	cell_line	adult		encode	paired	False	0.23329555988311768	rna_seq		
EFO:0005714 total RNA-seq	+	total RNA-seq	EFO:0005714	LHCN-M2	cell_line	adult		encode	paired	False	0.18331725895404816	rna_seq		
EFO:0005719 total RNA-seq	+	total RNA-seq	EFO:0005719	Karpas-422	cell_line	adult		encode	paired	False	0.16822701692581177	rna_seq		
EFO:0005720 polyA plus RNA-seq	+	polyA plus RNA-seq	EFO:0005720	SK-MEL-5	cell_line	adult		encode	paired	False	0.225653737783432	rna_seq		
EFO:0005720 total RNA-seq	+	total RNA-seq	EFO:0005720	SK-MEL-5	cell_line	adult		encode	paired	False	0.18815664947032928	rna_seq		
EFO:0005721 polyA plus RNA-seq	+	polyA plus RNA-seq	EFO:0005721	SK-N-DZ	cell_line	child		encode	paired	False	0.2373400777578354	rna_seq		
EFO:0005722 total RNA-seq	+	total RNA-seq	EFO:0005722	SJCRH30	cell_line	child		encode	paired	False	0.11020320653915405	rna_seq		
EFO:0005723 total RNA-seq	+	total RNA-seq	EFO:0005723	GM23248	cell_line	adult		encode	paired	False	0.3644750416278839	rna_seq		
EFO:0005904 total RNA-seq	+	total RNA-seq	EFO:0005904	H7	cell_line	embryonic		encode	paired	False	0.19296839833259583	rna_seq		
EFO:0006270 polyA plus RNA-seq	+	polyA plus RNA-seq	EFO:0006270	AG04450	cell_line	embryonic		encode	paired	False	0.1846042424440384	rna_seq		
EFO:0006711 total RNA-seq	+	total RNA-seq	EFO:0006711	OCI-LY7	cell_line	adult		encode	paired	False	0.14875547587871552	rna_seq		
EFO:0007089 polyA plus RNA-seq	+	polyA plus RNA-seq	EFO:0007089	HUES64	cell_line	embryonic		encode	paired	False	0.29977187514305115	rna_seq		
EFO:0007950 total RNA-seq	+	total RNA-seq	EFO:0007950	GM23338	cell_line	adult		encode	paired	False	0.10916931182146072	rna_seq		
EFO:0009318 total RNA-seq	+	total RNA-seq	EFO:0009318	HFFc6	cell_line	newborn		encode	single	False	0.10509984195232391	rna_seq		
EFO:0009747 total RNA-seq	+	total RNA-seq	EFO:0009747	WTC11	cell_line	adult		encode	single	False	0.11312755942344666	rna_seq		
EFO:0030018 polyA plus RNA-seq	+	polyA plus RNA-seq	EFO:0030018	BLaER1	cell_line	unknown		encode	paired	False	0.15814301371574402	rna_seq		
NTR:0000427 polyA plus RNA-seq	+	polyA plus RNA-seq	NTR:0000427	neurosphere	primary_cell	embryonic		encode	paired	False	0.07274492084980011	rna_seq		
NTR:0000491 total RNA-seq	+	total RNA-seq	NTR:0000491	Right ventricle myocardium inferior	tissue	adult		encode	single	False	0.32427701354026794	rna_seq		
NTR:0000492 total RNA-seq	+	total RNA-seq	NTR:0000492	Right ventricle myocardium superior	tissue	adult		encode	single	False	0.288472443819046	rna_seq		
NTR:0000493 total RNA-seq	+	total RNA-seq	NTR:0000493	left ventricle myocardium inferior	tissue	adult		encode	single	False	0.3049757480621338	rna_seq		
NTR:0000494 total RNA-seq	+	total RNA-seq	NTR:0000494	left ventricle myocardium superior	tissue	adult		encode	single	False	0.3131106197834015	rna_seq		
NTR:0000856 polyA plus RNA-seq	+	polyA plus RNA-seq	NTR:0000856	mesendoderm	in_vitro_differentiated_cells	embryonic		encode	paired	False	0.163086399435997	rna_seq		
NTR:0003013 polyA plus RNA-seq	+	polyA plus RNA-seq	NTR:0003013	placental basal plate	tissue	embryonic		encode	paired	False	0.07087478041648865	rna_seq		
UBERON:0000016 polyA plus RNA-seq	+	polyA plus RNA-seq	UBERON:0000016	endocrine pancreas	tissue	adult		encode	paired	False	0.08397355675697327	rna_seq		
UBERON:0000019 total RNA-seq	+	total RNA-seq	UBERON:0000019	camera-type eye	tissue	embryonic		encode	paired	False	0.0823257565498352	rna_seq		
UBERON:0000056 total RNA-seq	+	total RNA-seq	UBERON:0000056	ureter	tissue	adult		encode	single	False	0.1433965563774109	rna_seq		
UBERON:0000081 total RNA-seq	+	total RNA-seq	UBERON:0000081	metanephros	tissue	embryonic		encode	paired	False	0.06954433768987656	rna_seq		
UBERON:0000088 polyA plus RNA-seq	+	polyA plus RNA-seq	UBERON:0000088	trophoblast	tissue	embryonic		encode	paired	False	0.06895212084054947	rna_seq		
UBERON:0000305 polyA plus RNA-seq	+	polyA plus RNA-seq	UBERON:0000305	amnion	tissue	embryonic		encode	paired	False	0.05813951417803764	rna_seq		
UBERON:0000317 total RNA-seq	+	total RNA-seq	UBERON:0000317	colonic mucosa	tissue	adult		encode	single	False	0.23028472065925598	rna_seq		
UBERON:0000473 polyA plus RNA-seq	+	polyA plus RNA-seq	UBERON:0000473	testis	tissue	adult		encode	paired	False	0.1770746260881424	rna_seq		
UBERON:0000473 total RNA-seq	+	total RNA-seq	UBERON:0000473	testis	tissue	adult		encode	paired	False	0.05251283198595047	rna_seq		
UBERON:0000945 polyA plus RNA-seq	+	polyA plus RNA-seq	UBERON:0000945	stomach	tissue	adult		encode	paired	False	0.4686560034751892	rna_seq		
UBERON:0000945 total RNA-seq	+	total RNA-seq	UBERON:0000945	stomach	tissue	adult		encode	paired	False	0.21596461534500122	rna_seq		
UBERON:0000947 polyA plus RNA-seq	+	polyA plus RNA-seq	UBERON:0000947	aorta	tissue	adult		encode	paired	False	0.3552292287349701	rna_seq		
UBERON:0000947 total RNA-seq	+	total RNA-seq	UBERON:0000947	aorta	tissue	adult		encode	single	False	0.10199231654405594	rna_seq		
UBERON:0000948 polyA plus RNA-seq	+	polyA plus RNA-seq	UBERON:0000948	heart	tissue	adult		encode	paired	False	0.3406100273132324	rna_seq		
UBERON:0000948 total RNA-seq	+	total RNA-seq	UBERON:0000948	heart	tissue	adult		encode	paired	False	0.08766400068998337	rna_seq		
UBERON:0000955 polyA plus RNA-seq	+	polyA plus RNA-seq	UBERON:0000955	brain	tissue	adult		encode	paired	False	0.6184623837471008	rna_seq		
UBERON:0000992 polyA plus RNA-seq	+	polyA plus RNA-seq	UBERON:0000992	ovary	tissue	adult		encode	paired	False	0.12122903764247894	rna_seq		
UBERON:0000992 total RNA-seq	+	total RNA-seq	UBERON:0000992	ovary	tissue	adult		encode	paired	False	0.11545416712760925	rna_seq		
UBERON:0000995 total RNA-seq	+	total RNA-seq	UBERON:0000995	uterus	tissue	adult		encode	paired	False	0.36165136098861694	rna_seq		
UBERON:0000996 total RNA-seq	+	total RNA-seq	UBERON:0000996	vagina	tissue	adult		encode	paired	False	0.23906712234020233	rna_seq		
UBERON:0001013 polyA plus RNA-seq	+	polyA plus RNA-seq	UBERON:0001013	adipose tissue	tissue	adult		encode	paired	False	0.16599632799625397	rna_seq		
UBERON:0001043 polyA plus RNA-seq	+	polyA plus RNA-seq	UBERON:0001043	esophagus	tissue	adult		encode	paired	False	0.09775491803884506	rna_seq		
UBERON:0001072 total RNA-seq	+	total RNA-seq	UBERON:0001072	posterior vena cava	tissue	adult		encode	single	False	0.12246505171060562	rna_seq		
UBERON:0001114 total RNA-seq	+	total RNA-seq	UBERON:0001114	right lobe of liver	tissue	adult		encode	paired	False	0.1526584029197693	rna_seq		
UBERON:0001115 total RNA-seq	+	total RNA-seq	UBERON:0001115	left lobe of liver	tissue	adult		encode	single	False	0.2238539606332779	rna_seq		
UBERON:0001134 total RNA-seq	+	total RNA-seq	UBERON:0001134	skeletal muscle tissue	tissue	embryonic		encode	paired	False	0.10401706397533417	rna_seq		
UBERON:0001150 total RNA-seq	+	total RNA-seq	UBERON:0001150	body of pancreas	tissue	adult		encode	paired	False	0.14467252790927887	rna_seq		
UBERON:0001157 total RNA-seq	+	total RNA-seq	UBERON:0001157	transverse colon	tissue	adult		encode	paired	False	0.09727869927883148	rna_seq		
UBERON:0001159 polyA plus RNA-seq	+	polyA plus RNA-seq	UBERON:0001159	sigmoid colon	tissue	adult		encode	paired	False	0.3216996192932129	rna_seq		
UBERON:0001159 total RNA-seq	+	total RNA-seq	UBERON:0001159	sigmoid colon	tissue	adult		encode	paired	False	0.09938795119524002	rna_seq		
UBERON:0001211 total RNA-seq	+	total RNA-seq	UBERON:0001211	Peyer's patch	tissue	adult		encode	paired	False	0.10744151473045349	rna_seq		
UBERON:0001255 polyA plus RNA-seq	+	polyA plus RNA-seq	UBERON:0001255	urinary bladder	tissue	child		encode	paired	False	0.2732574939727783	rna_seq		
UBERON:0001255 total RNA-seq	+	total RNA-seq	UBERON:0001255	urinary bladder	tissue	embryonic		encode	paired	False	0.06832712143659592	rna_seq		
UBERON:0001264 polyA plus RNA-seq	+	polyA plus RNA-seq	UBERON:0001264	pancreas	tissue	adult		encode	paired	False	0.1047201007604599	rna_seq		
UBERON:0001264 total RNA-seq	+	total RNA-seq	UBERON:0001264	pancreas	tissue	adult		encode	single	False	0.10486374795436859	rna_seq		
UBERON:0001322 total RNA-seq	+	total RNA-seq	UBERON:0001322	sciatic nerve	tissue	adult		encode	single	False	0.12967179715633392	rna_seq		
UBERON:0001323 total RNA-seq	+	total RNA-seq	UBERON:0001323	tibial nerve	tissue	adult		encode	paired	False	0.1041068583726883	rna_seq		
UBERON:0001383 polyA plus RNA-seq	+	polyA plus RNA-seq	UBERON:0001383	muscle of leg	tissue	embryonic		encode	paired	False	0.09429461508989334	rna_seq		
UBERON:0001496 total RNA-seq	+	total RNA-seq	UBERON:0001496	ascending aorta	tissue	adult		encode	paired	False	0.8633086085319519	rna_seq		
UBERON:0001515 total RNA-seq	+	total RNA-seq	UBERON:0001515	thoracic aorta	tissue	adult		encode	paired	False	0.10150252282619476	rna_seq		
UBERON:0001723 total RNA-seq	+	total RNA-seq	UBERON:0001723	tongue	tissue	embryonic		encode	paired	False	0.13978645205497742	rna_seq		
UBERON:0001870 total RNA-seq	+	total RNA-seq	UBERON:0001870	frontal cortex	tissue	embryonic		encode	paired	False	0.08561448007822037	rna_seq		
UBERON:0001871 total RNA-seq	+	total RNA-seq	UBERON:0001871	temporal lobe	tissue	embryonic		encode	paired	False	0.09795684367418289	rna_seq		
UBERON:0001872 total RNA-seq	+	total RNA-seq	UBERON:0001872	parietal lobe	tissue	embryonic		encode	paired	False	0.06359224021434784	rna_seq		
UBERON:0001894 total RNA-seq	+	total RNA-seq	UBERON:0001894	diencephalon	tissue	embryonic		encode	paired	False	0.07281812280416489	rna_seq		
UBERON:0001987 polyA plus RNA-seq	+	polyA plus RNA-seq	UBERON:0001987	placenta	tissue	embryonic		encode	paired	False	0.1648215502500534	rna_seq		
UBERON:0001987 total RNA-seq	+	total RNA-seq	UBERON:0001987	placenta	tissue	embryonic		encode	single	False	0.0722145363688469	rna_seq		
UBERON:0002021 total RNA-seq	+	total RNA-seq	UBERON:0002021	occipital lobe	tissue	embryonic		encode	paired	False	0.07937046885490417	rna_seq		
UBERON:0002037 polyA plus RNA-seq	+	polyA plus RNA-seq	UBERON:0002037	cerebellum	tissue	embryonic		encode	paired	False	0.09561976045370102	rna_seq		
UBERON:0002037 total RNA-seq	+	total RNA-seq	UBERON:0002037	cerebellum	tissue	embryonic		encode	paired	False	0.04635050147771835	rna_seq		
UBERON:0002046 total RNA-seq	+	total RNA-seq	UBERON:0002046	thyroid gland	tissue	adult		encode	paired	False	0.07622677832841873	rna_seq		
UBERON:0002048 polyA plus RNA-seq	+	polyA plus RNA-seq	UBERON:0002048	lung	tissue	adult		encode	paired	False	0.11917171627283096	rna_seq		
UBERON:0002048 total RNA-seq	+	total RNA-seq	UBERON:0002048	lung	tissue	embryonic		encode	paired	False	0.08134463429450989	rna_seq		
UBERON:0002078 polyA plus RNA-seq	+	polyA plus RNA-seq	UBERON:0002078	right cardiac atrium	tissue	adult		encode	paired	False	0.10576710104942322	rna_seq		
UBERON:0002078 total RNA-seq	+	total RNA-seq	UBERON:0002078	right cardiac atrium	tissue	adult		encode	single	False	0.12184100598096848	rna_seq		
UBERON:0002079 total RNA-seq	+	total RNA-seq	UBERON:0002079	left cardiac atrium	tissue	adult		encode	single	False	0.15789535641670227	rna_seq		
UBERON:0002080 polyA plus RNA-seq	+	polyA plus RNA-seq	UBERON:0002080	heart right ventricle	tissue	adult		encode	paired	False	0.17129531502723694	rna_seq		
UBERON:0002080 total RNA-seq	+	total RNA-seq	UBERON:0002080	heart right ventricle	tissue	adult		encode	single	False	0.1052015945315361	rna_seq		
UBERON:0002084 polyA plus RNA-seq	+	polyA plus RNA-seq	UBERON:0002084	heart left ventricle	tissue	adult		encode	paired	False	0.13251028954982758	rna_seq		
UBERON:0002084 total RNA-seq	+	total RNA-seq	UBERON:0002084	heart left ventricle	tissue	adult		encode	paired	False	0.2699129581451416	rna_seq		
UBERON:0002097 total RNA-seq	+	total RNA-seq	UBERON:0002097	skin of body	tissue	embryonic		encode	paired	False	0.07668855786323547	rna_seq		
UBERON:0002099 total RNA-seq	+	total RNA-seq	UBERON:0002099	cardiac septum	tissue	adult		encode	single	False	0.200953409075737	rna_seq		
UBERON:0002106 polyA plus RNA-seq	+	polyA plus RNA-seq	UBERON:0002106	spleen	tissue	adult		encode	paired	False	0.12643910944461823	rna_seq		
UBERON:0002106 total RNA-seq	+	total RNA-seq	UBERON:0002106	spleen	tissue	adult		encode	paired	False	0.08943069726228714	rna_seq		
UBERON:0002107 polyA plus RNA-seq	+	polyA plus RNA-seq	UBERON:0002107	liver	tissue	child		encode	paired	False	0.37201911211013794	rna_seq		
UBERON:0002107 total RNA-seq	+	total RNA-seq	UBERON:0002107	liver	tissue	embryonic		encode	paired	False	0.1001405194401741	rna_seq		
UBERON:0002108 polyA plus RNA-seq	+	polyA plus RNA-seq	UBERON:0002108	small intestine	tissue	adult		encode	paired	False	0.5083299279212952	rna_seq		
UBERON:0002113 polyA plus RNA-seq	+	polyA plus RNA-seq	UBERON:0002113	kidney	tissue	adult		encode	paired	False	0.5964622497558594	rna_seq		
UBERON:0002113 total RNA-seq	+	total RNA-seq	UBERON:0002113	kidney	tissue	adult		encode	single	False	0.13756509125232697	rna_seq		
UBERON:0002168 total RNA-seq	+	total RNA-seq	UBERON:0002168	left lung	tissue	adult		encode	single	False	0.15085317194461823	rna_seq		
UBERON:0002170 total RNA-seq	+	total RNA-seq	UBERON:0002170	upper lobe of right lung	tissue	adult		encode	single	False	0.18277625739574432	rna_seq		
UBERON:0002171 total RNA-seq	+	total RNA-seq	UBERON:0002171	lower lobe of right lung	tissue	adult		encode	single	False	0.16713519394397736	rna_seq		
UBERON:0002190 total RNA-seq	+	total RNA-seq	UBERON:0002190	subcutaneous adipose tissue	tissue	adult		encode	paired	False	0.09430896490812302	rna_seq		
UBERON:0002240 polyA plus RNA-seq	+	polyA plus RNA-seq	UBERON:0002240	spinal cord	tissue	embryonic		encode	paired	False	0.08339249342679977	rna_seq		
UBERON:0002240 total RNA-seq	+	total RNA-seq	UBERON:0002240	spinal cord	tissue	embryonic		encode	paired	False	0.06603524088859558	rna_seq		
UBERON:0002331 total RNA-seq	+	total RNA-seq	UBERON:0002331	umbilical cord	tissue	embryonic		encode	paired	False	0.04299703985452652	rna_seq		
UBERON:0002367 total RNA-seq	+	total RNA-seq	UBERON:0002367	prostate gland	tissue	adult		encode	paired	False	0.13585683703422546	rna_seq		
UBERON:0002369 polyA plus RNA-seq	+	polyA plus RNA-seq	UBERON:0002369	adrenal gland	tissue	adult		encode	paired	False	0.10644026100635529	rna_seq		
UBERON:0002369 total RNA-seq	+	total RNA-seq	UBERON:0002369	adrenal gland	tissue	adult		encode	paired	False	0.09952406585216522	rna_seq		
UBERON:0002370 polyA plus RNA-seq	+	polyA plus RNA-seq	UBERON:0002370	thymus	tissue	embryonic		encode	paired	False	0.13122648000717163	rna_seq		
UBERON:0002469 total RNA-seq	+	total RNA-seq	UBERON:0002469	esophagus mucosa	tissue	adult		encode	single	False	0.2322499006986618	rna_seq		
UBERON:0003124 polyA plus RNA-seq	+	polyA plus RNA-seq	UBERON:0003124	chorion	tissue	embryonic		encode	paired	False	0.08912248909473419	rna_seq		
UBERON:0004264 total RNA-seq	+	total RNA-seq	UBERON:0004264	lower leg skin	tissue	adult		encode	paired	False	0.12619370222091675	rna_seq		
UBERON:0004550 total RNA-seq	+	total RNA-seq	UBERON:0004550	gastroesophageal sphincter	tissue	adult		encode	paired	False	0.09521754086017609	rna_seq		
UBERON:0004648 total RNA-seq	+	total RNA-seq	UBERON:0004648	esophagus muscularis mucosa	tissue	adult		encode	paired	False	0.1068030372262001	rna_seq		
UBERON:0004992 total RNA-seq	+	total RNA-seq	UBERON:0004992	mucosa of descending colon	tissue	adult		encode	single	False	0.10411433130502701	rna_seq		
UBERON:0005033 total RNA-seq	+	total RNA-seq	UBERON:0005033	mucosa of gallbladder	tissue	child		encode	single	False	0.1606866717338562	rna_seq		
UBERON:0006631 total RNA-seq	+	total RNA-seq	UBERON:0006631	right atrium auricular region	tissue	adult		encode	paired	False	0.196689173579216	rna_seq		
UBERON:0006920 total RNA-seq	+	total RNA-seq	UBERON:0006920	esophagus squamous epithelium	tissue	adult		encode	paired	False	0.09920122474431992	rna_seq		
UBERON:0007106 polyA plus RNA-seq	+	polyA plus RNA-seq	UBERON:0007106	chorionic villus	tissue	embryonic		encode	paired	False	0.06965987384319305	rna_seq		
UBERON:0008367 total RNA-seq	+	total RNA-seq	UBERON:0008367	breast epithelium	tissue	adult		encode	paired	False	0.07852068543434143	rna_seq		
UBERON:0008450 polyA plus RNA-seq	+	polyA plus RNA-seq	UBERON:0008450	psoas muscle	tissue	adult		encode	paired	False	0.14193594455718994	rna_seq		
UBERON:0008450 total RNA-seq	+	total RNA-seq	UBERON:0008450	psoas muscle	tissue	adult		encode	single	False	0.19859784841537476	rna_seq		
UBERON:0008952 total RNA-seq	+	total RNA-seq	UBERON:0008952	upper lobe of left lung	tissue	adult		encode	paired	False	0.0914291962981224	rna_seq		
UBERON:0008953 total RNA-seq	+	total RNA-seq	UBERON:0008953	lower lobe of left lung	tissue	adult		encode	single	False	0.10869968682527542	rna_seq		
UBERON:0008971 total RNA-seq	+	total RNA-seq	UBERON:0008971	left colon	tissue	adult		encode	single	False	0.1311025470495224	rna_seq		
UBERON:0009834 total RNA-seq	+	total RNA-seq	UBERON:0009834	dorsolateral prefrontal cortex	tissue	adult		encode	single	False	0.03440511226654053	rna_seq		
UBERON:0010414 total RNA-seq	+	total RNA-seq	UBERON:0010414	omental fat pad	tissue	adult		encode	paired	False	0.08247236907482147	rna_seq		
UBERON:0011907 total RNA-seq	+	total RNA-seq	UBERON:0011907	gastrocnemius medialis	tissue	adult		encode	paired	False	0.14263799786567688	rna_seq		
UBERON:0015143 total RNA-seq	+	total RNA-seq	UBERON:0015143	mesenteric fat pad	tissue	adult		encode	single	False	0.17646285891532898	rna_seq		
UBERON:0036149 total RNA-seq	+	total RNA-seq	UBERON:0036149	suprapubic skin	tissue	adult		encode	paired	False	0.10089779645204544	rna_seq		
UBERON:1000010 polyA plus RNA-seq	+	polyA plus RNA-seq	UBERON:1000010	mole	tissue	unknown		encode	paired	False	0.14376847445964813	rna_seq		
CL:0000047 polyA plus RNA-seq	-	polyA plus RNA-seq	CL:0000047	neuronal stem cell	in_vitro_differentiated_cells	embryonic		encode	paired	False	0.14361684024333954	rna_seq		
CL:0000062 total RNA-seq	-	total RNA-seq	CL:0000062	osteoblast	primary_cell	adult		encode	paired	False	0.09414368867874146	rna_seq		
CL:0000084 polyA plus RNA-seq	-	polyA plus RNA-seq	CL:0000084	T-cell	primary_cell	adult		encode	paired	False	0.1242961511015892	rna_seq		
CL:0000084 total RNA-seq	-	total RNA-seq	CL:0000084	T-cell	primary_cell	adult		encode	single	False	0.1009339839220047	rna_seq		
CL:0000115 total RNA-seq	-	total RNA-seq	CL:0000115	endothelial cell	in_vitro_differentiated_cells	adult		encode	single	False	0.13555292785167694	rna_seq		
CL:0000127 total RNA-seq	-	total RNA-seq	CL:0000127	astrocyte	primary_cell	unknown		encode	paired	False	0.8591042757034302	rna_seq		
CL:0000134 polyA plus RNA-seq	-	polyA plus RNA-seq	CL:0000134	mesenchymal stem cell	in_vitro_differentiated_cells	embryonic		encode	paired	False	0.24195873737335205	rna_seq		
CL:0000137 total RNA-seq	-	total RNA-seq	CL:0000137	osteocyte	in_vitro_differentiated_cells	embryonic		encode	single	False	0.15089336037635803	rna_seq		
CL:0000138 total RNA-seq	-	total RNA-seq	CL:0000138	chondrocyte	in_vitro_differentiated_cells	embryonic		encode	single	False	0.14311158657073975	rna_seq		
CL:0000169 total RNA-seq	-	total RNA-seq	CL:0000169	type B pancreatic cell	in_vitro_differentiated_cells	embryonic		encode	single	False	0.1288493126630783	rna_seq		
CL:0000182 total RNA-seq	-	total RNA-seq	CL:0000182	hepatocyte	in_vitro_differentiated_cells	embryonic		encode	paired	False	0.11700818687677383	rna_seq		
CL:0000187 total RNA-seq	-	total RNA-seq	CL:0000187	myocyte	in_vitro_differentiated_cells	adult		encode	paired	False	0.16801898181438446	rna_seq		
CL:0000192 total RNA-seq	-	total RNA-seq	CL:0000192	smooth muscle cell	in_vitro_differentiated_cells	embryonic		encode	paired	False	0.17651152610778809	rna_seq		
CL:0000221 polyA plus RNA-seq	-	polyA plus RNA-seq	CL:0000221	ectodermal cell	in_vitro_differentiated_cells	embryonic		encode	paired	False	0.12823955714702606	rna_seq		
CL:0000222 polyA plus RNA-seq	-	polyA plus RNA-seq	CL:0000222	mesodermal cell	in_vitro_differentiated_cells	embryonic		encode	paired	False	0.2540099322795868	rna_seq		
CL:0000223 polyA plus RNA-seq	-	polyA plus RNA-seq	CL:0000223	endodermal cell	in_vitro_differentiated_cells	embryonic		encode	paired	False	0.18341697752475739	rna_seq		
CL:0000223 total RNA-seq	-	total RNA-seq	CL:0000223	endodermal cell	in_vitro_differentiated_cells	embryonic		encode	single	False	0.0849326029419899	rna_seq		
CL:0000236 polyA plus RNA-seq	-	polyA plus RNA-seq	CL:0000236	B cell	primary_cell	adult		encode	paired	False	0.1000189334154129	rna_seq		
CL:0000236 total RNA-seq	-	total RNA-seq	CL:0000236	B cell	primary_cell	adult		encode	single	False	0.12873651087284088	rna_seq		
CL:0000307 total RNA-seq	-	total RNA-seq	CL:0000307	tracheal epithelial cell	primary_cell	adult		encode	paired	False	0.24377675354480743	rna_seq		
CL:0000312 polyA plus RNA-seq	-	polyA plus RNA-seq	CL:0000312	keratinocyte	primary_cell	unknown		encode	paired	False	0.15834681689739227	rna_seq		
CL:0000346 total RNA-seq	-	total RNA-seq	CL:0000346	hair follicle dermal papilla cell	primary_cell	adult		encode	paired	False	0.10018045455217361	rna_seq		
CL:0000351 polyA plus RNA-seq	-	polyA plus RNA-seq	CL:0000351	trophoblast cell	in_vitro_differentiated_cells	embryonic		encode	paired	False	0.15624946355819702	rna_seq		
CL:0000515 polyA plus RNA-seq	-	polyA plus RNA-seq	CL:0000515	skeletal muscle myoblast	primary_cell	unknown		encode	paired	False	0.23633140325546265	rna_seq		
CL:0000515 total RNA-seq	-	total RNA-seq	CL:0000515	skeletal muscle myoblast	primary_cell	unknown		encode	paired	False	0.21440713107585907	rna_seq		
CL:0000594 total RNA-seq	-	total RNA-seq	CL:0000594	skeletal muscle satellite cell	primary_cell	adult		encode	paired	False	0.15152136981487274	rna_seq		
CL:0000623 polyA plus RNA-seq	-	polyA plus RNA-seq	CL:0000623	natural killer cell	primary_cell	adult		encode	paired	False	0.09810050576925278	rna_seq		
CL:0000623 total RNA-seq	-	total RNA-seq	CL:0000623	natural killer cell	primary_cell	adult		encode	single	False	0.09643229097127914	rna_seq		
CL:0000624 total RNA-seq	-	total RNA-seq	CL:0000624	CD4-positive, alpha-beta T cell	primary_cell	adult		encode	single	False	0.16961726546287537	rna_seq		
CL:0000625 total RNA-seq	-	total RNA-seq	CL:0000625	CD8-positive, alpha-beta T cell	primary_cell	adult		encode	single	False	0.1872248351573944	rna_seq		
CL:0000650 total RNA-seq	-	total RNA-seq	CL:0000650	mesangial cell	primary_cell	unknown,embryonic		encode	paired	False	0.22799433767795563	rna_seq		
CL:0000679 total RNA-seq	-	total RNA-seq	CL:0000679	glutamatergic neuron	in_vitro_differentiated_cells	adult		encode	single	False	0.12083250284194946	rna_seq		
CL:0000746 total RNA-seq	-	total RNA-seq	CL:0000746	cardiac muscle cell	in_vitro_differentiated_cells	embryonic		encode	paired	False	0.12043581157922745	rna_seq		
CL:0000792 total RNA-seq	-	total RNA-seq	CL:0000792	CD4-positive, CD25-positive, alpha-beta regulatory T cell	primary_cell	adult		encode	single	False	0.2166270911693573	rna_seq		
CL:0000837 total RNA-seq	-	total RNA-seq	CL:0000837	hematopoietic multipotent progenitor cell	in_vitro_differentiated_cells	unknown		encode	paired	False	0.08746447414159775	rna_seq		
CL:0000842 total RNA-seq	-	total RNA-seq	CL:0000842	mononuclear cell	primary_cell	adult		encode	paired	False	0.11518890410661697	rna_seq		
CL:0000895 total RNA-seq	-	total RNA-seq	CL:0000895	naive thymus-derived CD4-positive, alpha-beta T cell	primary_cell	adult		encode	single	False	0.10208984464406967	rna_seq		
CL:0000897 total RNA-seq	-	total RNA-seq	CL:0000897	CD4-positive, alpha-beta memory T cell	primary_cell	adult		encode	single	False	0.14780637621879578	rna_seq		
CL:0000899 total RNA-seq	-	total RNA-seq	CL:0000899	T-helper 17 cell	primary_cell	adult		encode	single	False	0.15964914858341217	rna_seq		
CL:0000900 total RNA-seq	-	total RNA-seq	CL:0000900	naive thymus-derived CD8-positive, alpha-beta T cell	primary_cell	adult		encode	single	False	0.15224876999855042	rna_seq		
CL:0000909 total RNA-seq	-	total RNA-seq	CL:0000909	CD8-positive, alpha-beta memory T cell	primary_cell	adult		encode	single	False	0.1914062649011612	rna_seq		
CL:0001054 polyA plus RNA-seq	-	polyA plus RNA-seq	CL:0001054	CD14-positive monocyte	primary_cell	adult		encode	paired	False	0.13608932495117188	rna_seq		
CL:0002098 total RNA-seq	-	total RNA-seq	CL:0002098	regular cardiac myocyte	primary_cell	adult		encode	paired	False	0.12369280308485031	rna_seq		
CL:0002188 total RNA-seq	-	total RNA-seq	CL:0002188	glomerular endothelial cell	primary_cell	embryonic		encode	paired	False	0.15931491553783417	rna_seq		
CL:0002306 total RNA-seq	-	total RNA-seq	CL:0002306	epithelial cell of proximal tubule	primary_cell	unknown		encode	paired	False	0.3053675889968872	rna_seq		
CL:0002319 polyA plus RNA-seq	-	polyA plus RNA-seq	CL:0002319	neural cell	in_vitro_differentiated_cells	embryonic		encode	paired	False	0.3370579481124878	rna_seq		
CL:0002324 polyA plus RNA-seq	-	polyA plus RNA-seq	CL:0002324	myoepithelial cell of mammary gland	primary_cell	adult		encode	paired	False	0.11617916077375412	rna_seq		
CL:0002326 polyA plus RNA-seq	-	polyA plus RNA-seq	CL:0002326	luminal epithelial cell of mammary gland	primary_cell	adult		encode	paired	False	0.10454441606998444	rna_seq		
CL:0002327 polyA plus RNA-seq	-	polyA plus RNA-seq	CL:0002327	mammary epithelial cell	primary_cell	adult		encode	paired	False	0.1524529904127121	rna_seq		
CL:0002327 total RNA-seq	-	total RNA-seq	CL:0002327	mammary epithelial cell	primary_cell	adult		encode	paired	False	0.12234798818826675	rna_seq		
CL:0002328 total RNA-seq	-	total RNA-seq	CL:0002328	bronchial epithelial cell	primary_cell	adult		encode	paired	False	0.11330371350049973	rna_seq		
CL:0002351 total RNA-seq	-	total RNA-seq	CL:0002351	progenitor cell of endocrine pancreas	in_vitro_differentiated_cells	embryonic		encode	single	False	0.11136709153652191	rna_seq		
CL:0002366 total RNA-seq	-	total RNA-seq	CL:0002366	myometrial cell	primary_cell	adult		encode	paired	False	0.6166583299636841	rna_seq		
CL:0002368 total RNA-seq	-	total RNA-seq	CL:0002368	airway epithelial cell	primary_cell	unknown		encode	paired	False	0.26418039202690125	rna_seq		
CL:0002372 total RNA-seq	-	total RNA-seq	CL:0002372	myotube	in_vitro_differentiated_cells	unknown		encode	paired	False	0.27930885553359985	rna_seq		
CL:0002451 polyA plus RNA-seq	-	polyA plus RNA-seq	CL:0002451	mammary stem cell	primary_cell	adult		encode	paired	False	0.10450329631567001	rna_seq		
CL:0002518 total RNA-seq	-	total RNA-seq	CL:0002518	kidney epithelial cell	primary_cell	embryonic,newborn		encode	paired	False	0.21991325914859772	rna_seq		
CL:0002539 total RNA-seq	-	total RNA-seq	CL:0002539	aortic smooth muscle cell	primary_cell	adult		encode	paired	False	0.09520107507705688	rna_seq		
CL:0002540 total RNA-seq	-	total RNA-seq	CL:0002540	mesenchymal stem cell of the bone marrow	primary_cell	adult		encode	paired	False	0.08873797953128815	rna_seq		
CL:0002543 total RNA-seq	-	total RNA-seq	CL:0002543	vein endothelial cell	primary_cell	adult		encode	paired	False	0.10826694965362549	rna_seq		
CL:0002545 total RNA-seq	-	total RNA-seq	CL:0002545	thoracic aorta endothelial cell	primary_cell	adult		encode	paired	False	0.09417527914047241	rna_seq		
CL:0002547 total RNA-seq	-	total RNA-seq	CL:0002547	fibroblast of the aortic adventitia	primary_cell	adult		encode	paired	False	0.09536469727754593	rna_seq		
CL:0002551 total RNA-seq	-	total RNA-seq	CL:0002551	fibroblast of dermis	primary_cell	adult		encode	paired	False	0.08617620915174484	rna_seq		
CL:0002553 polyA plus RNA-seq	-	polyA plus RNA-seq	CL:0002553	fibroblast of lung	primary_cell	adult		encode	paired	False	0.24327409267425537	rna_seq		
CL:0002553 total RNA-seq	-	total RNA-seq	CL:0002553	fibroblast of lung	primary_cell	adult		encode	paired	False	0.09721297770738602	rna_seq		
CL:0002558 total RNA-seq	-	total RNA-seq	CL:0002558	fibroblast of villous mesenchyme	primary_cell	newborn		encode	paired	False	0.09518136084079742	rna_seq		
CL:0002568 total RNA-seq	-	total RNA-seq	CL:0002568	mesenchymal stem cell of Wharton's jelly	primary_cell	newborn		encode	paired	False	0.0961650162935257	rna_seq		
CL:0002570 total RNA-seq	-	total RNA-seq	CL:0002570	mesenchymal stem cell of adipose	primary_cell	adult		encode	paired	False	0.09018003195524216	rna_seq		
CL:0002577 total RNA-seq	-	total RNA-seq	CL:0002577	placental epithelial cell	primary_cell	newborn		encode	paired	False	0.11396694928407669	rna_seq		
CL:0002583 total RNA-seq	-	total RNA-seq	CL:0002583	subcutaneous preadipocyte	primary_cell	adult		encode	paired	False	0.10257883369922638	rna_seq		
CL:0002584 total RNA-seq	-	total RNA-seq	CL:0002584	renal cortical epithelial cell	primary_cell	adult		encode	paired	False	0.10081365704536438	rna_seq		
CL:0002591 total RNA-seq	-	total RNA-seq	CL:0002591	smooth muscle cell of the pulmonary artery	primary_cell	adult		encode	paired	False	0.09092094004154205	rna_seq		
CL:0002592 total RNA-seq	-	total RNA-seq	CL:0002592	smooth muscle cell of the coronary artery	primary_cell	adult		encode	paired	False	0.12711140513420105	rna_seq		
CL:0002594 total RNA-seq	-	total RNA-seq	CL:0002594	smooth muscle cell of the umbilical artery	primary_cell	newborn		encode	paired	False	0.10356000065803528	rna_seq		
CL:0002597 total RNA-seq	-	total RNA-seq	CL:0002597	smooth muscle cell of bladder	primary_cell	adult		encode	paired	False	0.09343661367893219	rna_seq		
CL:0002598 total RNA-seq	-	total RNA-seq	CL:0002598	bronchial smooth muscle cell	primary_cell	adult		encode	paired	False	0.10710306465625763	rna_seq		
CL:0002600 total RNA-seq	-	total RNA-seq	CL:0002600	smooth muscle cell of trachea	primary_cell	adult		encode	paired	False	0.11234711110591888	rna_seq		
CL:0002601 total RNA-seq	-	total RNA-seq	CL:0002601	uterine smooth muscle cell	primary_cell	adult		encode	paired	False	0.09602709114551544	rna_seq		
CL:0002618 polyA plus RNA-seq	-	polyA plus RNA-seq	CL:0002618	endothelial cell of umbilical vein	primary_cell	newborn		encode	paired	False	0.189997598528862	rna_seq		
CL:0002618 total RNA-seq	-	total RNA-seq	CL:0002618	endothelial cell of umbilical vein	primary_cell	newborn		encode	single	False	0.15063536167144775	rna_seq		
CL:0010002 total RNA-seq	-	total RNA-seq	CL:0010002	epithelial cell of umbilical artery	primary_cell	newborn		encode	paired	False	0.15703600645065308	rna_seq		
CL:0010003 total RNA-seq	-	total RNA-seq	CL:0010003	epithelial cell of alveolus of lung	primary_cell	unknown,embryonic		encode	paired	False	0.24646669626235962	rna_seq		
CL:0011012 total RNA-seq	-	total RNA-seq	CL:0011012	neural crest cell	in_vitro_differentiated_cells	embryonic		encode	single	False	0.13397547602653503	rna_seq		
CL:0011019 total RNA-seq	-	total RNA-seq	CL:0011019	mesothelial cell of epicardium	in_vitro_differentiated_cells	embryonic		encode	single	False	0.08205718547105789	rna_seq		
CL:0011020 total RNA-seq	-	total RNA-seq	CL:0011020	neural progenitor cell	in_vitro_differentiated_cells	embryonic		encode	paired	False	0.11665403842926025	rna_seq		
CL:1000458 total RNA-seq	-	total RNA-seq	CL:1000458	melanocyte of skin	primary_cell	adult		encode	paired	False	0.11369024962186813	rna_seq		
CL:1001568 total RNA-seq	-	total RNA-seq	CL:1001568	pulmonary artery endothelial cell	primary_cell	adult		encode	paired	False	0.11397112160921097	rna_seq		
CL:1001606 polyA plus RNA-seq	-	polyA plus RNA-seq	CL:1001606	foreskin keratinocyte	primary_cell	newborn		encode	paired	False	0.1255163997411728	rna_seq		
CL:1001606 total RNA-seq	-	total RNA-seq	CL:1001606	foreskin keratinocyte	primary_cell	newborn		encode	paired	False	0.14636552333831787	rna_seq		
CL:1001608 polyA plus RNA-seq	-	polyA plus RNA-seq	CL:1001608	foreskin fibroblast	primary_cell	newborn		encode	paired	False	0.1319681853055954	rna_seq		
CL:2000001 polyA plus RNA-seq	-	polyA plus RNA-seq	CL:2000001	peripheral blood mononuclear cell	primary_cell	adult		encode	paired	False	0.1745203137397766	rna_seq		
CL:2000007 total RNA-seq	-	total RNA-seq	CL:2000007	articular chondrocyte of knee joint	primary_cell	adult		encode	paired	False	0.08014936000108719	rna_seq		
CL:2000010 total RNA-seq	-	total RNA-seq	CL:2000010	dermis blood vessel endothelial cell	primary_cell	child		encode	paired	False	0.13320288062095642	rna_seq		
CL:2000011 total RNA-seq	-	total RNA-seq	CL:2000011	dermis lymphatic vessel endothelial cell	primary_cell	child,adult		encode	paired	False	0.11345934867858887	rna_seq		
CL:2000016 total RNA-seq	-	total RNA-seq	CL:2000016	lung microvascular endothelial cell	primary_cell	adult		encode	paired	False	0.126098170876503	rna_seq		
CL:2000018 total RNA-seq	-	total RNA-seq	CL:2000018	endothelial cell of coronary artery	primary_cell	adult		encode	paired	False	0.10375294089317322	rna_seq		
CL:2000040 total RNA-seq	-	total RNA-seq	CL:2000040	bladder microvascular endothelial cell	primary_cell	adult		encode	paired	False	0.10876604169607162	rna_seq		
CL:2000041 total RNA-seq	-	total RNA-seq	CL:2000041	dermis microvascular lymphatic vessel endothelial cell	primary_cell	adult		encode	paired	False	0.11738797277212143	rna_seq		
CL:2000045 polyA plus RNA-seq	-	polyA plus RNA-seq	CL:2000045	foreskin melanocyte	primary_cell	newborn		encode	paired	False	0.10135364532470703	rna_seq		
CL:2000066 total RNA-seq	-	total RNA-seq	CL:2000066	cardiac ventricle fibroblast	primary_cell	adult,unknown		encode	paired	False	0.23313458263874054	rna_seq		
CL:2000067 total RNA-seq	-	total RNA-seq	CL:2000067	cardiac atrium fibroblast	primary_cell	child		encode	paired	False	0.45500898361206055	rna_seq		
CL:2000068 total RNA-seq	-	total RNA-seq	CL:2000068	pericardium fibroblast	primary_cell	embryonic,unknown		encode	paired	False	0.4414302408695221	rna_seq		
CL:2000071 total RNA-seq	-	total RNA-seq	CL:2000071	mammary microvascular endothelial cell	primary_cell	adult		encode	paired	False	0.31211143732070923	rna_seq		
CL:2000078 total RNA-seq	-	total RNA-seq	CL:2000078	placental pericyte	primary_cell	newborn		encode	paired	False	0.10321545600891113	rna_seq		
CL:2000092 total RNA-seq	-	total RNA-seq	CL:2000092	hair follicular keratinocyte	primary_cell	adult		encode	paired	False	0.3467121720314026	rna_seq		
CL:2000093 total RNA-seq	-	total RNA-seq	CL:2000093	bronchus fibroblast of lung	primary_cell	unknown		encode	paired	False	0.34249013662338257	rna_seq		
CL:2000094 total RNA-seq	-	total RNA-seq	CL:2000094	nasal cavity respiratory epithelium epithelial cell of viscerocranial mucosa	primary_cell	adult		encode	paired	False	0.09655441343784332	rna_seq		
EFO:0001086 polyA plus RNA-seq	-	polyA plus RNA-seq	EFO:0001086	A549	cell_line	adult		encode	paired	False	0.12940572202205658	rna_seq		
EFO:0001099 total RNA-seq	-	total RNA-seq	EFO:0001099	Caco-2	cell_line	adult		encode	single	False	0.14284469187259674	rna_seq		
EFO:0001187 polyA plus RNA-seq	-	polyA plus RNA-seq	EFO:0001187	HepG2	cell_line	child		encode	paired	False	0.17039045691490173	rna_seq		
EFO:0001187 total RNA-seq	-	total RNA-seq	EFO:0001187	HepG2	cell_line	child		encode	paired	False	0.1829448640346527	rna_seq		
EFO:0001193 total RNA-seq	-	total RNA-seq	EFO:0001193	HT-29	cell_line	adult		encode	paired	False	0.21550512313842773	rna_seq		
EFO:0001196 polyA plus RNA-seq	-	polyA plus RNA-seq	EFO:0001196	IMR-90	cell_line	embryonic		encode	paired	False	0.20879118144512177	rna_seq		
EFO:0001196 total RNA-seq	-	total RNA-seq	EFO:0001196	IMR-90	cell_line	embryonic		encode	paired	False	0.11308588832616806	rna_seq		
EFO:0001200 total RNA-seq	-	total RNA-seq	EFO:0001200	MCF 10A	cell_line	adult		encode	single	False	0.16067937016487122	rna_seq		
EFO:0001203 polyA plus RNA-seq	-	polyA plus RNA-seq	EFO:0001203	MCF-7	cell_line	adult		encode	paired	False	0.12140543013811111	rna_seq		
EFO:0001203 total RNA-seq	-	total RNA-seq	EFO:0001203	MCF-7	cell_line	adult		encode	single	False	0.19371487200260162	rna_seq		
EFO:0002059 polyA plus RNA-seq	-	polyA plus RNA-seq	EFO:0002059	HT1080	cell_line	adult		encode	paired	False	0.17536093294620514	rna_seq		
EFO:0002059 total RNA-seq	-	total RNA-seq	EFO:0002059	HT1080	cell_line	adult		encode	paired	False	0.26604166626930237	rna_seq		
EFO:0002067 polyA plus RNA-seq	-	polyA plus RNA-seq	EFO:0002067	K562	cell_line	adult		encode	paired	False	0.12911121547222137	rna_seq		
EFO:0002067 total RNA-seq	-	total RNA-seq	EFO:0002067	K562	cell_line	adult		encode	paired	False	0.09864901006221771	rna_seq		
EFO:0002074 total RNA-seq	-	total RNA-seq	EFO:0002074	PC-3	cell_line	adult		encode	paired	False	0.19547946751117706	rna_seq		
EFO:0002101 total RNA-seq	-	total RNA-seq	EFO:0002101	A172	cell_line	adult		encode	paired	False	0.28052324056625366	rna_seq		
EFO:0002103 total RNA-seq	-	total RNA-seq	EFO:0002103	A375	cell_line	adult		encode	paired	False	0.15175825357437134	rna_seq		
EFO:0002106 total RNA-seq	-	total RNA-seq	EFO:0002106	A673	cell_line	child		encode	single	False	0.13962921500205994	rna_seq		
EFO:0002150 total RNA-seq	-	total RNA-seq	EFO:0002150	Caki2	cell_line	adult		encode	paired	False	0.9990426301956177	rna_seq		
EFO:0002179 total RNA-seq	-	total RNA-seq	EFO:0002179	G401	cell_line	child		encode	paired	False	0.5957048535346985	rna_seq		
EFO:0002184 total RNA-seq	-	total RNA-seq	EFO:0002184	H4	cell_line	adult		encode	paired	False	0.5086643099784851	rna_seq		
EFO:0002234 total RNA-seq	-	total RNA-seq	EFO:0002234	MG63	cell_line	child		encode	paired	False	0.769120454788208	rna_seq		
EFO:0002330 total RNA-seq	-	total RNA-seq	EFO:0002330	SJSA1	cell_line	adult		encode	paired	False	0.21904774010181427	rna_seq		
EFO:0002713 total RNA-seq	-	total RNA-seq	EFO:0002713	Panc1	cell_line	adult		encode	single	False	0.23880760371685028	rna_seq		
EFO:0002779 polyA plus RNA-seq	-	polyA plus RNA-seq	EFO:0002779	BJ	cell_line	newborn		encode	paired	False	0.21585357189178467	rna_seq		
EFO:0002784 polyA plus RNA-seq	-	polyA plus RNA-seq	EFO:0002784	GM12878	cell_line	adult		encode	paired	False	0.10530221462249756	rna_seq		
EFO:0002784 total RNA-seq	-	total RNA-seq	EFO:0002784	GM12878	cell_line	adult		encode	paired	False	0.1013726070523262	rna_seq		
EFO:0002791 polyA plus RNA-seq	-	polyA plus RNA-seq	EFO:0002791	HeLa-S3	cell_line	adult		encode	paired	False	0.15916843712329865	rna_seq		
EFO:0002819 total RNA-seq	-	total RNA-seq	EFO:0002819	Calu3	cell_line	adult		encode	single	False	0.136725053191185	rna_seq		
EFO:0002824 total RNA-seq	-	total RNA-seq	EFO:0002824	HCT116	cell_line	adult		encode	single	False	0.2341846525669098	rna_seq		
EFO:0002847 total RNA-seq	-	total RNA-seq	EFO:0002847	PC-9	cell_line	unknown		encode	single	False	0.13823053240776062	rna_seq		
EFO:0003042 polyA plus RNA-seq	-	polyA plus RNA-seq	EFO:0003042	H1	cell_line	embryonic		encode	paired	False	0.10293757915496826	rna_seq		
EFO:0003042 total RNA-seq	-	total RNA-seq	EFO:0003042	H1	cell_line	embryonic		encode	single	False	0.1727115660905838	rna_seq		
EFO:0003044 polyA plus RNA-seq	-	polyA plus RNA-seq	EFO:0003044	NCI-H460	cell_line	unknown		encode	paired	False	0.37686166167259216	rna_seq		
EFO:0003044 total RNA-seq	-	total RNA-seq	EFO:0003044	NCI-H460	cell_line	unknown		encode	paired	False	0.14361432194709778	rna_seq		
EFO:0003045 total RNA-seq	-	total RNA-seq	EFO:0003045	H9	cell_line	embryonic		encode	single	False	0.1480276882648468	rna_seq		
EFO:0003072 polyA plus RNA-seq	-	polyA plus RNA-seq	EFO:0003072	SK-N-SH	cell_line	child		encode	paired	False	0.19397687911987305	rna_seq		
EFO:0005697 total RNA-seq	-	total RNA-seq	EFO:0005697	M059J	cell_line	adult		encode	paired	False	0.4214603304862976	rna_seq		
EFO:0005698 total RNA-seq	-	total RNA-seq	EFO:0005698	Daoy	cell_line	child		encode	paired	False	0.3396725654602051	rna_seq		
EFO:0005712 total RNA-seq	-	total RNA-seq	EFO:0005712	RPMI7951	cell_line	adult		encode	paired	False	0.23329555988311768	rna_seq		
EFO:0005714 total RNA-seq	-	total RNA-seq	EFO:0005714	LHCN-M2	cell_line	adult		encode	paired	False	0.18331725895404816	rna_seq		
EFO:0005719 total RNA-seq	-	total RNA-seq	EFO:0005719	Karpas-422	cell_line	adult		encode	paired	False	0.16822701692581177	rna_seq		
EFO:0005720 polyA plus RNA-seq	-	polyA plus RNA-seq	EFO:0005720	SK-MEL-5	cell_line	adult		encode	paired	False	0.225653737783432	rna_seq		
EFO:0005720 total RNA-seq	-	total RNA-seq	EFO:0005720	SK-MEL-5	cell_line	adult		encode	paired	False	0.18815664947032928	rna_seq		
EFO:0005721 polyA plus RNA-seq	-	polyA plus RNA-seq	EFO:0005721	SK-N-DZ	cell_line	child		encode	paired	False	0.2373400777578354	rna_seq		
EFO:0005722 total RNA-seq	-	total RNA-seq	EFO:0005722	SJCRH30	cell_line	child		encode	paired	False	0.11020320653915405	rna_seq		
EFO:0005723 total RNA-seq	-	total RNA-seq	EFO:0005723	GM23248	cell_line	adult		encode	paired	False	0.3644750416278839	rna_seq		
EFO:0005904 total RNA-seq	-	total RNA-seq	EFO:0005904	H7	cell_line	embryonic		encode	paired	False	0.19296839833259583	rna_seq		
EFO:0006270 polyA plus RNA-seq	-	polyA plus RNA-seq	EFO:0006270	AG04450	cell_line	embryonic		encode	paired	False	0.1846042424440384	rna_seq		
EFO:0006711 total RNA-seq	-	total RNA-seq	EFO:0006711	OCI-LY7	cell_line	adult		encode	paired	False	0.14875547587871552	rna_seq		
EFO:0007089 polyA plus RNA-seq	-	polyA plus RNA-seq	EFO:0007089	HUES64	cell_line	embryonic		encode	paired	False	0.29977187514305115	rna_seq		
EFO:0007950 total RNA-seq	-	total RNA-seq	EFO:0007950	GM23338	cell_line	adult		encode	paired	False	0.10916931182146072	rna_seq		
EFO:0009318 total RNA-seq	-	total RNA-seq	EFO:0009318	HFFc6	cell_line	newborn		encode	single	False	0.10509984195232391	rna_seq		
EFO:0009747 total RNA-seq	-	total RNA-seq	EFO:0009747	WTC11	cell_line	adult		encode	single	False	0.11312755942344666	rna_seq		
EFO:0030018 polyA plus RNA-seq	-	polyA plus RNA-seq	EFO:0030018	BLaER1	cell_line	unknown		encode	paired	False	0.15814301371574402	rna_seq		
NTR:0000427 polyA plus RNA-seq	-	polyA plus RNA-seq	NTR:0000427	neurosphere	primary_cell	embryonic		encode	paired	False	0.07274492084980011	rna_seq		
NTR:0000491 total RNA-seq	-	total RNA-seq	NTR:0000491	Right ventricle myocardium inferior	tissue	adult		encode	single	False	0.32427701354026794	rna_seq		
NTR:0000492 total RNA-seq	-	total RNA-seq	NTR:0000492	Right ventricle myocardium superior	tissue	adult		encode	single	False	0.288472443819046	rna_seq		
NTR:0000493 total RNA-seq	-	total RNA-seq	NTR:0000493	left ventricle myocardium inferior	tissue	adult		encode	single	False	0.3049757480621338	rna_seq		
NTR:0000494 total RNA-seq	-	total RNA-seq	NTR:0000494	left ventricle myocardium superior	tissue	adult		encode	single	False	0.3131106197834015	rna_seq		
NTR:0000856 polyA plus RNA-seq	-	polyA plus RNA-seq	NTR:0000856	mesendoderm	in_vitro_differentiated_cells	embryonic		encode	paired	False	0.163086399435997	rna_seq		
NTR:0003013 polyA plus RNA-seq	-	polyA plus RNA-seq	NTR:0003013	placental basal plate	tissue	embryonic		encode	paired	False	0.07087478041648865	rna_seq		
UBERON:0000016 polyA plus RNA-seq	-	polyA plus RNA-seq	UBERON:0000016	endocrine pancreas	tissue	adult		encode	paired	False	0.08397355675697327	rna_seq		
UBERON:0000019 total RNA-seq	-	total RNA-seq	UBERON:0000019	camera-type eye	tissue	embryonic		encode	paired	False	0.0823257565498352	rna_seq		
UBERON:0000056 total RNA-seq	-	total RNA-seq	UBERON:0000056	ureter	tissue	adult		encode	single	False	0.1433965563774109	rna_seq		
UBERON:0000081 total RNA-seq	-	total RNA-seq	UBERON:0000081	metanephros	tissue	embryonic		encode	paired	False	0.06954433768987656	rna_seq		
UBERON:0000088 polyA plus RNA-seq	-	polyA plus RNA-seq	UBERON:0000088	trophoblast	tissue	embryonic		encode	paired	False	0.06895212084054947	rna_seq		
UBERON:0000305 polyA plus RNA-seq	-	polyA plus RNA-seq	UBERON:0000305	amnion	tissue	embryonic		encode	paired	False	0.05813951417803764	rna_seq		
UBERON:0000317 total RNA-seq	-	total RNA-seq	UBERON:0000317	colonic mucosa	tissue	adult		encode	single	False	0.23028472065925598	rna_seq		
UBERON:0000473 polyA plus RNA-seq	-	polyA plus RNA-seq	UBERON:0000473	testis	tissue	adult		encode	paired	False	0.1770746260881424	rna_seq		
UBERON:0000473 total RNA-seq	-	total RNA-seq	UBERON:0000473	testis	tissue	adult		encode	paired	False	0.05251283198595047	rna_seq		
UBERON:0000945 polyA plus RNA-seq	-	polyA plus RNA-seq	UBERON:0000945	stomach	tissue	adult		encode	paired	False	0.4686560034751892	rna_seq		
UBERON:0000945 total RNA-seq	-	total RNA-seq	UBERON:0000945	stomach	tissue	adult		encode	paired	False	0.21596461534500122	rna_seq		
UBERON:0000947 polyA plus RNA-seq	-	polyA plus RNA-seq	UBERON:0000947	aorta	tissue	adult		encode	paired	False	0.3552292287349701	rna_seq		
UBERON:0000947 total RNA-seq	-	total RNA-seq	UBERON:0000947	aorta	tissue	adult		encode	single	False	0.10199231654405594	rna_seq		
UBERON:0000948 polyA plus RNA-seq	-	polyA plus RNA-seq	UBERON:0000948	heart	tissue	adult		encode	paired	False	0.3406100273132324	rna_seq		
UBERON:0000948 total RNA-seq	-	total RNA-seq	UBERON:0000948	heart	tissue	adult		encode	paired	False	0.08766400068998337	rna_seq		
UBERON:0000955 polyA plus RNA-seq	-	polyA plus RNA-seq	UBERON:0000955	brain	tissue	adult		encode	paired	False	0.6184623837471008	rna_seq		
UBERON:0000992 polyA plus RNA-seq	-	polyA plus RNA-seq	UBERON:0000992	ovary	tissue	adult		encode	paired	False	0.12122903764247894	rna_seq		
UBERON:0000992 total RNA-seq	-	total RNA-seq	UBERON:0000992	ovary	tissue	adult		encode	paired	False	0.11545416712760925	rna_seq		
UBERON:0000995 total RNA-seq	-	total RNA-seq	UBERON:0000995	uterus	tissue	adult		encode	paired	False	0.36165136098861694	rna_seq		
UBERON:0000996 total RNA-seq	-	total RNA-seq	UBERON:0000996	vagina	tissue	adult		encode	paired	False	0.23906712234020233	rna_seq		
UBERON:0001013 polyA plus RNA-seq	-	polyA plus RNA-seq	UBERON:0001013	adipose tissue	tissue	adult		encode	paired	False	0.16599632799625397	rna_seq		
UBERON:0001043 polyA plus RNA-seq	-	polyA plus RNA-seq	UBERON:0001043	esophagus	tissue	adult		encode	paired	False	0.09775491803884506	rna_seq		
UBERON:0001072 total RNA-seq	-	total RNA-seq	UBERON:0001072	posterior vena cava	tissue	adult		encode	single	False	0.12246505171060562	rna_seq		
UBERON:0001114 total RNA-seq	-	total RNA-seq	UBERON:0001114	right lobe of liver	tissue	adult		encode	paired	False	0.1526584029197693	rna_seq		
UBERON:0001115 total RNA-seq	-	total RNA-seq	UBERON:0001115	left lobe of liver	tissue	adult		encode	single	False	0.2238539606332779	rna_seq		
UBERON:0001134 total RNA-seq	-	total RNA-seq	UBERON:0001134	skeletal muscle tissue	tissue	embryonic		encode	paired	False	0.10401706397533417	rna_seq		
UBERON:0001150 total RNA-seq	-	total RNA-seq	UBERON:0001150	body of pancreas	tissue	adult		encode	paired	False	0.14467252790927887	rna_seq		
UBERON:0001157 total RNA-seq	-	total RNA-seq	UBERON:0001157	transverse colon	tissue	adult		encode	paired	False	0.09727869927883148	rna_seq		
UBERON:0001159 polyA plus RNA-seq	-	polyA plus RNA-seq	UBERON:0001159	sigmoid colon	tissue	adult		encode	paired	False	0.3216996192932129	rna_seq		
UBERON:0001159 total RNA-seq	-	total RNA-seq	UBERON:0001159	sigmoid colon	tissue	adult		encode	paired	False	0.09938795119524002	rna_seq		
UBERON:0001211 total RNA-seq	-	total RNA-seq	UBERON:0001211	Peyer's patch	tissue	adult		encode	paired	False	0.10744151473045349	rna_seq		
UBERON:0001255 polyA plus RNA-seq	-	polyA plus RNA-seq	UBERON:0001255	urinary bladder	tissue	child		encode	paired	False	0.2732574939727783	rna_seq		
UBERON:0001255 total RNA-seq	-	total RNA-seq	UBERON:0001255	urinary bladder	tissue	embryonic		encode	paired	False	0.06832712143659592	rna_seq		
UBERON:0001264 polyA plus RNA-seq	-	polyA plus RNA-seq	UBERON:0001264	pancreas	tissue	adult		encode	paired	False	0.1047201007604599	rna_seq		
UBERON:0001264 total RNA-seq	-	total RNA-seq	UBERON:0001264	pancreas	tissue	adult		encode	single	False	0.10486374795436859	rna_seq		
UBERON:0001322 total RNA-seq	-	total RNA-seq	UBERON:0001322	sciatic nerve	tissue	adult		encode	single	False	0.12967179715633392	rna_seq		
UBERON:0001323 total RNA-seq	-	total RNA-seq	UBERON:0001323	tibial nerve	tissue	adult		encode	paired	False	0.1041068583726883	rna_seq		
UBERON:0001383 polyA plus RNA-seq	-	polyA plus RNA-seq	UBERON:0001383	muscle of leg	tissue	embryonic		encode	paired	False	0.09429461508989334	rna_seq		
UBERON:0001496 total RNA-seq	-	total RNA-seq	UBERON:0001496	ascending aorta	tissue	adult		encode	paired	False	0.8633086085319519	rna_seq		
UBERON:0001515 total RNA-seq	-	total RNA-seq	UBERON:0001515	thoracic aorta	tissue	adult		encode	paired	False	0.10150252282619476	rna_seq		
UBERON:0001723 total RNA-seq	-	total RNA-seq	UBERON:0001723	tongue	tissue	embryonic		encode	paired	False	0.13978645205497742	rna_seq		
UBERON:0001870 total RNA-seq	-	total RNA-seq	UBERON:0001870	frontal cortex	tissue	embryonic		encode	paired	False	0.08561448007822037	rna_seq		
UBERON:0001871 total RNA-seq	-	total RNA-seq	UBERON:0001871	temporal lobe	tissue	embryonic		encode	paired	False	0.09795684367418289	rna_seq		
UBERON:0001872 total RNA-seq	-	total RNA-seq	UBERON:0001872	parietal lobe	tissue	embryonic		encode	paired	False	0.06359224021434784	rna_seq		
UBERON:0001894 total RNA-seq	-	total RNA-seq	UBERON:0001894	diencephalon	tissue	embryonic		encode	paired	False	0.07281812280416489	rna_seq		
UBERON:0001987 polyA plus RNA-seq	-	polyA plus RNA-seq	UBERON:0001987	placenta	tissue	embryonic		encode	paired	False	0.1648215502500534	rna_seq		
UBERON:0001987 total RNA-seq	-	total RNA-seq	UBERON:0001987	placenta	tissue	embryonic		encode	single	False	0.0722145363688469	rna_seq		
UBERON:0002021 total RNA-seq	-	total RNA-seq	UBERON:0002021	occipital lobe	tissue	embryonic		encode	paired	False	0.07937046885490417	rna_seq		
UBERON:0002037 polyA plus RNA-seq	-	polyA plus RNA-seq	UBERON:0002037	cerebellum	tissue	embryonic		encode	paired	False	0.09561976045370102	rna_seq		
UBERON:0002037 total RNA-seq	-	total RNA-seq	UBERON:0002037	cerebellum	tissue	embryonic		encode	paired	False	0.04635050147771835	rna_seq		
UBERON:0002046 total RNA-seq	-	total RNA-seq	UBERON:0002046	thyroid gland	tissue	adult		encode	paired	False	0.07622677832841873	rna_seq		
UBERON:0002048 polyA plus RNA-seq	-	polyA plus RNA-seq	UBERON:0002048	lung	tissue	adult		encode	paired	False	0.11917171627283096	rna_seq		
UBERON:0002048 total RNA-seq	-	total RNA-seq	UBERON:0002048	lung	tissue	embryonic		encode	paired	False	0.08134463429450989	rna_seq		
UBERON:0002078 polyA plus RNA-seq	-	polyA plus RNA-seq	UBERON:0002078	right cardiac atrium	tissue	adult		encode	paired	False	0.10576710104942322	rna_seq		
UBERON:0002078 total RNA-seq	-	total RNA-seq	UBERON:0002078	right cardiac atrium	tissue	adult		encode	single	False	0.12184100598096848	rna_seq		
UBERON:0002079 total RNA-seq	-	total RNA-seq	UBERON:0002079	left cardiac atrium	tissue	adult		encode	single	False	0.15789535641670227	rna_seq		
UBERON:0002080 polyA plus RNA-seq	-	polyA plus RNA-seq	UBERON:0002080	heart right ventricle	tissue	adult		encode	paired	False	0.17129531502723694	rna_seq		
UBERON:0002080 total RNA-seq	-	total RNA-seq	UBERON:0002080	heart right ventricle	tissue	adult		encode	single	False	0.1052015945315361	rna_seq		
UBERON:0002084 polyA plus RNA-seq	-	polyA plus RNA-seq	UBERON:0002084	heart left ventricle	tissue	adult		encode	paired	False	0.13251028954982758	rna_seq		
UBERON:0002084 total RNA-seq	-	total RNA-seq	UBERON:0002084	heart left ventricle	tissue	adult		encode	paired	False	0.2699129581451416	rna_seq		
UBERON:0002097 total RNA-seq	-	total RNA-seq	UBERON:0002097	skin of body	tissue	embryonic		encode	paired	False	0.07668855786323547	rna_seq		
UBERON:0002099 total RNA-seq	-	total RNA-seq	UBERON:0002099	cardiac septum	tissue	adult		encode	single	False	0.200953409075737	rna_seq		
UBERON:0002106 polyA plus RNA-seq	-	polyA plus RNA-seq	UBERON:0002106	spleen	tissue	adult		encode	paired	False	0.12643910944461823	rna_seq		
UBERON:0002106 total RNA-seq	-	total RNA-seq	UBERON:0002106	spleen	tissue	adult		encode	paired	False	0.08943069726228714	rna_seq		
UBERON:0002107 polyA plus RNA-seq	-	polyA plus RNA-seq	UBERON:0002107	liver	tissue	child		encode	paired	False	0.37201911211013794	rna_seq		
UBERON:0002107 total RNA-seq	-	total RNA-seq	UBERON:0002107	liver	tissue	embryonic		encode	paired	False	0.1001405194401741	rna_seq		
UBERON:0002108 polyA plus RNA-seq	-	polyA plus RNA-seq	UBERON:0002108	small intestine	tissue	adult		encode	paired	False	0.5083299279212952	rna_seq		
UBERON:0002113 polyA plus RNA-seq	-	polyA plus RNA-seq	UBERON:0002113	kidney	tissue	adult		encode	paired	False	0.5964622497558594	rna_seq		
UBERON:0002113 total RNA-seq	-	total RNA-seq	UBERON:0002113	kidney	tissue	adult		encode	single	False	0.13756509125232697	rna_seq		
UBERON:0002168 total RNA-seq	-	total RNA-seq	UBERON:0002168	left lung	tissue	adult		encode	single	False	0.15085317194461823	rna_seq		
UBERON:0002170 total RNA-seq	-	total RNA-seq	UBERON:0002170	upper lobe of right lung	tissue	adult		encode	single	False	0.18277625739574432	rna_seq		
UBERON:0002171 total RNA-seq	-	total RNA-seq	UBERON:0002171	lower lobe of right lung	tissue	adult		encode	single	False	0.16713519394397736	rna_seq		
UBERON:0002190 total RNA-seq	-	total RNA-seq	UBERON:0002190	subcutaneous adipose tissue	tissue	adult		encode	paired	False	0.09430896490812302	rna_seq		
UBERON:0002240 polyA plus RNA-seq	-	polyA plus RNA-seq	UBERON:0002240	spinal cord	tissue	embryonic		encode	paired	False	0.08339249342679977	rna_seq		
UBERON:0002240 total RNA-seq	-	total RNA-seq	UBERON:0002240	spinal cord	tissue	embryonic		encode	paired	False	0.06603524088859558	rna_seq		
UBERON:0002331 total RNA-seq	-	total RNA-seq	UBERON:0002331	umbilical cord	tissue	embryonic		encode	paired	False	0.04299703985452652	rna_seq		
UBERON:0002367 total RNA-seq	-	total RNA-seq	UBERON:0002367	prostate gland	tissue	adult		encode	paired	False	0.13585683703422546	rna_seq		
UBERON:0002369 polyA plus RNA-seq	-	polyA plus RNA-seq	UBERON:0002369	adrenal gland	tissue	adult		encode	paired	False	0.10644026100635529	rna_seq		
UBERON:0002369 total RNA-seq	-	total RNA-seq	UBERON:0002369	adrenal gland	tissue	adult		encode	paired	False	0.09952406585216522	rna_seq		
UBERON:0002370 polyA plus RNA-seq	-	polyA plus RNA-seq	UBERON:0002370	thymus	tissue	embryonic		encode	paired	False	0.13122648000717163	rna_seq		
UBERON:0002469 total RNA-seq	-	total RNA-seq	UBERON:0002469	esophagus mucosa	tissue	adult		encode	single	False	0.2322499006986618	rna_seq		
UBERON:0003124 polyA plus RNA-seq	-	polyA plus RNA-seq	UBERON:0003124	chorion	tissue	embryonic		encode	paired	False	0.08912248909473419	rna_seq		
UBERON:0004264 total RNA-seq	-	total RNA-seq	UBERON:0004264	lower leg skin	tissue	adult		encode	paired	False	0.12619370222091675	rna_seq		
UBERON:0004550 total RNA-seq	-	total RNA-seq	UBERON:0004550	gastroesophageal sphincter	tissue	adult		encode	paired	False	0.09521754086017609	rna_seq		
UBERON:0004648 total RNA-seq	-	total RNA-seq	UBERON:0004648	esophagus muscularis mucosa	tissue	adult		encode	paired	False	0.1068030372262001	rna_seq		
UBERON:0004992 total RNA-seq	-	total RNA-seq	UBERON:0004992	mucosa of descending colon	tissue	adult		encode	single	False	0.10411433130502701	rna_seq		
UBERON:0005033 total RNA-seq	-	total RNA-seq	UBERON:0005033	mucosa of gallbladder	tissue	child		encode	single	False	0.1606866717338562	rna_seq		
UBERON:0006631 total RNA-seq	-	total RNA-seq	UBERON:0006631	right atrium auricular region	tissue	adult		encode	paired	False	0.196689173579216	rna_seq		
UBERON:0006920 total RNA-seq	-	total RNA-seq	UBERON:0006920	esophagus squamous epithelium	tissue	adult		encode	paired	False	0.09920122474431992	rna_seq		
UBERON:0007106 polyA plus RNA-seq	-	polyA plus RNA-seq	UBERON:0007106	chorionic villus	tissue	embryonic		encode	paired	False	0.06965987384319305	rna_seq		
UBERON:0008367 total RNA-seq	-	total RNA-seq	UBERON:0008367	breast epithelium	tissue	adult		encode	paired	False	0.07852068543434143	rna_seq		
UBERON:0008450 polyA plus RNA-seq	-	polyA plus RNA-seq	UBERON:0008450	psoas muscle	tissue	adult		encode	paired	False	0.14193594455718994	rna_seq		
UBERON:0008450 total RNA-seq	-	total RNA-seq	UBERON:0008450	psoas muscle	tissue	adult		encode	single	False	0.19859784841537476	rna_seq		
UBERON:0008952 total RNA-seq	-	total RNA-seq	UBERON:0008952	upper lobe of left lung	tissue	adult		encode	paired	False	0.0914291962981224	rna_seq		
UBERON:0008953 total RNA-seq	-	total RNA-seq	UBERON:0008953	lower lobe of left lung	tissue	adult		encode	single	False	0.10869968682527542	rna_seq		
UBERON:0008971 total RNA-seq	-	total RNA-seq	UBERON:0008971	left colon	tissue	adult		encode	single	False	0.1311025470495224	rna_seq		
UBERON:0009834 total RNA-seq	-	total RNA-seq	UBERON:0009834	dorsolateral prefrontal cortex	tissue	adult		encode	single	False	0.03440511226654053	rna_seq		
UBERON:0010414 total RNA-seq	-	total RNA-seq	UBERON:0010414	omental fat pad	tissue	adult		encode	paired	False	0.08247236907482147	rna_seq		
UBERON:0011907 total RNA-seq	-	total RNA-seq	UBERON:0011907	gastrocnemius medialis	tissue	adult		encode	paired	False	0.14263799786567688	rna_seq		
UBERON:0015143 total RNA-seq	-	total RNA-seq	UBERON:0015143	mesenteric fat pad	tissue	adult		encode	single	False	0.17646285891532898	rna_seq		
UBERON:0036149 total RNA-seq	-	total RNA-seq	UBERON:0036149	suprapubic skin	tissue	adult		encode	paired	False	0.10089779645204544	rna_seq		
UBERON:1000010 polyA plus RNA-seq	-	polyA plus RNA-seq	UBERON:1000010	mole	tissue	unknown		encode	paired	False	0.14376847445964813	rna_seq		
CL:0000100 total RNA-seq	.	total RNA-seq	CL:0000100	motor neuron	in_vitro_differentiated_cells	adult		encode	paired	False	0.036661237478256226	rna_seq		
CL:0000121 polyA plus RNA-seq	.	polyA plus RNA-seq	CL:0000121	Purkinje cell	primary_cell	child		encode	single	False	0.37860918045043945	rna_seq		
CL:0000182 polyA plus RNA-seq	.	polyA plus RNA-seq	CL:0000182	hepatocyte	in_vitro_differentiated_cells	embryonic		encode	single	False	0.21901962161064148	rna_seq		
CL:0000187 polyA plus RNA-seq	.	polyA plus RNA-seq	CL:0000187	myocyte	in_vitro_differentiated_cells	adult		encode	paired	False	0.1964004784822464	rna_seq		
CL:0000192 polyA plus RNA-seq	.	polyA plus RNA-seq	CL:0000192	smooth muscle cell	in_vitro_differentiated_cells	embryonic		encode	single	False	0.31745073199272156	rna_seq		
CL:0000312 polyA plus RNA-seq	.	polyA plus RNA-seq	CL:0000312	keratinocyte	primary_cell	unknown		encode	paired	False	0.21481777727603912	rna_seq		
CL:0000515 polyA plus RNA-seq	.	polyA plus RNA-seq	CL:0000515	skeletal muscle myoblast	primary_cell	unknown		encode	paired	False	0.4000442624092102	rna_seq		
CL:0000624 polyA plus RNA-seq	.	polyA plus RNA-seq	CL:0000624	CD4-positive, alpha-beta T cell	primary_cell	adult		encode	paired	False	0.13023579120635986	rna_seq		
CL:0000625 polyA plus RNA-seq	.	polyA plus RNA-seq	CL:0000625	CD8-positive, alpha-beta T cell	primary_cell	adult		encode	paired	False	0.12493370473384857	rna_seq		
CL:0000746 polyA plus RNA-seq	.	polyA plus RNA-seq	CL:0000746	cardiac muscle cell	in_vitro_differentiated_cells	embryonic		encode	single	False	0.2051399201154709	rna_seq		
CL:0000788 polyA plus RNA-seq	.	polyA plus RNA-seq	CL:0000788	naive B cell	primary_cell	unknown		encode	paired	False	0.23227384686470032	rna_seq		
CL:0000792 polyA plus RNA-seq	.	polyA plus RNA-seq	CL:0000792	CD4-positive, CD25-positive, alpha-beta regulatory T cell	primary_cell	unknown		encode	paired	False	0.2904275953769684	rna_seq		
CL:0000823 polyA plus RNA-seq	.	polyA plus RNA-seq	CL:0000823	immature natural killer cell	primary_cell	unknown		encode	paired	False	0.3934170603752136	rna_seq		
CL:0000895 polyA plus RNA-seq	.	polyA plus RNA-seq	CL:0000895	naive thymus-derived CD4-positive, alpha-beta T cell	primary_cell	unknown		encode	paired	False	0.36405277252197266	rna_seq		
CL:0000897 polyA plus RNA-seq	.	polyA plus RNA-seq	CL:0000897	CD4-positive, alpha-beta memory T cell	primary_cell	unknown		encode	paired	False	0.3783103823661804	rna_seq		
CL:0000900 polyA plus RNA-seq	.	polyA plus RNA-seq	CL:0000900	naive thymus-derived CD8-positive, alpha-beta T cell	primary_cell	unknown		encode	paired	False	0.3450876772403717	rna_seq		
CL:0000909 polyA plus RNA-seq	.	polyA plus RNA-seq	CL:0000909	CD8-positive, alpha-beta memory T cell	primary_cell	unknown		encode	paired	False	0.5657815933227539	rna_seq		
CL:0001053 polyA plus RNA-seq	.	polyA plus RNA-seq	CL:0001053	IgD-negative memory B cell	primary_cell	unknown		encode	paired	False	0.5707902908325195	rna_seq		
CL:0001054 polyA plus RNA-seq	.	polyA plus RNA-seq	CL:0001054	CD14-positive monocyte	primary_cell	unknown		encode	paired	False	0.6615868806838989	rna_seq		
CL:0001059 polyA plus RNA-seq	.	polyA plus RNA-seq	CL:0001059	common myeloid progenitor, CD34-positive	primary_cell	adult		encode	paired	False	0.17284150421619415	rna_seq		
CL:0002553 polyA plus RNA-seq	.	polyA plus RNA-seq	CL:0002553	fibroblast of lung	primary_cell	unknown		encode	paired	False	0.46712785959243774	rna_seq		
CL:0002618 polyA plus RNA-seq	.	polyA plus RNA-seq	CL:0002618	endothelial cell of umbilical vein	primary_cell	newborn		encode	paired	False	0.34657302498817444	rna_seq		
CL:0011022 polyA plus RNA-seq	.	polyA plus RNA-seq	CL:0011022	fibroblast of skin of back	primary_cell	embryonic		encode	single	False	0.7832281589508057	rna_seq		
CL:2000013 polyA plus RNA-seq	.	polyA plus RNA-seq	CL:2000013	fibroblast of skin of abdomen	primary_cell	embryonic		encode	single	False	0.6885204911231995	rna_seq		
CLO:0007045 polyA plus RNA-seq	.	polyA plus RNA-seq	CLO:0007045	Jurkat, Clone E6-1	cell_line	child		encode	single	False	1.3723630905151367	rna_seq		
EFO:0000572 gtex Cells_EBV-transformed_lymphocytes polyA plus RNA-seq	.	polyA plus RNA-seq	EFO:0000572	lymphoblast	tissue	adult	Cells_EBV-transformed_lymphocytes	gtex	paired	False	0.06413153558969498	rna_seq		
EFO:0001187 polyA plus RNA-seq	.	polyA plus RNA-seq	EFO:0001187	HepG2	cell_line	child		encode	paired	False	0.2669706642627716	rna_seq		
EFO:0001203 polyA plus RNA-seq	.	polyA plus RNA-seq	EFO:0001203	MCF-7	cell_line	adult		encode	paired	False	0.2495776116847992	rna_seq		
EFO:0002009 gtex Cells_Cultured_fibroblasts polyA plus RNA-seq	.	polyA plus RNA-seq	EFO:0002009	fibroblast derived cell line	tissue	adult	Cells_Cultured_fibroblasts	gtex	paired	False	0.05656168609857559	rna_seq		
EFO:0002067 polyA plus RNA-seq	.	polyA plus RNA-seq	EFO:0002067	K562	cell_line	adult		encode	paired	False	0.24082602560520172	rna_seq		
EFO:0002713 polyA plus RNA-seq	.	polyA plus RNA-seq	EFO:0002713	Panc1	cell_line	adult		encode	single	False	1.0050067901611328	rna_seq		
EFO:0002784 polyA plus RNA-seq	.	polyA plus RNA-seq	EFO:0002784	GM12878	cell_line	adult		encode	paired	False	0.24893425405025482	rna_seq		
EFO:0002785 polyA plus RNA-seq	.	polyA plus RNA-seq	EFO:0002785	GM12891	cell_line	unknown		encode	paired	False	0.2509686350822449	rna_seq		
EFO:0002786 polyA plus RNA-seq	.	polyA plus RNA-seq	EFO:0002786	GM12892	cell_line	unknown		encode	paired	False	0.1818031668663025	rna_seq		
EFO:0002791 polyA plus RNA-seq	.	polyA plus RNA-seq	EFO:0002791	HeLa-S3	cell_line	adult		encode	paired	False	0.2589356601238251	rna_seq		
EFO:0002824 polyA plus RNA-seq	.	polyA plus RNA-seq	EFO:0002824	HCT116	cell_line	adult		encode	paired	False	0.3129168152809143	rna_seq		
EFO:0003042 polyA plus RNA-seq	.	polyA plus RNA-seq	EFO:0003042	H1	cell_line	embryonic		encode	paired	False	0.19382283091545105	rna_seq		
EFO:0003072 polyA plus RNA-seq	.	polyA plus RNA-seq	EFO:0003072	SK-N-SH	cell_line	child		encode	single	False	0.7414088845252991	rna_seq		
EFO:0005234 polyA plus RNA-seq	.	polyA plus RNA-seq	EFO:0005234	PFSK-1	cell_line	child		encode	single	False	1.2181520462036133	rna_seq		
EFO:0005237 polyA plus RNA-seq	.	polyA plus RNA-seq	EFO:0005237	U-87 MG	cell_line	adult		encode	single	False	1.1521613597869873	rna_seq		
EFO:0005714 polyA plus RNA-seq	.	polyA plus RNA-seq	EFO:0005714	LHCN-M2	cell_line	adult		encode	paired	False	0.32134950160980225	rna_seq		
EFO:0005723 polyA plus RNA-seq	.	polyA plus RNA-seq	EFO:0005723	GM23248	cell_line	adult		encode	single	False	0.43325719237327576	rna_seq		
EFO:0005725 polyA plus RNA-seq	.	polyA plus RNA-seq	EFO:0005725	BE2C	cell_line	child		encode	single	False	0.8952913284301758	rna_seq		
EFO:0007950 polyA plus RNA-seq	.	polyA plus RNA-seq	EFO:0007950	GM23338	cell_line	adult		encode	single	False	0.21331246197223663	rna_seq		
EFO:0009747 total RNA-seq	.	total RNA-seq	EFO:0009747	WTC11	cell_line	adult		encode	paired	False	0.24785810708999634	rna_seq		
NTR:0000524 polyA plus RNA-seq	.	polyA plus RNA-seq	NTR:0000524	fibroblast of skin of scalp	primary_cell	embryonic		encode	single	False	0.7250751852989197	rna_seq		
UBERON:0000007 gtex Pituitary polyA plus RNA-seq	.	polyA plus RNA-seq	UBERON:0000007	pituitary gland	tissue	adult	Pituitary	gtex	paired	False	0.04781800135970116	rna_seq		
UBERON:0000059 polyA plus RNA-seq	.	polyA plus RNA-seq	UBERON:0000059	large intestine	tissue	embryonic		encode	paired	False	0.14119458198547363	rna_seq		
UBERON:0000458 gtex Cervix_Endocervix polyA plus RNA-seq	.	polyA plus RNA-seq	UBERON:0000458	endocervix	tissue	adult	Cervix_Endocervix	gtex	paired	False	0.11742750555276871	rna_seq		
UBERON:0000473 gtex Testis polyA plus RNA-seq	.	polyA plus RNA-seq	UBERON:0000473	testis	tissue	adult	Testis	gtex	paired	False	0.03635135665535927	rna_seq		
UBERON:0000473 polyA plus RNA-seq	.	polyA plus RNA-seq	UBERON:0000473	testis	tissue	embryonic		encode	single	False	0.7033047676086426	rna_seq		
UBERON:0000945 gtex Stomach polyA plus RNA-seq	.	polyA plus RNA-seq	UBERON:0000945	stomach	tissue	adult	Stomach	gtex	paired	False	0.051221586763858795	rna_seq		
UBERON:0000945 polyA plus RNA-seq	.	polyA plus RNA-seq	UBERON:0000945	stomach	tissue	embryonic		encode	single	False	0.08617443591356277	rna_seq		
UBERON:0000948 polyA plus RNA-seq	.	polyA plus RNA-seq	UBERON:0000948	heart	tissue	embryonic		encode	single	False	0.46738457679748535	rna_seq		
UBERON:0000992 gtex Ovary polyA plus RNA-seq	.	polyA plus RNA-seq	UBERON:0000992	ovary	tissue	adult	Ovary	gtex	paired	False	0.054519396275281906	rna_seq		
UBERON:0000992 polyA plus RNA-seq	.	polyA plus RNA-seq	UBERON:0000992	ovary	tissue	embryonic		encode	single	False	0.418280690908432	rna_seq		
UBERON:0000995 gtex Uterus polyA plus RNA-seq	.	polyA plus RNA-seq	UBERON:0000995	uterus	tissue	adult	Uterus	gtex	paired	False	0.059197694063186646	rna_seq		
UBERON:0000996 gtex Vagina polyA plus RNA-seq	.	polyA plus RNA-seq	UBERON:0000996	vagina	tissue	adult	Vagina	gtex	paired	False	0.05682068690657616	rna_seq		
UBERON:0001114 gtex Liver polyA plus RNA-seq	.	polyA plus RNA-seq	UBERON:0001114	right lobe of liver	tissue	adult	Liver	gtex	paired	False	0.06319103389978409	rna_seq		
UBERON:0001150 gtex Pancreas polyA plus RNA-seq	.	polyA plus RNA-seq	UBERON:0001150	body of pancreas	tissue	adult	Pancreas	gtex	paired	False	0.0555739589035511	rna_seq		
UBERON:0001157 gtex Colon_Transverse polyA plus RNA-seq	.	polyA plus RNA-seq	UBERON:0001157	transverse colon	tissue	adult	Colon_Transverse	gtex	paired	False	0.049934789538383484	rna_seq		
UBERON:0001159 gtex Colon_Sigmoid polyA plus RNA-seq	.	polyA plus RNA-seq	UBERON:0001159	sigmoid colon	tissue	adult	Colon_Sigmoid	gtex	paired	False	0.0509834922850132	rna_seq		
UBERON:0001211 gtex Small_Intestine_Terminal_Ileum polyA plus RNA-seq	.	polyA plus RNA-seq	UBERON:0001211	Peyer's patch	tissue	adult	Small_Intestine_Terminal_Ileum	gtex	paired	False	0.05497457832098007	rna_seq		
UBERON:0001224 polyA plus RNA-seq	.	polyA plus RNA-seq	UBERON:0001224	renal pelvis	tissue	embryonic		encode	single	False	0.26900357007980347	rna_seq		
UBERON:0001225 gtex Kidney_Cortex polyA plus RNA-seq	.	polyA plus RNA-seq	UBERON:0001225	cortex of kidney	tissue	adult	Kidney_Cortex	gtex	paired	False	0.06602127104997635	rna_seq		
UBERON:0001255 gtex Bladder polyA plus RNA-seq	.	polyA plus RNA-seq	UBERON:0001255	urinary bladder	tissue	adult	Bladder	gtex	paired	False	0.09805270284414291	rna_seq		
UBERON:0001293 gtex Kidney_Medulla polyA plus RNA-seq	.	polyA plus RNA-seq	UBERON:0001293	outer medulla of kidney	tissue	adult	Kidney_Medulla	gtex	paired	False	0.18485306203365326	rna_seq		
UBERON:0001323 gtex Nerve_Tibial polyA plus RNA-seq	.	polyA plus RNA-seq	UBERON:0001323	tibial nerve	tissue	adult	Nerve_Tibial	gtex	paired	False	0.044805847108364105	rna_seq		
UBERON:0001383 polyA plus RNA-seq	.	polyA plus RNA-seq	UBERON:0001383	muscle of leg	tissue	embryonic		encode	single	False	0.21778036653995514	rna_seq		
UBERON:0001496 gtex Artery_Aorta polyA plus RNA-seq	.	polyA plus RNA-seq	UBERON:0001496	ascending aorta	tissue	adult	Artery_Aorta	gtex	paired	False	0.05127594247460365	rna_seq		
UBERON:0001499 polyA plus RNA-seq	.	polyA plus RNA-seq	UBERON:0001499	muscle of arm	tissue	embryonic		encode	paired	False	0.31494125723838806	rna_seq		
UBERON:0001621 gtex Artery_Coronary polyA plus RNA-seq	.	polyA plus RNA-seq	UBERON:0001621	coronary artery	tissue	adult	Artery_Coronary	gtex	paired	False	0.0551995113492012	rna_seq		
UBERON:0001774 polyA plus RNA-seq	.	polyA plus RNA-seq	UBERON:0001774	muscle of trunk	tissue	embryonic		encode	paired	False	0.08671995252370834	rna_seq		
UBERON:0001870 gtex Brain_Cortex polyA plus RNA-seq	.	polyA plus RNA-seq	UBERON:0001870	frontal cortex	tissue	adult	Brain_Cortex	gtex	paired	False	0.043324146419763565	rna_seq		
UBERON:0001873 gtex Brain_Caudate_basal_ganglia polyA plus RNA-seq	.	polyA plus RNA-seq	UBERON:0001873	caudate nucleus	tissue	adult	Brain_Caudate_basal_ganglia	gtex	paired	False	0.050032857805490494	rna_seq		
UBERON:0001874 gtex Brain_Putamen_basal_ganglia polyA plus RNA-seq	.	polyA plus RNA-seq	UBERON:0001874	putamen	tissue	adult	Brain_Putamen_basal_ganglia	gtex	paired	False	0.05428667739033699	rna_seq		
UBERON:0001876 gtex Brain_Amygdala polyA plus RNA-seq	.	polyA plus RNA-seq	UBERON:0001876	amygdala	tissue	adult	Brain_Amygdala	gtex	paired	False	0.05657550320029259	rna_seq		
UBERON:0001882 gtex Brain_Nucleus_accumbens_basal_ganglia polyA plus RNA-seq	.	polyA plus RNA-seq	UBERON:0001882	nucleus accumbens	tissue	adult	Brain_Nucleus_accumbens_basal_ganglia	gtex	paired	False	0.0499090738594532	rna_seq		
UBERON:0001898 gtex Brain_Hypothalamus polyA plus RNA-seq	.	polyA plus RNA-seq	UBERON:0001898	hypothalamus	tissue	adult	Brain_Hypothalamus	gtex	paired	False	0.05152333900332451	rna_seq		
UBERON:0001954 gtex Brain_Hippocampus polyA plus RNA-seq	.	polyA plus RNA-seq	UBERON:0001954	Ammon's horn	tissue	adult	Brain_Hippocampus	gtex	paired	False	0.049906063824892044	rna_seq		
UBERON:0002037 gtex Brain_Cerebellum polyA plus RNA-seq	.	polyA plus RNA-seq	UBERON:0002037	cerebellum	tissue	adult	Brain_Cerebellum	gtex	paired	False	0.05265718325972557	rna_seq		
UBERON:0002038 gtex Brain_Substantia_nigra polyA plus RNA-seq	.	polyA plus RNA-seq	UBERON:0002038	substantia nigra	tissue	adult	Brain_Substantia_nigra	gtex	paired	False	0.062162790447473526	rna_seq		
UBERON:0002046 gtex Thyroid polyA plus RNA-seq	.	polyA plus RNA-seq	UBERON:0002046	thyroid gland	tissue	adult	Thyroid	gtex	paired	False	0.04541570320725441	rna_seq		
UBERON:0002106 gtex Spleen polyA plus RNA-seq	.	polyA plus RNA-seq	UBERON:0002106	spleen	tissue	adult	Spleen	gtex	paired	False	0.05477229878306389	rna_seq		
UBERON:0002106 polyA plus RNA-seq	.	polyA plus RNA-seq	UBERON:0002106	spleen	tissue	embryonic		encode	single	False	0.39663490653038025	rna_seq		
UBERON:0002107 polyA plus RNA-seq	.	polyA plus RNA-seq	UBERON:0002107	liver	tissue	child,adult		encode	single	False	0.23851369321346283	rna_seq		
UBERON:0002108 polyA plus RNA-seq	.	polyA plus RNA-seq	UBERON:0002108	small intestine	tissue	embryonic		encode	paired	False	0.14074227213859558	rna_seq		
UBERON:0002113 polyA plus RNA-seq	.	polyA plus RNA-seq	UBERON:0002113	kidney	tissue	embryonic		encode	single	False	0.22629043459892273	rna_seq		
UBERON:0002167 polyA plus RNA-seq	.	polyA plus RNA-seq	UBERON:0002167	right lung	tissue	embryonic		encode	single	False	0.1865345537662506	rna_seq		
UBERON:0002168 polyA plus RNA-seq	.	polyA plus RNA-seq	UBERON:0002168	left lung	tissue	embryonic		encode	single	False	0.17341721057891846	rna_seq		
UBERON:0002190 gtex Adipose_Subcutaneous polyA plus RNA-seq	.	polyA plus RNA-seq	UBERON:0002190	subcutaneous adipose tissue	tissue	adult	Adipose_Subcutaneous	gtex	paired	False	0.04698016494512558	rna_seq		
UBERON:0002240 polyA plus RNA-seq	.	polyA plus RNA-seq	UBERON:0002240	spinal cord	tissue	embryonic		encode	single	False	0.303958535194397	rna_seq		
UBERON:0002245 gtex Brain_Cerebellar_Hemisphere polyA plus RNA-seq	.	polyA plus RNA-seq	UBERON:0002245	cerebellar hemisphere	tissue	adult	Brain_Cerebellar_Hemisphere	gtex	paired	False	0.055197425186634064	rna_seq		
UBERON:0002324 polyA plus RNA-seq	.	polyA plus RNA-seq	UBERON:0002324	muscle of back	tissue	embryonic		encode	single	False	0.2242487370967865	rna_seq		
UBERON:0002367 gtex Prostate polyA plus RNA-seq	.	polyA plus RNA-seq	UBERON:0002367	prostate gland	tissue	adult	Prostate	gtex	paired	False	0.05147687718272209	rna_seq		
UBERON:0002369 gtex Adrenal_Gland polyA plus RNA-seq	.	polyA plus RNA-seq	UBERON:0002369	adrenal gland	tissue	adult	Adrenal_Gland	gtex	paired	False	0.05743984505534172	rna_seq		
UBERON:0002369 polyA plus RNA-seq	.	polyA plus RNA-seq	UBERON:0002369	adrenal gland	tissue	embryonic		encode	single	False	0.32479262351989746	rna_seq		
UBERON:0002370 polyA plus RNA-seq	.	polyA plus RNA-seq	UBERON:0002370	thymus	tissue	embryonic		encode	single	False	0.17336340248584747	rna_seq		
UBERON:0003662 polyA plus RNA-seq	.	polyA plus RNA-seq	UBERON:0003662	forelimb muscle	tissue	embryonic		encode	single	False	0.5638512969017029	rna_seq		
UBERON:0003663 polyA plus RNA-seq	.	polyA plus RNA-seq	UBERON:0003663	hindlimb muscle	tissue	embryonic		encode	single	False	0.6374766826629639	rna_seq		
UBERON:0003889 gtex Fallopian_Tube polyA plus RNA-seq	.	polyA plus RNA-seq	UBERON:0003889	fallopian tube	tissue	adult	Fallopian_Tube	gtex	paired	False	0.12156927585601807	rna_seq		
UBERON:0004264 gtex Skin_Sun_Exposed_Lower_leg polyA plus RNA-seq	.	polyA plus RNA-seq	UBERON:0004264	lower leg skin	tissue	adult	Skin_Sun_Exposed_Lower_leg	gtex	paired	False	0.044400908052921295	rna_seq		
UBERON:0004538 polyA plus RNA-seq	.	polyA plus RNA-seq	UBERON:0004538	left kidney	tissue	embryonic		encode	single	False	0.3590563237667084	rna_seq		
UBERON:0004550 gtex Esophagus_Gastroesophageal_Junction polyA plus RNA-seq	.	polyA plus RNA-seq	UBERON:0004550	gastroesophageal sphincter	tissue	adult	Esophagus_Gastroesophageal_Junction	gtex	paired	False	0.05182637274265289	rna_seq		
UBERON:0004648 gtex Esophagus_Muscularis polyA plus RNA-seq	.	polyA plus RNA-seq	UBERON:0004648	esophagus muscularis mucosa	tissue	adult	Esophagus_Muscularis	gtex	paired	False	0.05034983530640602	rna_seq		
UBERON:0005270 polyA plus RNA-seq	.	polyA plus RNA-seq	UBERON:0005270	renal cortex interstitium	tissue	embryonic		encode	single	False	0.273677796125412	rna_seq		
UBERON:0006330 gtex Minor_Salivary_Gland polyA plus RNA-seq	.	polyA plus RNA-seq	UBERON:0006330	anterior lingual gland	tissue	adult	Minor_Salivary_Gland	gtex	paired	False	0.05584359169006348	rna_seq		
UBERON:0006469 gtex Brain_Spinal_cord_cervical_c-1 polyA plus RNA-seq	.	polyA plus RNA-seq	UBERON:0006469	C1 segment of cervical spinal cord	tissue	adult	Brain_Spinal_cord_cervical_c-1	gtex	paired	False	0.06018725037574768	rna_seq		
UBERON:0006566 gtex Heart_Left_Ventricle polyA plus RNA-seq	.	polyA plus RNA-seq	UBERON:0006566	left ventricle myocardium	tissue	adult	Heart_Left_Ventricle	gtex	paired	False	0.05494289472699165	rna_seq		
UBERON:0006631 gtex Heart_Atrial_Appendage polyA plus RNA-seq	.	polyA plus RNA-seq	UBERON:0006631	right atrium auricular region	tissue	adult	Heart_Atrial_Appendage	gtex	paired	False	0.04985639825463295	rna_seq		
UBERON:0006920 gtex Esophagus_Mucosa polyA plus RNA-seq	.	polyA plus RNA-seq	UBERON:0006920	esophagus squamous epithelium	tissue	adult	Esophagus_Mucosa	gtex	paired	False	0.05086713656783104	rna_seq		
UBERON:0007610 gtex Artery_Tibial polyA plus RNA-seq	.	polyA plus RNA-seq	UBERON:0007610	tibial artery	tissue	adult	Artery_Tibial	gtex	paired	False	0.04839674010872841	rna_seq		
UBERON:0008367 gtex Breast_Mammary_Tissue polyA plus RNA-seq	.	polyA plus RNA-seq	UBERON:0008367	breast epithelium	tissue	adult	Breast_Mammary_Tissue	gtex	paired	False	0.04591913893818855	rna_seq		
UBERON:0008952 gtex Lung polyA plus RNA-seq	.	polyA plus RNA-seq	UBERON:0008952	upper lobe of left lung	tissue	adult	Lung	gtex	paired	False	0.04629707708954811	rna_seq		
UBERON:0009834 gtex Brain_Frontal_Cortex_BA9 polyA plus RNA-seq	.	polyA plus RNA-seq	UBERON:0009834	dorsolateral prefrontal cortex	tissue	adult	Brain_Frontal_Cortex_BA9	gtex	paired	False	0.05219842493534088	rna_seq		
UBERON:0009835 gtex Brain_Anterior_cingulate_cortex_BA24 polyA plus RNA-seq	.	polyA plus RNA-seq	UBERON:0009835	anterior cingulate cortex	tissue	adult	Brain_Anterior_cingulate_cortex_BA24	gtex	paired	False	0.05334325134754181	rna_seq		
UBERON:0010414 gtex Adipose_Visceral_Omentum polyA plus RNA-seq	.	polyA plus RNA-seq	UBERON:0010414	omental fat pad	tissue	adult	Adipose_Visceral_Omentum	gtex	paired	False	0.048737503588199615	rna_seq		
UBERON:0011907 gtex Muscle_Skeletal polyA plus RNA-seq	.	polyA plus RNA-seq	UBERON:0011907	gastrocnemius medialis	tissue	adult	Muscle_Skeletal	gtex	paired	False	0.046867091208696365	rna_seq		
UBERON:0012249 gtex Cervix_Ectocervix polyA plus RNA-seq	.	polyA plus RNA-seq	UBERON:0012249	ectocervix	tissue	adult	Cervix_Ectocervix	gtex	paired	False	0.11553216725587845	rna_seq		
UBERON:0013756 gtex Whole_Blood polyA plus RNA-seq	.	polyA plus RNA-seq	UBERON:0013756	venous blood	tissue	adult	Whole_Blood	gtex	paired	False	0.05588344484567642	rna_seq		
UBERON:0018115 polyA plus RNA-seq	.	polyA plus RNA-seq	UBERON:0018115	left renal pelvis	tissue	embryonic		encode	single	False	0.2682223618030548	rna_seq		
UBERON:0018116 polyA plus RNA-seq	.	polyA plus RNA-seq	UBERON:0018116	right renal pelvis	tissue	embryonic		encode	single	False	0.25852155685424805	rna_seq		
UBERON:0018117 polyA plus RNA-seq	.	polyA plus RNA-seq	UBERON:0018117	left renal cortex interstitium	tissue	embryonic		encode	single	False	0.21519021689891815	rna_seq		
UBERON:0018118 polyA plus RNA-seq	.	polyA plus RNA-seq	UBERON:0018118	right renal cortex interstitium	tissue	embryonic		encode	single	False	0.3656761348247528	rna_seq		
UBERON:0036149 gtex Skin_Not_Sun_Exposed_Suprapubic polyA plus RNA-seq	.	polyA plus RNA-seq	UBERON:0036149	suprapubic skin	tissue	adult	Skin_Not_Sun_Exposed_Suprapubic	gtex	paired	False	0.04540431126952171	rna_seq		
CL:0000084 ATAC-seq	.	ATAC-seq	CL:0000084	T-cell	primary_cell	adult		encode	paired	False	0.7397409677505493	atac		
CL:0000100 ATAC-seq	.	ATAC-seq	CL:0000100	motor neuron	in_vitro_differentiated_cells	adult		encode	paired	False	0.27313634753227234	atac		
CL:0000236 ATAC-seq	.	ATAC-seq	CL:0000236	B cell	primary_cell	adult		encode	paired	False	4.7000813484191895	atac		
CL:0000623 ATAC-seq	.	ATAC-seq	CL:0000623	natural killer cell	primary_cell	adult		encode	paired	False	0.9387146234512329	atac		
CL:0000624 ATAC-seq	.	ATAC-seq	CL:0000624	CD4-positive, alpha-beta T cell	primary_cell	adult		encode	paired	False	4.365206241607666	atac		
CL:0000625 ATAC-seq	.	ATAC-seq	CL:0000625	CD8-positive, alpha-beta T cell	primary_cell	adult		encode	paired	False	4.313536643981934	atac		
CL:0000787 ATAC-seq	.	ATAC-seq	CL:0000787	memory B cell	primary_cell	adult		encode	paired	False	2.8392298221588135	atac		
CL:0000788 ATAC-seq	.	ATAC-seq	CL:0000788	naive B cell	primary_cell	adult		encode	paired	False	1.5962289571762085	atac		
CL:0000792 ATAC-seq	.	ATAC-seq	CL:0000792	CD4-positive, CD25-positive, alpha-beta regulatory T cell	primary_cell	adult		encode	paired	False	1.5548043251037598	atac		
CL:0000895 ATAC-seq	.	ATAC-seq	CL:0000895	naive thymus-derived CD4-positive, alpha-beta T cell	primary_cell	adult		encode	paired	False	1.0227291584014893	atac		
CL:0000899 ATAC-seq	.	ATAC-seq	CL:0000899	T-helper 17 cell	primary_cell	adult		encode	paired	False	1.5611252784729004	atac		
CL:0000900 ATAC-seq	.	ATAC-seq	CL:0000900	naive thymus-derived CD8-positive, alpha-beta T cell	primary_cell	adult		encode	paired	False	1.8816421031951904	atac		
CL:0000907 ATAC-seq	.	ATAC-seq	CL:0000907	central memory CD8-positive, alpha-beta T cell	primary_cell	adult		encode	paired	False	4.821074485778809	atac		
CL:0000913 ATAC-seq	.	ATAC-seq	CL:0000913	effector memory CD8-positive, alpha-beta T cell	primary_cell	adult		encode	paired	False	2.472047805786133	atac		
CL:1001606 ATAC-seq	.	ATAC-seq	CL:1001606	foreskin keratinocyte	primary_cell	newborn		encode	paired	False	0.4663943946361542	atac		
CLO:0013950 ATAC-seq	.	ATAC-seq	CLO:0013950	GM21619	cell_line	adult		encode	paired	False	1.7834908962249756	atac		
CLO:0014043 ATAC-seq	.	ATAC-seq	CLO:0014043	GM21717	cell_line	adult		encode	paired	False	1.2564560174942017	atac		
CLO:0014078 ATAC-seq	.	ATAC-seq	CLO:0014078	GM21529	cell_line	adult		encode	paired	False	1.5800923109054565	atac		
CLO:0014080 ATAC-seq	.	ATAC-seq	CLO:0014080	GM21528	cell_line	adult		encode	paired	False	1.3013041019439697	atac		
CLO:0014083 ATAC-seq	.	ATAC-seq	CLO:0014083	GM21526	cell_line	adult		encode	paired	False	1.3625142574310303	atac		
CLO:0014097 ATAC-seq	.	ATAC-seq	CLO:0014097	GM21576	cell_line	adult		encode	paired	False	1.7179261445999146	atac		
CLO:0014163 ATAC-seq	.	ATAC-seq	CLO:0014163	GM21447	cell_line	adult		encode	paired	False	2.170809030532837	atac		
CLO:0014886 ATAC-seq	.	ATAC-seq	CLO:0014886	GM21723	cell_line	adult		encode	paired	False	1.3347936868667603	atac		
CLO:0014941 ATAC-seq	.	ATAC-seq	CLO:0014941	GM21825	cell_line	adult		encode	paired	False	1.5821340084075928	atac		
CLO:0015884 ATAC-seq	.	ATAC-seq	CLO:0015884	GM21390	cell_line	adult		encode	paired	False	1.7690157890319824	atac		
CLO:0015895 ATAC-seq	.	ATAC-seq	CLO:0015895	GM21381	cell_line	adult		encode	paired	False	1.7851890325546265	atac		
CLO:0015900 ATAC-seq	.	ATAC-seq	CLO:0015900	GM21367	cell_line	adult		encode	paired	False	2.0021002292633057	atac		
CLO:0015908 ATAC-seq	.	ATAC-seq	CLO:0015908	GM21360	cell_line	adult		encode	paired	False	1.826042890548706	atac		
CLO:0015947 ATAC-seq	.	ATAC-seq	CLO:0015947	GM21423	cell_line	adult		encode	paired	False	1.6216312646865845	atac		
CLO:0024877 ATAC-seq	.	ATAC-seq	CLO:0024877	GM18511	cell_line	adult		encode	paired	False	1.3245776891708374	atac		
CLO:0024886 ATAC-seq	.	ATAC-seq	CLO:0024886	GM18519	cell_line	adult		encode	paired	False	1.904711365699768	atac		
CLO:0024890 ATAC-seq	.	ATAC-seq	CLO:0024890	GM18517	cell_line	adult		encode	paired	False	1.3415968418121338	atac		
CLO:0024898 ATAC-seq	.	ATAC-seq	CLO:0024898	GM18520	cell_line	adult		encode	paired	False	1.8731361627578735	atac		
CLO:0024919 ATAC-seq	.	ATAC-seq	CLO:0024919	GM18508	cell_line	adult		encode	paired	False	2.859638214111328	atac		
CLO:0024933 ATAC-seq	.	ATAC-seq	CLO:0024933	GM18499	cell_line	adult		encode	paired	False	3.3136110305786133	atac		
CLO:0024937 ATAC-seq	.	ATAC-seq	CLO:0024937	GM18498	cell_line	adult		encode	paired	False	1.1740740537643433	atac		
CLO:0025816 ATAC-seq	.	ATAC-seq	CLO:0025816	GM19035	cell_line	adult		encode	paired	False	1.7000188827514648	atac		
CLO:0026238 ATAC-seq	.	ATAC-seq	CLO:0026238	GM18907	cell_line	adult		encode	paired	False	0.7575818300247192	atac		
CLO:0026245 ATAC-seq	.	ATAC-seq	CLO:0026245	GM18873	cell_line	adult		encode	paired	False	1.4657907485961914	atac		
CLO:0026249 ATAC-seq	.	ATAC-seq	CLO:0026249	GM18870	cell_line	adult		encode	paired	False	1.5401667356491089	atac		
CLO:0026250 ATAC-seq	.	ATAC-seq	CLO:0026250	GM18867	cell_line	adult		encode	paired	False	1.0017602443695068	atac		
CLO:0026253 ATAC-seq	.	ATAC-seq	CLO:0026253	GM18868	cell_line	adult		encode	paired	False	1.1957333087921143	atac		
CLO:0026256 ATAC-seq	.	ATAC-seq	CLO:0026256	GM18861	cell_line	adult		encode	paired	False	1.6442385911941528	atac		
CLO:0026258 ATAC-seq	.	ATAC-seq	CLO:0026258	GM18858	cell_line	adult		encode	paired	False	2.154571056365967	atac		
CLO:0026782 ATAC-seq	.	ATAC-seq	CLO:0026782	GM19397	cell_line	adult		encode	paired	False	1.8430635929107666	atac		
CLO:0026790 ATAC-seq	.	ATAC-seq	CLO:0026790	GM19395	cell_line	adult		encode	paired	False	1.3690444231033325	atac		
CLO:0026824 ATAC-seq	.	ATAC-seq	CLO:0026824	GM19438	cell_line	adult		encode	paired	False	2.8961288928985596	atac		
CLO:0026846 ATAC-seq	.	ATAC-seq	CLO:0026846	GM19452	cell_line	adult		encode	paired	False	2.1193931102752686	atac		
CLO:0026863 ATAC-seq	.	ATAC-seq	CLO:0026863	GM19455	cell_line	adult		encode	paired	False	2.0495858192443848	atac		
CLO:0026874 ATAC-seq	.	ATAC-seq	CLO:0026874	GM19463	cell_line	adult		encode	paired	False	2.3056650161743164	atac		
CLO:0026877 ATAC-seq	.	ATAC-seq	CLO:0026877	GM19467	cell_line	adult		encode	paired	False	1.7229173183441162	atac		
CLO:0027429 ATAC-seq	.	ATAC-seq	CLO:0027429	GM19372	cell_line	adult		encode	paired	False	2.746520519256592	atac		
CLO:0027432 ATAC-seq	.	ATAC-seq	CLO:0027432	GM19351	cell_line	adult		encode	paired	False	1.6009893417358398	atac		
CLO:0027443 ATAC-seq	.	ATAC-seq	CLO:0027443	GM19324	cell_line	adult		encode	paired	False	1.1978780031204224	atac		
CLO:0027445 ATAC-seq	.	ATAC-seq	CLO:0027445	GM19328	cell_line	adult		encode	paired	False	2.474120855331421	atac		
EFO:0001086 ATAC-seq	.	ATAC-seq	EFO:0001086	A549	cell_line	adult		encode	single	False	1.4976966381072998	atac		
EFO:0001187 ATAC-seq	.	ATAC-seq	EFO:0001187	HepG2	cell_line	child		encode	paired	False	0.3457242250442505	atac		
EFO:0001196 ATAC-seq	.	ATAC-seq	EFO:0001196	IMR-90	cell_line	embryonic		encode	paired	False	1.5381346940994263	atac		
EFO:0001203 ATAC-seq	.	ATAC-seq	EFO:0001203	MCF-7	cell_line	adult		encode	paired	False	1.545133113861084	atac		
EFO:0001221 ATAC-seq	.	ATAC-seq	EFO:0001221	NCI-H929	cell_line	adult		encode	paired	False	0.8327634930610657	atac		
EFO:0002067 ATAC-seq	.	ATAC-seq	EFO:0002067	K562	cell_line	adult		encode	paired	False	0.3458327054977417	atac		
EFO:0002074 ATAC-seq	.	ATAC-seq	EFO:0002074	PC-3	cell_line	adult		encode	paired	False	1.5142802000045776	atac		
EFO:0002713 ATAC-seq	.	ATAC-seq	EFO:0002713	Panc1	cell_line	adult		encode	paired	False	1.317395806312561	atac		
EFO:0002784 ATAC-seq	.	ATAC-seq	EFO:0002784	GM12878	cell_line	adult		encode	paired	False	0.37652507424354553	atac		
EFO:0002824 ATAC-seq	.	ATAC-seq	EFO:0002824	HCT116	cell_line	adult		encode	paired	False	1.5315731763839722	atac		
EFO:0005332 ATAC-seq	.	ATAC-seq	EFO:0005332	GM18505	cell_line	adult		encode	paired	False	1.7733904123306274	atac		
EFO:0007074 ATAC-seq	.	ATAC-seq	EFO:0007074	DND-41	cell_line	child		encode	paired	False	1.5603737831115723	atac		
EFO:0007610 ATAC-seq	.	ATAC-seq	EFO:0007610	RWPE2	cell_line	unknown		encode	paired	False	1.0684702396392822	atac		
EFO:0007950 ATAC-seq	.	ATAC-seq	EFO:0007950	GM23338	cell_line	adult		encode	paired	False	0.39514708518981934	atac		
EFO:0009747 ATAC-seq	.	ATAC-seq	EFO:0009747	WTC11	cell_line	adult		encode	paired	False	1.1249884366989136	atac		
EFO:0010835 ATAC-seq	.	ATAC-seq	EFO:0010835	GM19023	cell_line	adult		encode	paired	False	2.2722747325897217	atac		
EFO:0010836 ATAC-seq	.	ATAC-seq	EFO:0010836	GM19025	cell_line	adult		encode	paired	False	2.6639323234558105	atac		
EFO:0010837 ATAC-seq	.	ATAC-seq	EFO:0010837	GM19043	cell_line	adult		encode	paired	False	2.891838312149048	atac		
EFO:0010838 ATAC-seq	.	ATAC-seq	EFO:0010838	GM21515	cell_line	adult		encode	paired	False	1.4099575281143188	atac		
EFO:0010839 ATAC-seq	.	ATAC-seq	EFO:0010839	GM21737	cell_line	adult		encode	paired	False	1.7709256410598755	atac		
EFO:0010840 ATAC-seq	.	ATAC-seq	EFO:0010840	GM21786	cell_line	adult		encode	paired	False	2.0250661373138428	atac		
EFO:0010841 ATAC-seq	.	ATAC-seq	EFO:0010841	HG02571	cell_line	adult		encode	paired	False	2.0339393615722656	atac		
EFO:0010842 ATAC-seq	.	ATAC-seq	EFO:0010842	HG02588	cell_line	adult		encode	paired	False	1.6361886262893677	atac		
EFO:0010843 ATAC-seq	.	ATAC-seq	EFO:0010843	HG02610	cell_line	adult		encode	paired	False	1.073131799697876	atac		
EFO:0010844 ATAC-seq	.	ATAC-seq	EFO:0010844	HG02623	cell_line	adult		encode	paired	False	2.20443058013916	atac		
EFO:0010846 ATAC-seq	.	ATAC-seq	EFO:0010846	HG02678	cell_line	adult		encode	paired	False	1.3135043382644653	atac		
EFO:0010847 ATAC-seq	.	ATAC-seq	EFO:0010847	HG02759	cell_line	adult		encode	paired	False	1.389145851135254	atac		
EFO:0010848 ATAC-seq	.	ATAC-seq	EFO:0010848	HG02763	cell_line	adult		encode	paired	False	1.718657374382019	atac		
EFO:0010850 ATAC-seq	.	ATAC-seq	EFO:0010850	HG02840	cell_line	adult		encode	paired	False	1.8972817659378052	atac		
EFO:0010851 ATAC-seq	.	ATAC-seq	EFO:0010851	HG02852	cell_line	adult		encode	paired	False	1.8264821767807007	atac		
EFO:0010852 ATAC-seq	.	ATAC-seq	EFO:0010852	HG02870	cell_line	adult		encode	paired	False	1.808053970336914	atac		
EFO:0010853 ATAC-seq	.	ATAC-seq	EFO:0010853	HG02884	cell_line	adult		encode	paired	False	2.4083950519561768	atac		
EFO:0010855 ATAC-seq	.	ATAC-seq	EFO:0010855	HG02938	cell_line	adult		encode	paired	False	2.012936592102051	atac		
EFO:0010856 ATAC-seq	.	ATAC-seq	EFO:0010856	HG02943	cell_line	adult		encode	paired	False	2.342193603515625	atac		
EFO:0010857 ATAC-seq	.	ATAC-seq	EFO:0010857	HG02970	cell_line	adult		encode	paired	False	1.6933996677398682	atac		
EFO:0010858 ATAC-seq	.	ATAC-seq	EFO:0010858	HG02973	cell_line	adult		encode	paired	False	1.6970741748809814	atac		
EFO:0010859 ATAC-seq	.	ATAC-seq	EFO:0010859	HG02981	cell_line	adult		encode	paired	False	1.7394976615905762	atac		
EFO:0010860 ATAC-seq	.	ATAC-seq	EFO:0010860	HG03025	cell_line	adult		encode	paired	False	2.08929181098938	atac		
EFO:0010861 ATAC-seq	.	ATAC-seq	EFO:0010861	HG03039	cell_line	adult		encode	paired	False	1.887401819229126	atac		
EFO:0010862 ATAC-seq	.	ATAC-seq	EFO:0010862	HG03045	cell_line	adult		encode	paired	False	1.4358277320861816	atac		
EFO:0010863 ATAC-seq	.	ATAC-seq	EFO:0010863	HG03060	cell_line	adult		encode	paired	False	2.9752275943756104	atac		
EFO:0010864 ATAC-seq	.	ATAC-seq	EFO:0010864	HG03064	cell_line	adult		encode	paired	False	2.4102463722229004	atac		
EFO:0010865 ATAC-seq	.	ATAC-seq	EFO:0010865	HG03066	cell_line	adult		encode	paired	False	3.017244577407837	atac		
EFO:0010866 ATAC-seq	.	ATAC-seq	EFO:0010866	HG03095	cell_line	adult		encode	paired	False	1.8795949220657349	atac		
EFO:0010867 ATAC-seq	.	ATAC-seq	EFO:0010867	HG03097	cell_line	adult		encode	paired	False	1.5082517862319946	atac		
EFO:0010868 ATAC-seq	.	ATAC-seq	EFO:0010868	HG03103	cell_line	adult		encode	paired	False	2.6086442470550537	atac		
EFO:0010869 ATAC-seq	.	ATAC-seq	EFO:0010869	HG03108	cell_line	adult		encode	paired	False	2.047980546951294	atac		
EFO:0010870 ATAC-seq	.	ATAC-seq	EFO:0010870	HG03135	cell_line	adult		encode	paired	False	1.6855212450027466	atac		
EFO:0010871 ATAC-seq	.	ATAC-seq	EFO:0010871	HG03139	cell_line	adult		encode	paired	False	2.3533685207366943	atac		
EFO:0010872 ATAC-seq	.	ATAC-seq	EFO:0010872	HG03159	cell_line	adult		encode	paired	False	1.4590009450912476	atac		
EFO:0010873 ATAC-seq	.	ATAC-seq	EFO:0010873	HG03175	cell_line	adult		encode	paired	False	1.2928885221481323	atac		
EFO:0010874 ATAC-seq	.	ATAC-seq	EFO:0010874	HG03196	cell_line	adult		encode	paired	False	1.3755143880844116	atac		
EFO:0010875 ATAC-seq	.	ATAC-seq	EFO:0010875	HG03280	cell_line	adult		encode	paired	False	1.638237476348877	atac		
EFO:0010876 ATAC-seq	.	ATAC-seq	EFO:0010876	HG03342	cell_line	adult		encode	paired	False	1.416108250617981	atac		
EFO:0010878 ATAC-seq	.	ATAC-seq	EFO:0010878	HG03378	cell_line	adult		encode	paired	False	1.1888407468795776	atac		
EFO:0010879 ATAC-seq	.	ATAC-seq	EFO:0010879	HG03432	cell_line	adult		encode	paired	False	0.9875123500823975	atac		
EFO:0010880 ATAC-seq	.	ATAC-seq	EFO:0010880	HG03439	cell_line	adult		encode	paired	False	1.4904228448867798	atac		
EFO:0010881 ATAC-seq	.	ATAC-seq	EFO:0010881	HG03442	cell_line	adult		encode	paired	False	1.7023717164993286	atac		
EFO:0010882 ATAC-seq	.	ATAC-seq	EFO:0010882	HG03457	cell_line	adult		encode	paired	False	2.2997376918792725	atac		
EFO:0010883 ATAC-seq	.	ATAC-seq	EFO:0010883	HG03460	cell_line	adult		encode	paired	False	2.209341287612915	atac		
EFO:0010884 ATAC-seq	.	ATAC-seq	EFO:0010884	HG03469	cell_line	adult		encode	paired	False	2.4358503818511963	atac		
EFO:0010885 ATAC-seq	.	ATAC-seq	EFO:0010885	HG03520	cell_line	adult		encode	paired	False	2.1533608436584473	atac		
EFO:0010886 ATAC-seq	.	ATAC-seq	EFO:0010886	HG03521	cell_line	adult		encode	paired	False	2.1313838958740234	atac		
EFO:0010888 ATAC-seq	.	ATAC-seq	EFO:0010888	HG03565	cell_line	adult		encode	paired	False	1.8451646566390991	atac		
EFO:0010889 ATAC-seq	.	ATAC-seq	EFO:0010889	HG03571	cell_line	adult		encode	paired	False	1.9630107879638672	atac		
NTR:0000491 ATAC-seq	.	ATAC-seq	NTR:0000491	Right ventricle myocardium inferior	tissue	adult		encode	paired	False	0.9412150382995605	atac		
NTR:0000492 ATAC-seq	.	ATAC-seq	NTR:0000492	Right ventricle myocardium superior	tissue	adult		encode	paired	False	0.7204328179359436	atac		
NTR:0000494 ATAC-seq	.	ATAC-seq	NTR:0000494	left ventricle myocardium superior	tissue	adult		encode	paired	False	0.427097350358963	atac		
UBERON:0000056 ATAC-seq	.	ATAC-seq	UBERON:0000056	ureter	tissue	adult		encode	paired	False	0.48642194271087646	atac		
UBERON:0000317 ATAC-seq	.	ATAC-seq	UBERON:0000317	colonic mucosa	tissue	adult		encode	paired	False	0.2913193702697754	atac		
UBERON:0000945 ATAC-seq	.	ATAC-seq	UBERON:0000945	stomach	tissue	adult		encode	paired	False	1.1229300498962402	atac		
UBERON:0000992 ATAC-seq	.	ATAC-seq	UBERON:0000992	ovary	tissue	adult		encode	paired	False	0.14541088044643402	atac		
UBERON:0000995 ATAC-seq	.	ATAC-seq	UBERON:0000995	uterus	tissue	adult		encode	paired	False	0.3675922751426697	atac		
UBERON:0001072 ATAC-seq	.	ATAC-seq	UBERON:0001072	posterior vena cava	tissue	adult		encode	paired	False	0.3368026912212372	atac		
UBERON:0001114 ATAC-seq	.	ATAC-seq	UBERON:0001114	right lobe of liver	tissue	adult		encode	paired	False	0.5050563216209412	atac		
UBERON:0001115 ATAC-seq	.	ATAC-seq	UBERON:0001115	left lobe of liver	tissue	adult		encode	paired	False	0.3790719211101532	atac		
UBERON:0001150 ATAC-seq	.	ATAC-seq	UBERON:0001150	body of pancreas	tissue	adult		encode	paired	False	1.4392449855804443	atac		
UBERON:0001157 ATAC-seq	.	ATAC-seq	UBERON:0001157	transverse colon	tissue	adult		encode	paired	False	1.2739818096160889	atac		
UBERON:0001159 ATAC-seq	.	ATAC-seq	UBERON:0001159	sigmoid colon	tissue	adult		encode	paired	False	1.3383288383483887	atac		
UBERON:0001259 ATAC-seq	.	ATAC-seq	UBERON:0001259	mucosa of urinary bladder	tissue	adult		encode	paired	False	0.6834927201271057	atac		
UBERON:0001264 ATAC-seq	.	ATAC-seq	UBERON:0001264	pancreas	tissue	adult		encode	paired	False	0.28255096077919006	atac		
UBERON:0001322 ATAC-seq	.	ATAC-seq	UBERON:0001322	sciatic nerve	tissue	adult		encode	paired	False	0.6590536236763	atac		
UBERON:0002046 ATAC-seq	.	ATAC-seq	UBERON:0002046	thyroid gland	tissue	adult		encode	paired	False	1.391801118850708	atac		
UBERON:0002048 ATAC-seq	.	ATAC-seq	UBERON:0002048	lung	tissue	adult		encode	paired	False	2.9806368350982666	atac		
UBERON:0002078 ATAC-seq	.	ATAC-seq	UBERON:0002078	right cardiac atrium	tissue	adult		encode	paired	False	0.2509532570838928	atac		
UBERON:0002079 ATAC-seq	.	ATAC-seq	UBERON:0002079	left cardiac atrium	tissue	adult		encode	paired	False	0.32439956068992615	atac		
UBERON:0002080 ATAC-seq	.	ATAC-seq	UBERON:0002080	heart right ventricle	tissue	adult		encode	paired	False	0.1907806694507599	atac		
UBERON:0002084 ATAC-seq	.	ATAC-seq	UBERON:0002084	heart left ventricle	tissue	adult		encode	paired	False	0.23439067602157593	atac		
UBERON:0002099 ATAC-seq	.	ATAC-seq	UBERON:0002099	cardiac septum	tissue	adult		encode	paired	False	1.774492621421814	atac		
UBERON:0002106 ATAC-seq	.	ATAC-seq	UBERON:0002106	spleen	tissue	adult		encode	paired	False	0.18534542620182037	atac		
UBERON:0002107 ATAC-seq	.	ATAC-seq	UBERON:0002107	liver	tissue	adult		encode	paired	False	0.3416995704174042	atac		
UBERON:0002113 ATAC-seq	.	ATAC-seq	UBERON:0002113	kidney	tissue	adult		encode	paired	False	0.40251538157463074	atac		
UBERON:0002168 ATAC-seq	.	ATAC-seq	UBERON:0002168	left lung	tissue	child		encode	paired	False	0.4284360408782959	atac		
UBERON:0002170 ATAC-seq	.	ATAC-seq	UBERON:0002170	upper lobe of right lung	tissue	adult		encode	paired	False	0.2896386384963989	atac		
UBERON:0002171 ATAC-seq	.	ATAC-seq	UBERON:0002171	lower lobe of right lung	tissue	adult		encode	paired	False	0.2252897024154663	atac		
UBERON:0002190 ATAC-seq	.	ATAC-seq	UBERON:0002190	subcutaneous adipose tissue	tissue	adult		encode	paired	False	0.9239097833633423	atac		
UBERON:0002369 ATAC-seq	.	ATAC-seq	UBERON:0002369	adrenal gland	tissue	adult		encode	paired	False	0.9822091460227966	atac		
UBERON:0002394 ATAC-seq	.	ATAC-seq	UBERON:0002394	bile duct	tissue	adult		encode	paired	False	0.4307073652744293	atac		
UBERON:0002469 ATAC-seq	.	ATAC-seq	UBERON:0002469	esophagus mucosa	tissue	adult		encode	paired	False	0.3933384418487549	atac		
UBERON:0003889 ATAC-seq	.	ATAC-seq	UBERON:0003889	fallopian tube	tissue	adult		encode	paired	False	0.25850507616996765	atac		
UBERON:0004550 ATAC-seq	.	ATAC-seq	UBERON:0004550	gastroesophageal sphincter	tissue	adult		encode	paired	False	0.9912630915641785	atac		
UBERON:0004992 ATAC-seq	.	ATAC-seq	UBERON:0004992	mucosa of descending colon	tissue	adult		encode	paired	False	0.2983551621437073	atac		
UBERON:0005033 ATAC-seq	.	ATAC-seq	UBERON:0005033	mucosa of gallbladder	tissue	child		encode	paired	False	0.8860199451446533	atac		
UBERON:0007610 ATAC-seq	.	ATAC-seq	UBERON:0007610	tibial artery	tissue	adult		encode	paired	False	1.0918642282485962	atac		
UBERON:0008367 ATAC-seq	.	ATAC-seq	UBERON:0008367	breast epithelium	tissue	adult		encode	paired	False	0.5911307334899902	atac		
UBERON:0008450 ATAC-seq	.	ATAC-seq	UBERON:0008450	psoas muscle	tissue	adult		encode	paired	False	0.6796603798866272	atac		
UBERON:0008952 ATAC-seq	.	ATAC-seq	UBERON:0008952	upper lobe of left lung	tissue	adult		encode	paired	False	0.31991297006607056	atac		
UBERON:0008953 ATAC-seq	.	ATAC-seq	UBERON:0008953	lower lobe of left lung	tissue	adult		encode	paired	False	0.3122468590736389	atac		
UBERON:0008971 ATAC-seq	.	ATAC-seq	UBERON:0008971	left colon	tissue	adult		encode	paired	False	0.6758714914321899	atac		
UBERON:0010414 ATAC-seq	.	ATAC-seq	UBERON:0010414	omental fat pad	tissue	adult		encode	paired	False	1.1185219287872314	atac		
UBERON:0011907 ATAC-seq	.	ATAC-seq	UBERON:0011907	gastrocnemius medialis	tissue	adult		encode	paired	False	0.8114848732948303	atac		
UBERON:0015143 ATAC-seq	.	ATAC-seq	UBERON:0015143	mesenteric fat pad	tissue	adult		encode	paired	False	0.4202614426612854	atac		
CL:0000047 DNase-seq	.	DNase-seq	CL:0000047	neuronal stem cell	in_vitro_differentiated_cells	embryonic		encode	single	False	1.5545012950897217	dnase		
CL:0000084 DNase-seq	.	DNase-seq	CL:0000084	T-cell	primary_cell	adult		encode	paired	False	0.15140396356582642	dnase		
CL:0000115 DNase-seq	.	DNase-seq	CL:0000115	endothelial cell	in_vitro_differentiated_cells	adult		encode	paired	False	0.5130283832550049	dnase		
CL:0000127 DNase-seq	.	DNase-seq	CL:0000127	astrocyte	primary_cell	unknown		encode	single	False	0.8457521796226501	dnase		
CL:0000134 DNase-seq	.	DNase-seq	CL:0000134	mesenchymal stem cell	in_vitro_differentiated_cells	embryonic		encode	paired	False	0.5400440096855164	dnase		
CL:0000136 DNase-seq	.	DNase-seq	CL:0000136	adipocyte	in_vitro_differentiated_cells	unknown		encode	paired	False	0.5403468608856201	dnase		
CL:0000138 DNase-seq	.	DNase-seq	CL:0000138	chondrocyte	in_vitro_differentiated_cells	embryonic		encode	paired	False	0.45273175835609436	dnase		
CL:0000182 DNase-seq	.	DNase-seq	CL:0000182	hepatocyte	in_vitro_differentiated_cells	embryonic		encode	paired	False	0.30756181478500366	dnase		
CL:0000187 DNase-seq	.	DNase-seq	CL:0000187	myocyte	in_vitro_differentiated_cells	adult		encode	paired	False	0.80037522315979	dnase		
CL:0000188 DNase-seq	.	DNase-seq	CL:0000188	skeletal muscle cell	primary_cell	unknown		encode	single	False	4.767265319824219	dnase		
CL:0000223 DNase-seq	.	DNase-seq	CL:0000223	endodermal cell	in_vitro_differentiated_cells	embryonic		encode	paired	False	0.36153507232666016	dnase		
CL:0000236 DNase-seq	.	DNase-seq	CL:0000236	B cell	primary_cell	adult		encode	paired	False	0.4363890588283539	dnase		
CL:0000312 DNase-seq	.	DNase-seq	CL:0000312	keratinocyte	primary_cell	unknown		encode	single	False	2.104659080505371	dnase		
CL:0000351 DNase-seq	.	DNase-seq	CL:0000351	trophoblast cell	primary_cell	embryonic		encode	paired	False	0.35272279381752014	dnase		
CL:0000515 DNase-seq	.	DNase-seq	CL:0000515	skeletal muscle myoblast	primary_cell	unknown		encode	paired	False	0.47691610455513	dnase		
CL:0000545 DNase-seq	.	DNase-seq	CL:0000545	T-helper 1 cell	primary_cell	adult		encode	paired	False	0.35502371191978455	dnase		
CL:0000546 DNase-seq	.	DNase-seq	CL:0000546	T-helper 2 cell	primary_cell	adult		encode	paired	False	0.45415040850639343	dnase		
CL:0000623 DNase-seq	.	DNase-seq	CL:0000623	natural killer cell	primary_cell	adult		encode	paired	False	1.329219102859497	dnase		
CL:0000624 DNase-seq	.	DNase-seq	CL:0000624	CD4-positive, alpha-beta T cell	primary_cell	adult		encode	paired	False	0.24718108773231506	dnase		
CL:0000625 DNase-seq	.	DNase-seq	CL:0000625	CD8-positive, alpha-beta T cell	primary_cell	adult		encode	paired	False	0.245092511177063	dnase		
CL:0000632 DNase-seq	.	DNase-seq	CL:0000632	hepatic stellate cell	primary_cell	adult		encode	single	False	1.1046535968780518	dnase		
CL:0000653 DNase-seq	.	DNase-seq	CL:0000653	glomerular visceral epithelial cell	primary_cell	child		encode	paired	False	0.33863624930381775	dnase		
CL:0000679 DNase-seq	.	DNase-seq	CL:0000679	glutamatergic neuron	in_vitro_differentiated_cells	adult		encode	paired	False	0.6777439713478088	dnase		
CL:0000706 DNase-seq	.	DNase-seq	CL:0000706	choroid plexus epithelial cell	primary_cell	unknown		encode	single	False	0.9258599281311035	dnase		
CL:0000746 DNase-seq	.	DNase-seq	CL:0000746	cardiac muscle cell	primary_cell	unknown		encode	single	False	0.9656065702438354	dnase		
CL:0000787 DNase-seq	.	DNase-seq	CL:0000787	memory B cell	primary_cell	adult		encode	paired	False	0.5707800388336182	dnase		
CL:0000788 DNase-seq	.	DNase-seq	CL:0000788	naive B cell	primary_cell	unknown		encode	paired	False	1.8952505588531494	dnase		
CL:0000792 DNase-seq	.	DNase-seq	CL:0000792	CD4-positive, CD25-positive, alpha-beta regulatory T cell	primary_cell	adult		encode	paired	False	0.6506157517433167	dnase		
CL:0000823 DNase-seq	.	DNase-seq	CL:0000823	immature natural killer cell	primary_cell	unknown		encode	paired	False	0.9085276126861572	dnase		
CL:0000837 DNase-seq	.	DNase-seq	CL:0000837	hematopoietic multipotent progenitor cell	in_vitro_differentiated_cells	adult		encode	paired	False	0.4876305162906647	dnase		
CL:0000862 DNase-seq	.	DNase-seq	CL:0000862	suppressor macrophage	primary_cell	adult		encode	paired	False	0.23590947687625885	dnase		
CL:0000863 DNase-seq	.	DNase-seq	CL:0000863	inflammatory macrophage	primary_cell	adult		encode	paired	False	0.6210137605667114	dnase		
CL:0000895 DNase-seq	.	DNase-seq	CL:0000895	naive thymus-derived CD4-positive, alpha-beta T cell	primary_cell	adult		encode	paired	False	0.5822393894195557	dnase		
CL:0000897 DNase-seq	.	DNase-seq	CL:0000897	CD4-positive, alpha-beta memory T cell	primary_cell	adult		encode	paired	False	3.524648904800415	dnase		
CL:0000899 DNase-seq	.	DNase-seq	CL:0000899	T-helper 17 cell	primary_cell	adult		encode	paired	False	0.7438492774963379	dnase		
CL:0000900 DNase-seq	.	DNase-seq	CL:0000900	naive thymus-derived CD8-positive, alpha-beta T cell	primary_cell	adult		encode	paired	False	0.4006246030330658	dnase		
CL:0000904 DNase-seq	.	DNase-seq	CL:0000904	central memory CD4-positive, alpha-beta T cell	primary_cell	adult		encode	paired	False	1.6689720153808594	dnase		
CL:0000905 DNase-seq	.	DNase-seq	CL:0000905	effector memory CD4-positive, alpha-beta T cell	primary_cell	adult		encode	paired	False	1.3759067058563232	dnase		
CL:0000907 DNase-seq	.	DNase-seq	CL:0000907	central memory CD8-positive, alpha-beta T cell	primary_cell	adult		encode	paired	False	0.6267991065979004	dnase		
CL:0000909 DNase-seq	.	DNase-seq	CL:0000909	CD8-positive, alpha-beta memory T cell	primary_cell	adult		encode	paired	False	0.8454427719116211	dnase		
CL:0000913 DNase-seq	.	DNase-seq	CL:0000913	effector memory CD8-positive, alpha-beta T cell	primary_cell	adult		encode	paired	False	0.5821823477745056	dnase		
CL:0001042 DNase-seq	.	DNase-seq	CL:0001042	T-helper 22 cell	primary_cell	adult		encode	paired	False	4.007289886474609	dnase		
CL:0001044 DNase-seq	.	DNase-seq	CL:0001044	effector CD4-positive, alpha-beta T cell	primary_cell	adult		encode	paired	False	1.9604204893112183	dnase		
CL:0001054 DNase-seq	.	DNase-seq	CL:0001054	CD14-positive monocyte	primary_cell	adult		encode	paired	False	0.3832496404647827	dnase		
CL:0001059 DNase-seq	.	DNase-seq	CL:0001059	common myeloid progenitor, CD34-positive	primary_cell	adult		encode	paired	False	0.8163495063781738	dnase		
CL:0002038 DNase-seq	.	DNase-seq	CL:0002038	T follicular helper cell	primary_cell	adult		encode	paired	False	4.746370315551758	dnase		
CL:0002061 DNase-seq	.	DNase-seq	CL:0002061	T-helper 9 cell	primary_cell	adult		encode	paired	False	2.6681625843048096	dnase		
CL:0002231 DNase-seq	.	DNase-seq	CL:0002231	epithelial cell of prostate	primary_cell	unknown		encode	single	False	1.79982590675354	dnase		
CL:0002252 DNase-seq	.	DNase-seq	CL:0002252	epithelial cell of esophagus	primary_cell	unknown		encode	single	False	0.6855566501617432	dnase		
CL:0002304 DNase-seq	.	DNase-seq	CL:0002304	non-pigmented ciliary epithelial cell	primary_cell	unknown		encode	single	False	3.0522754192352295	dnase		
CL:0002306 DNase-seq	.	DNase-seq	CL:0002306	epithelial cell of proximal tubule	primary_cell	unknown		encode	single	False	2.5602056980133057	dnase		
CL:0002327 DNase-seq	.	DNase-seq	CL:0002327	mammary epithelial cell	primary_cell	adult		encode	paired	False	0.6776365637779236	dnase		
CL:0002328 DNase-seq	.	DNase-seq	CL:0002328	bronchial epithelial cell	primary_cell	unknown		encode	single	False	0.7579159140586853	dnase		
CL:0002351 DNase-seq	.	DNase-seq	CL:0002351	progenitor cell of endocrine pancreas	in_vitro_differentiated_cells	embryonic		encode	paired	False	1.0526008605957031	dnase		
CL:0002372 DNase-seq	.	DNase-seq	CL:0002372	myotube	in_vitro_differentiated_cells	unknown		encode	single	False	2.400099754333496	dnase		
CL:0002518 DNase-seq	.	DNase-seq	CL:0002518	kidney epithelial cell	primary_cell	unknown		encode	single	False	2.745112657546997	dnase		
CL:0002536 DNase-seq	.	DNase-seq	CL:0002536	amniotic epithelial cell	primary_cell	unknown		encode	single	False	0.9171459078788757	dnase		
CL:0002547 DNase-seq	.	DNase-seq	CL:0002547	fibroblast of the aortic adventitia	primary_cell	unknown		encode	single	False	0.6756204962730408	dnase		
CL:0002548 DNase-seq	.	DNase-seq	CL:0002548	cardiac fibroblast	primary_cell	adult		encode	paired	False	0.6222532987594604	dnase		
CL:0002550 DNase-seq	.	DNase-seq	CL:0002550	fibroblast of the conjunctiva	primary_cell	unknown		encode	single	False	2.0065205097198486	dnase		
CL:0002551 DNase-seq	.	DNase-seq	CL:0002551	fibroblast of dermis	primary_cell	adult		encode	single	False	1.079167366027832	dnase		
CL:0002552 DNase-seq	.	DNase-seq	CL:0002552	fibroblast of gingiva	primary_cell	unknown		encode	paired	False	0.5092926621437073	dnase		
CL:0002553 DNase-seq	.	DNase-seq	CL:0002553	fibroblast of lung	primary_cell	adult		encode	single	False	0.7885729074478149	dnase		
CL:0002555 DNase-seq	.	DNase-seq	CL:0002555	fibroblast of mammary gland	primary_cell	unknown		encode	single	False	0.8995188474655151	dnase		
CL:0002557 DNase-seq	.	DNase-seq	CL:0002557	fibroblast of pulmonary artery	primary_cell	unknown		encode	single	False	0.9265996813774109	dnase		
CL:0002558 DNase-seq	.	DNase-seq	CL:0002558	fibroblast of villous mesenchyme	primary_cell	unknown		encode	single	False	0.7923138737678528	dnase		
CL:0002565 DNase-seq	.	DNase-seq	CL:0002565	iris pigment epithelial cell	primary_cell	unknown		encode	single	False	0.7827289700508118	dnase		
CL:0002584 DNase-seq	.	DNase-seq	CL:0002584	renal cortical epithelial cell	primary_cell	unknown		encode	single	False	0.8318119049072266	dnase		
CL:0002586 DNase-seq	.	DNase-seq	CL:0002586	retinal pigment epithelial cell	primary_cell	unknown		encode	single	False	2.909048318862915	dnase		
CL:0002590 DNase-seq	.	DNase-seq	CL:0002590	smooth muscle cell of the brain vasculature	primary_cell	unknown		encode	single	False	2.438349962234497	dnase		
CL:0002603 DNase-seq	.	DNase-seq	CL:0002603	astrocyte of the cerebellum	primary_cell	unknown		encode	single	False	1.9216886758804321	dnase		
CL:0002604 DNase-seq	.	DNase-seq	CL:0002604	astrocyte of the hippocampus	primary_cell	unknown		encode	single	False	0.5650158524513245	dnase		
CL:0002606 DNase-seq	.	DNase-seq	CL:0002606	astrocyte of the spinal cord	primary_cell	unknown		encode	single	False	0.8070069551467896	dnase		
CL:0002618 DNase-seq	.	DNase-seq	CL:0002618	endothelial cell of umbilical vein	primary_cell	newborn		encode	single	False	0.37584367394447327	dnase		
CL:0010001 DNase-seq	.	DNase-seq	CL:0010001	stromal cell of bone marrow	primary_cell	unknown		encode	single	False	2.691941738128662	dnase		
CL:0011012 DNase-seq	.	DNase-seq	CL:0011012	neural crest cell	in_vitro_differentiated_cells	embryonic		encode	paired	False	0.8980225324630737	dnase		
CL:0011019 DNase-seq	.	DNase-seq	CL:0011019	mesothelial cell of epicardium	in_vitro_differentiated_cells	embryonic		encode	paired	False	0.6035394072532654	dnase		
CL:0011020 DNase-seq	.	DNase-seq	CL:0011020	neural progenitor cell	in_vitro_differentiated_cells	embryonic		encode	paired	False	0.4942465126514435	dnase		
CL:0011021 DNase-seq	.	DNase-seq	CL:0011021	fibroblast of upper back skin	primary_cell	embryonic		encode	paired	False	0.9696041941642761	dnase		
CL:0011022 DNase-seq	.	DNase-seq	CL:0011022	fibroblast of skin of back	primary_cell	embryonic		encode	paired	False	0.8348377346992493	dnase		
CL:1000507 DNase-seq	.	DNase-seq	CL:1000507	kidney tubule cell	primary_cell	adult		encode	paired	False	0.5207222700119019	dnase		
CL:1000892 DNase-seq	.	DNase-seq	CL:1000892	kidney capillary endothelial cell	primary_cell	embryonic		encode	paired	False	0.8645994663238525	dnase		
CL:1001568 DNase-seq	.	DNase-seq	CL:1001568	pulmonary artery endothelial cell	primary_cell	unknown		encode	single	False	3.48999285697937	dnase		
CL:1001606 DNase-seq	.	DNase-seq	CL:1001606	foreskin keratinocyte	primary_cell	newborn		encode	paired	False	0.8092641830444336	dnase		
CL:1001608 DNase-seq	.	DNase-seq	CL:1001608	foreskin fibroblast	primary_cell	newborn		encode	single	False	0.6006089448928833	dnase		
CL:2000000 DNase-seq	.	DNase-seq	CL:2000000	epidermal melanocyte	primary_cell	unknown		encode	single	False	2.429208517074585	dnase		
CL:2000010 DNase-seq	.	DNase-seq	CL:2000010	dermis blood vessel endothelial cell	primary_cell	newborn		encode	single	False	0.6149095892906189	dnase		
CL:2000013 DNase-seq	.	DNase-seq	CL:2000013	fibroblast of skin of abdomen	primary_cell	embryonic		encode	paired	False	0.7902196049690247	dnase		
CL:2000016 DNase-seq	.	DNase-seq	CL:2000016	lung microvascular endothelial cell	primary_cell	unknown		encode	paired	False	0.5494294166564941	dnase		
CL:2000017 DNase-seq	.	DNase-seq	CL:2000017	fibroblast of peridontal ligament	primary_cell	unknown		encode	single	False	0.766350269317627	dnase		
CL:2000041 DNase-seq	.	DNase-seq	CL:2000041	dermis microvascular lymphatic vessel endothelial cell	primary_cell	unknown		encode	single	False	0.5694506764411926	dnase		
CL:2000043 DNase-seq	.	DNase-seq	CL:2000043	brain pericyte	primary_cell	unknown		encode	single	False	3.447007656097412	dnase		
CL:2000044 DNase-seq	.	DNase-seq	CL:2000044	brain microvascular endothelial cell	primary_cell	unknown		encode	paired	False	0.8649314045906067	dnase		
CL:2000045 DNase-seq	.	DNase-seq	CL:2000045	foreskin melanocyte	primary_cell	newborn		encode	single	False	1.6665078401565552	dnase		
CLO:0003771 DNase-seq	.	DNase-seq	CLO:0003771	HK-2	cell_line	unknown		encode	paired	False	1.9446057081222534	dnase		
CLO:0007045 DNase-seq	.	DNase-seq	CLO:0007045	Jurkat, Clone E6-1	cell_line	child		encode	single	False	1.5674571990966797	dnase		
CLO:0011092 DNase-seq	.	DNase-seq	CLO:0011092	AG20443	cell_line	adult		encode	single	False	0.489742636680603	dnase		
CLO:0016536 DNase-seq	.	DNase-seq	CLO:0016536	GM03348	cell_line	child		encode	single	False	0.6024907827377319	dnase		
CLO:0018812 DNase-seq	.	DNase-seq	CLO:0018812	GM04504	cell_line	adult		encode	single	False	2.7088184356689453	dnase		
CLO:0018813 DNase-seq	.	DNase-seq	CLO:0018813	GM04503	cell_line	adult		encode	single	False	2.5049474239349365	dnase		
CLO:0021511 DNase-seq	.	DNase-seq	CLO:0021511	AG10803	cell_line	adult		encode	single	False	1.0066683292388916	dnase		
CLO:0021752 DNase-seq	.	DNase-seq	CLO:0021752	AG09309	cell_line	adult		encode	single	False	2.8119919300079346	dnase		
CLO:0021754 DNase-seq	.	DNase-seq	CLO:0021754	AG09319	cell_line	adult		encode	single	False	3.7290589809417725	dnase		
CLO:0033902 DNase-seq	.	DNase-seq	CLO:0033902	AG08396	cell_line	adult		encode	single	False	0.7557680010795593	dnase		
CLO:0033911 DNase-seq	.	DNase-seq	CLO:0033911	AG08395	cell_line	adult		encode	single	False	0.5651062726974487	dnase		
CLO:0034837 DNase-seq	.	DNase-seq	CLO:0034837	AG04449	cell_line	embryonic		encode	single	False	2.6723761558532715	dnase		
EFO:0000681 DNase-seq	.	DNase-seq	EFO:0000681	RCC	cell_line	adult		encode	paired	False	0.404991090297699	dnase		
EFO:0001086 DNase-seq	.	DNase-seq	EFO:0001086	A549	cell_line	unknown		encode	single	False	1.3698084354400635	dnase		
EFO:0001099 DNase-seq	.	DNase-seq	EFO:0001099	Caco-2	cell_line	adult		encode	paired	False	0.35403701663017273	dnase		
EFO:0001187 DNase-seq	.	DNase-seq	EFO:0001187	HepG2	cell_line	child		encode	paired	False	0.5917545557022095	dnase		
EFO:0001193 DNase-seq	.	DNase-seq	EFO:0001193	HT-29	cell_line	adult		encode	paired	False	0.31434935331344604	dnase		
EFO:0001196 DNase-seq	.	DNase-seq	EFO:0001196	IMR-90	cell_line	embryonic		encode	single	False	0.5586584210395813	dnase		
EFO:0001200 DNase-seq	.	DNase-seq	EFO:0001200	MCF 10A	cell_line	adult		encode	paired	False	0.6995792388916016	dnase		
EFO:0001203 DNase-seq	.	DNase-seq	EFO:0001203	MCF-7	cell_line	adult		encode	single	False	1.527384877204895	dnase		
EFO:0001221 DNase-seq	.	DNase-seq	EFO:0001221	NCI-H929	cell_line	adult		encode	paired	False	0.6527357697486877	dnase		
EFO:0001232 DNase-seq	.	DNase-seq	EFO:0001232	RKO	cell_line	unknown		encode	paired	False	0.39124998450279236	dnase		
EFO:0001247 DNase-seq	.	DNase-seq	EFO:0001247	T47D	cell_line	adult		encode	paired	False	0.7594418525695801	dnase		
EFO:0002059 DNase-seq	.	DNase-seq	EFO:0002059	HT1080	cell_line	adult		encode	paired	False	0.5158950686454773	dnase		
EFO:0002067 DNase-seq	.	DNase-seq	EFO:0002067	K562	cell_line	adult		encode	paired	False	0.7512144446372986	dnase		
EFO:0002074 DNase-seq	.	DNase-seq	EFO:0002074	PC-3	cell_line	adult		encode	paired	False	0.33056098222732544	dnase		
EFO:0002083 DNase-seq	.	DNase-seq	EFO:0002083	SW480	cell_line	adult		encode	paired	False	0.5017459988594055	dnase		
EFO:0002101 DNase-seq	.	DNase-seq	EFO:0002101	A172	cell_line	adult		encode	paired	False	0.6259351372718811	dnase		
EFO:0002106 DNase-seq	.	DNase-seq	EFO:0002106	A673	cell_line	child		encode	paired	False	0.4033849537372589	dnase		
EFO:0002108 DNase-seq	.	DNase-seq	EFO:0002108	ACHN	cell_line	adult		encode	paired	False	0.39731329679489136	dnase		
EFO:0002140 DNase-seq	.	DNase-seq	EFO:0002140	COLO829	cell_line	adult		encode	single	False	1.0428472757339478	dnase		
EFO:0002150 DNase-seq	.	DNase-seq	EFO:0002150	Caki2	cell_line	adult		encode	paired	False	0.8169956803321838	dnase		
EFO:0002179 DNase-seq	.	DNase-seq	EFO:0002179	G401	cell_line	child		encode	paired	False	0.3348170220851898	dnase		
EFO:0002184 DNase-seq	.	DNase-seq	EFO:0002184	H4	cell_line	adult		encode	paired	False	0.2589706480503082	dnase		
EFO:0002234 DNase-seq	.	DNase-seq	EFO:0002234	MG63	cell_line	child		encode	paired	False	1.3897887468338013	dnase		
EFO:0002246 DNase-seq	.	DNase-seq	EFO:0002246	NAMALWA	cell_line	child		encode	paired	False	0.24920177459716797	dnase		
EFO:0002285 DNase-seq	.	DNase-seq	EFO:0002285	NCI-H226	cell_line	adult		encode	paired	False	0.6913072466850281	dnase		
EFO:0002322 DNase-seq	.	DNase-seq	EFO:0002322	RPMI8226	cell_line	adult		encode	paired	False	0.46553540229797363	dnase		
EFO:0002323 DNase-seq	.	DNase-seq	EFO:0002323	RWPE1	cell_line	adult		encode	single	False	1.0728051662445068	dnase		
EFO:0002330 DNase-seq	.	DNase-seq	EFO:0002330	SJSA1	cell_line	adult		encode	paired	False	0.2602348327636719	dnase		
EFO:0002713 DNase-seq	.	DNase-seq	EFO:0002713	Panc1	cell_line	adult		encode	single	False	2.7078969478607178	dnase		
EFO:0002779 DNase-seq	.	DNase-seq	EFO:0002779	BJ	cell_line	newborn		encode	single	False	3.066230535507202	dnase		
EFO:0002783 DNase-seq	.	DNase-seq	EFO:0002783	GM06990	cell_line	unknown		encode	single	False	1.4070837497711182	dnase		
EFO:0002784 DNase-seq	.	DNase-seq	EFO:0002784	GM12878	cell_line	adult		encode	single	False	1.973615050315857	dnase		
EFO:0002785 DNase-seq	.	DNase-seq	EFO:0002785	GM12891	cell_line	unknown		encode	single	False	2.2426021099090576	dnase		
EFO:0002788 DNase-seq	.	DNase-seq	EFO:0002788	GM19238	cell_line	unknown		encode	single	False	2.614777088165283	dnase		
EFO:0002789 DNase-seq	.	DNase-seq	EFO:0002789	GM19239	cell_line	unknown		encode	single	False	2.127342700958252	dnase		
EFO:0002790 DNase-seq	.	DNase-seq	EFO:0002790	GM19240	cell_line	unknown		encode	single	False	3.142216920852661	dnase		
EFO:0002791 DNase-seq	.	DNase-seq	EFO:0002791	HeLa-S3	cell_line	adult		encode	paired	False	0.6147698163986206	dnase		
EFO:0002793 DNase-seq	.	DNase-seq	EFO:0002793	HL-60	cell_line	adult		encode	paired	False	0.4432883858680725	dnase		
EFO:0002798 DNase-seq	.	DNase-seq	EFO:0002798	NB4	cell_line	adult		encode	single	False	0.5139434337615967	dnase		
EFO:0002819 DNase-seq	.	DNase-seq	EFO:0002819	Calu3	cell_line	adult		encode	paired	False	0.8454360961914062	dnase		
EFO:0002824 DNase-seq	.	DNase-seq	EFO:0002824	HCT116	cell_line	adult		encode	single	False	2.3007709980010986	dnase		
EFO:0002847 DNase-seq	.	DNase-seq	EFO:0002847	PC-9	cell_line	unknown		encode	paired	False	1.1961363554000854	dnase		
EFO:0002860 DNase-seq	.	DNase-seq	EFO:0002860	SK-N-MC	cell_line	child		encode	single	False	2.3146300315856934	dnase		
EFO:0003037 DNase-seq	.	DNase-seq	EFO:0003037	CMK	cell_line	child		encode	single	False	5.96456241607666	dnase		
EFO:0003042 DNase-seq	.	DNase-seq	EFO:0003042	H1	cell_line	embryonic		encode	paired	False	0.35558420419692993	dnase		
EFO:0003044 DNase-seq	.	DNase-seq	EFO:0003044	NCI-H460	cell_line	unknown		encode	paired	False	2.7118191719055176	dnase		
EFO:0003045 DNase-seq	.	DNase-seq	EFO:0003045	H9	cell_line	embryonic		encode	paired	False	0.36124664545059204	dnase		
EFO:0003072 DNase-seq	.	DNase-seq	EFO:0003072	SK-N-SH	cell_line	child		encode	single	False	0.697295069694519	dnase		
EFO:0005236 DNase-seq	.	DNase-seq	EFO:0005236	NT2/D1	cell_line	unknown		encode	single	False	2.16270112991333	dnase		
EFO:0005282 DNase-seq	.	DNase-seq	EFO:0005282	HS-5	cell_line	adult		encode	single	False	3.068507671356201	dnase		
EFO:0005283 DNase-seq	.	DNase-seq	EFO:0005283	HS-27A	cell_line	adult		encode	single	False	3.3722217082977295	dnase		
EFO:0005337 DNase-seq	.	DNase-seq	EFO:0005337	GM12864	cell_line	unknown		encode	single	False	5.519004821777344	dnase		
EFO:0005338 DNase-seq	.	DNase-seq	EFO:0005338	GM12865	cell_line	unknown		encode	single	False	0.7618824243545532	dnase		
EFO:0005345 DNase-seq	.	DNase-seq	EFO:0005345	GM13976	cell_line	unknown		encode	single	False	0.5067197680473328	dnase		
EFO:0005352 DNase-seq	.	DNase-seq	EFO:0005352	GM20000	cell_line	child		encode	single	False	0.5614458322525024	dnase		
EFO:0005384 DNase-seq	.	DNase-seq	EFO:0005384	HuH-7	cell_line	adult		encode	single	False	1.326578140258789	dnase		
EFO:0005696 DNase-seq	.	DNase-seq	EFO:0005696	D721Med	cell_line	child		encode	single	False	3.3585827350616455	dnase		
EFO:0005697 DNase-seq	.	DNase-seq	EFO:0005697	M059J	cell_line	adult		encode	paired	False	0.679729163646698	dnase		
EFO:0005698 DNase-seq	.	DNase-seq	EFO:0005698	Daoy	cell_line	child		encode	paired	False	0.663628876209259	dnase		
EFO:0005704 DNase-seq	.	DNase-seq	EFO:0005704	HuH-7.5	cell_line	adult		encode	single	False	1.8704612255096436	dnase		
EFO:0005707 DNase-seq	.	DNase-seq	EFO:0005707	RCC 7860	cell_line	adult		encode	paired	False	0.38709786534309387	dnase		
EFO:0005709 DNase-seq	.	DNase-seq	EFO:0005709	HTR-8/SVneo	cell_line	embryonic		encode	single	False	1.2438695430755615	dnase		
EFO:0005710 DNase-seq	.	DNase-seq	EFO:0005710	HFF-Myc	cell_line	newborn		encode	single	False	2.5209357738494873	dnase		
EFO:0005712 DNase-seq	.	DNase-seq	EFO:0005712	RPMI7951	cell_line	adult		encode	paired	False	0.750880241394043	dnase		
EFO:0005714 DNase-seq	.	DNase-seq	EFO:0005714	LHCN-M2	cell_line	adult		encode	paired	False	1.0306603908538818	dnase		
EFO:0005715 DNase-seq	.	DNase-seq	EFO:0005715	WERI-Rb-1	cell_line	child		encode	paired	False	0.5877436399459839	dnase		
EFO:0005719 DNase-seq	.	DNase-seq	EFO:0005719	Karpas-422	cell_line	adult		encode	paired	False	0.7704964280128479	dnase		
EFO:0005720 DNase-seq	.	DNase-seq	EFO:0005720	SK-MEL-5	cell_line	adult		encode	paired	False	0.6427146196365356	dnase		
EFO:0005721 DNase-seq	.	DNase-seq	EFO:0005721	SK-N-DZ	cell_line	child		encode	paired	False	0.2404664009809494	dnase		
EFO:0005722 DNase-seq	.	DNase-seq	EFO:0005722	SJCRH30	cell_line	child		encode	paired	False	0.2745540738105774	dnase		
EFO:0005723 DNase-seq	.	DNase-seq	EFO:0005723	GM23248	cell_line	adult		encode	paired	False	0.6127015352249146	dnase		
EFO:0005724 DNase-seq	.	DNase-seq	EFO:0005724	MM.1S	cell_line	adult		encode	paired	False	1.686448097229004	dnase		
EFO:0005725 DNase-seq	.	DNase-seq	EFO:0005725	BE2C	cell_line	child		encode	paired	False	0.5945417881011963	dnase		
EFO:0005726 DNase-seq	.	DNase-seq	EFO:0005726	LNCaP clone FGC	cell_line	adult		encode	single	False	2.3022053241729736	dnase		
EFO:0005901 DNase-seq	.	DNase-seq	EFO:0005901	ELF-1	cell_line	embryonic		encode	paired	False	0.70262211561203	dnase		
EFO:0005903 DNase-seq	.	DNase-seq	EFO:0005903	KBM-7	cell_line	adult		encode	paired	False	0.6494789123535156	dnase		
EFO:0005904 DNase-seq	.	DNase-seq	EFO:0005904	H7	cell_line	embryonic		encode	single	False	0.720466136932373	dnase		
EFO:0005913 DNase-seq	.	DNase-seq	EFO:0005913	urothelium cell line	cell_line	child		encode	single	False	0.7121906280517578	dnase		
EFO:0006270 DNase-seq	.	DNase-seq	EFO:0006270	AG04450	cell_line	embryonic		encode	single	False	2.4997332096099854	dnase		
EFO:0006639 DNase-seq	.	DNase-seq	EFO:0006639	LoVo	cell_line	adult		encode	paired	False	0.41923755407333374	dnase		
EFO:0006711 DNase-seq	.	DNase-seq	EFO:0006711	OCI-LY7	cell_line	adult		encode	paired	False	0.3808844983577728	dnase		
EFO:0007074 DNase-seq	.	DNase-seq	EFO:0007074	DND-41	cell_line	child		encode	paired	False	0.6119149923324585	dnase		
EFO:0007098 DNase-seq	.	DNase-seq	EFO:0007098	iPS DF 6.9	cell_line	newborn		encode	single	False	4.789461135864258	dnase		
EFO:0007598 DNase-seq	.	DNase-seq	EFO:0007598	HAP-1	cell_line	adult		encode	paired	False	0.2808516025543213	dnase		
EFO:0007599 DNase-seq	.	DNase-seq	EFO:0007599	L1-S8	cell_line	unknown		encode	paired	False	0.49668434262275696	dnase		
EFO:0007600 DNase-seq	.	DNase-seq	EFO:0007600	L1-S8R	cell_line	unknown		encode	paired	False	0.21592050790786743	dnase		
EFO:0007610 DNase-seq	.	DNase-seq	EFO:0007610	RWPE2	cell_line	unknown		encode	paired	False	0.47734326124191284	dnase		
EFO:0007748 DNase-seq	.	DNase-seq	EFO:0007748	EH	cell_line	newborn		encode	paired	False	0.6068446040153503	dnase		
EFO:0007749 DNase-seq	.	DNase-seq	EFO:0007749	EL	cell_line	newborn		encode	paired	False	0.6062823534011841	dnase		
EFO:0007750 DNase-seq	.	DNase-seq	EFO:0007750	ELR	cell_line	newborn		encode	paired	False	0.6943896412849426	dnase		
EFO:0007950 DNase-seq	.	DNase-seq	EFO:0007950	GM23338	cell_line	adult		encode	paired	False	0.40125343203544617	dnase		
EFO:0007952 DNase-seq	.	DNase-seq	EFO:0007952	iPS-NIHi11	cell_line	adult		encode	single	False	0.6423331499099731	dnase		
EFO:0009318 DNase-seq	.	DNase-seq	EFO:0009318	HFFc6	cell_line	newborn		encode	paired	False	0.5453643202781677	dnase		
EFO:0009500 DNase-seq	.	DNase-seq	EFO:0009500	HCEC 1CT	cell_line	unknown		encode	paired	False	0.6607038378715515	dnase		
EFO:0009747 DNase-seq	.	DNase-seq	EFO:0009747	WTC11	cell_line	adult		encode	paired	False	0.541504979133606	dnase		
NTR:0000474 DNase-seq	.	DNase-seq	NTR:0000474	ecto neural progenitor cell	in_vitro_differentiated_cells	embryonic		encode	paired	False	0.5599417090415955	dnase		
NTR:0000491 DNase-seq	.	DNase-seq	NTR:0000491	Right ventricle myocardium inferior	tissue	adult		encode	paired	False	3.2410683631896973	dnase		
NTR:0000492 DNase-seq	.	DNase-seq	NTR:0000492	Right ventricle myocardium superior	tissue	adult		encode	paired	False	1.5690189599990845	dnase		
NTR:0000493 DNase-seq	.	DNase-seq	NTR:0000493	left ventricle myocardium inferior	tissue	adult		encode	paired	False	1.6126317977905273	dnase		
NTR:0000494 DNase-seq	.	DNase-seq	NTR:0000494	left ventricle myocardium superior	tissue	adult		encode	paired	False	1.6449697017669678	dnase		
NTR:0000512 DNase-seq	.	DNase-seq	NTR:0000512	nephron progenitor cell	in_vitro_differentiated_cells	embryonic		encode	paired	False	0.7815791368484497	dnase		
NTR:0000521 DNase-seq	.	DNase-seq	NTR:0000521	fibroblast of skin of left biceps	primary_cell	embryonic		encode	single	False	2.447565793991089	dnase		
NTR:0000522 DNase-seq	.	DNase-seq	NTR:0000522	fibroblast of skin of left quadriceps	primary_cell	embryonic		encode	single	False	1.9251389503479004	dnase		
NTR:0000523 DNase-seq	.	DNase-seq	NTR:0000523	fibroblast of skin of right quadriceps	primary_cell	embryonic		encode	paired	False	0.6511805057525635	dnase		
NTR:0000524 DNase-seq	.	DNase-seq	NTR:0000524	fibroblast of skin of scalp	primary_cell	embryonic		encode	paired	False	0.9233055114746094	dnase		
NTR:0000525 DNase-seq	.	DNase-seq	NTR:0000525	fibroblast of skin of right biceps	primary_cell	embryonic		encode	paired	False	0.7713181376457214	dnase		
NTR:0000856 DNase-seq	.	DNase-seq	NTR:0000856	mesendoderm	in_vitro_differentiated_cells	embryonic		encode	single	False	0.5820455551147461	dnase		
NTR:0001484 DNase-seq	.	DNase-seq	NTR:0001484	islet precursor cell	in_vitro_differentiated_cells	embryonic		encode	paired	False	0.6271908283233643	dnase		
UBERON:0000056 DNase-seq	.	DNase-seq	UBERON:0000056	ureter	tissue	adult		encode	paired	False	0.7453031539916992	dnase		
UBERON:0000059 DNase-seq	.	DNase-seq	UBERON:0000059	large intestine	tissue	embryonic		encode	single	False	0.3893989026546478	dnase		
UBERON:0000317 DNase-seq	.	DNase-seq	UBERON:0000317	colonic mucosa	tissue	child		encode	paired	False	0.6837869882583618	dnase		
UBERON:0000473 DNase-seq	.	DNase-seq	UBERON:0000473	testis	tissue	adult		encode	paired	False	0.9270487427711487	dnase		
UBERON:0000945 DNase-seq	.	DNase-seq	UBERON:0000945	stomach	tissue	adult		encode	paired	False	0.9069320559501648	dnase		
UBERON:0000947 DNase-seq	.	DNase-seq	UBERON:0000947	aorta	tissue	adult		encode	paired	False	0.6485071778297424	dnase		
UBERON:0000948 DNase-seq	.	DNase-seq	UBERON:0000948	heart	tissue	embryonic		encode	paired	False	0.7380961179733276	dnase		
UBERON:0000955 DNase-seq	.	DNase-seq	UBERON:0000955	brain	tissue	embryonic		encode	paired	False	0.3288920521736145	dnase		
UBERON:0000966 DNase-seq	.	DNase-seq	UBERON:0000966	retina	tissue	embryonic		encode	paired	False	0.5274835228919983	dnase		
UBERON:0000970 DNase-seq	.	DNase-seq	UBERON:0000970	eye	tissue	embryonic		encode	paired	False	0.26817503571510315	dnase		
UBERON:0000981 DNase-seq	.	DNase-seq	UBERON:0000981	femur	tissue	embryonic		encode	paired	False	0.9800584316253662	dnase		
UBERON:0000988 DNase-seq	.	DNase-seq	UBERON:0000988	pons	tissue	adult		encode	paired	False	0.4579213261604309	dnase		
UBERON:0000992 DNase-seq	.	DNase-seq	UBERON:0000992	ovary	tissue	adult		encode	paired	False	0.2674427926540375	dnase		
UBERON:0000995 DNase-seq	.	DNase-seq	UBERON:0000995	uterus	tissue	adult		encode	paired	False	0.5486983060836792	dnase		
UBERON:0001072 DNase-seq	.	DNase-seq	UBERON:0001072	posterior vena cava	tissue	adult		encode	paired	False	1.1472437381744385	dnase		
UBERON:0001114 DNase-seq	.	DNase-seq	UBERON:0001114	right lobe of liver	tissue	adult		encode	paired	False	0.47963228821754456	dnase		
UBERON:0001115 DNase-seq	.	DNase-seq	UBERON:0001115	left lobe of liver	tissue	adult		encode	paired	False	0.6450967192649841	dnase		
UBERON:0001150 DNase-seq	.	DNase-seq	UBERON:0001150	body of pancreas	tissue	adult		encode	paired	False	0.357327401638031	dnase		
UBERON:0001157 DNase-seq	.	DNase-seq	UBERON:0001157	transverse colon	tissue	adult		encode	paired	False	1.0917359590530396	dnase		
UBERON:0001159 DNase-seq	.	DNase-seq	UBERON:0001159	sigmoid colon	tissue	adult		encode	paired	False	0.9145393967628479	dnase		
UBERON:0001211 DNase-seq	.	DNase-seq	UBERON:0001211	Peyer's patch	tissue	adult		encode	paired	False	0.3851829171180725	dnase		
UBERON:0001224 DNase-seq	.	DNase-seq	UBERON:0001224	renal pelvis	tissue	embryonic		encode	single	False	2.1799817085266113	dnase		
UBERON:0001264 DNase-seq	.	DNase-seq	UBERON:0001264	pancreas	tissue	adult		encode	paired	False	0.29151973128318787	dnase		
UBERON:0001322 DNase-seq	.	DNase-seq	UBERON:0001322	sciatic nerve	tissue	adult		encode	paired	False	0.7888127565383911	dnase		
UBERON:0001323 DNase-seq	.	DNase-seq	UBERON:0001323	tibial nerve	tissue	adult		encode	paired	False	0.6753217577934265	dnase		
UBERON:0001383 DNase-seq	.	DNase-seq	UBERON:0001383	muscle of leg	tissue	embryonic		encode	single	False	0.5681041479110718	dnase		
UBERON:0001496 DNase-seq	.	DNase-seq	UBERON:0001496	ascending aorta	tissue	adult		encode	paired	False	0.7453764081001282	dnase		
UBERON:0001499 DNase-seq	.	DNase-seq	UBERON:0001499	muscle of arm	tissue	embryonic		encode	single	False	1.5984889268875122	dnase		
UBERON:0001515 DNase-seq	.	DNase-seq	UBERON:0001515	thoracic aorta	tissue	adult		encode	paired	False	2.0039520263671875	dnase		
UBERON:0001621 DNase-seq	.	DNase-seq	UBERON:0001621	coronary artery	tissue	adult		encode	paired	False	0.9081931710243225	dnase		
UBERON:0001723 DNase-seq	.	DNase-seq	UBERON:0001723	tongue	tissue	embryonic		encode	paired	False	0.461385577917099	dnase		
UBERON:0001774 DNase-seq	.	DNase-seq	UBERON:0001774	muscle of trunk	tissue	embryonic		encode	single	False	0.4869764447212219	dnase		
UBERON:0001870 DNase-seq	.	DNase-seq	UBERON:0001870	frontal cortex	tissue	adult		encode	single	False	0.9675334692001343	dnase		
UBERON:0001874 DNase-seq	.	DNase-seq	UBERON:0001874	putamen	tissue	adult		encode	paired	False	1.0092743635177612	dnase		
UBERON:0001875 DNase-seq	.	DNase-seq	UBERON:0001875	globus pallidus	tissue	adult		encode	paired	False	0.6928175687789917	dnase		
UBERON:0001954 DNase-seq	.	DNase-seq	UBERON:0001954	Ammon's horn	tissue	adult		encode	paired	False	0.5017354488372803	dnase		
UBERON:0001987 DNase-seq	.	DNase-seq	UBERON:0001987	placenta	tissue	embryonic		encode	paired	False	0.14548371732234955	dnase		
UBERON:0002037 DNase-seq	.	DNase-seq	UBERON:0002037	cerebellum	tissue	adult		encode	single	False	0.498566210269928	dnase		
UBERON:0002046 DNase-seq	.	DNase-seq	UBERON:0002046	thyroid gland	tissue	adult		encode	paired	False	0.7914156913757324	dnase		
UBERON:0002048 DNase-seq	.	DNase-seq	UBERON:0002048	lung	tissue	embryonic		encode	paired	False	0.4275049567222595	dnase		
UBERON:0002078 DNase-seq	.	DNase-seq	UBERON:0002078	right cardiac atrium	tissue	adult		encode	paired	False	0.8271661996841431	dnase		
UBERON:0002079 DNase-seq	.	DNase-seq	UBERON:0002079	left cardiac atrium	tissue	adult		encode	paired	False	1.5311051607131958	dnase		
UBERON:0002080 DNase-seq	.	DNase-seq	UBERON:0002080	heart right ventricle	tissue	adult		encode	paired	False	0.6760692000389099	dnase		
UBERON:0002084 DNase-seq	.	DNase-seq	UBERON:0002084	heart left ventricle	tissue	adult		encode	paired	False	0.3393922448158264	dnase		
UBERON:0002099 DNase-seq	.	DNase-seq	UBERON:0002099	cardiac septum	tissue	adult		encode	paired	False	1.495876431465149	dnase		
UBERON:0002106 DNase-seq	.	DNase-seq	UBERON:0002106	spleen	tissue	adult		encode	paired	False	0.8771628141403198	dnase		
UBERON:0002107 DNase-seq	.	DNase-seq	UBERON:0002107	liver	tissue	embryonic		encode	paired	False	0.7895574569702148	dnase		
UBERON:0002108 DNase-seq	.	DNase-seq	UBERON:0002108	small intestine	tissue	adult		encode	paired	False	0.5932072997093201	dnase		
UBERON:0002113 DNase-seq	.	DNase-seq	UBERON:0002113	kidney	tissue	adult		encode	paired	False	1.0922431945800781	dnase		
UBERON:0002129 DNase-seq	.	DNase-seq	UBERON:0002129	cerebellar cortex	tissue	adult		encode	paired	False	0.38671547174453735	dnase		
UBERON:0002167 DNase-seq	.	DNase-seq	UBERON:0002167	right lung	tissue	embryonic		encode	single	False	1.2309776544570923	dnase		
UBERON:0002168 DNase-seq	.	DNase-seq	UBERON:0002168	left lung	tissue	adult		encode	paired	False	0.9140506386756897	dnase		
UBERON:0002170 DNase-seq	.	DNase-seq	UBERON:0002170	upper lobe of right lung	tissue	adult		encode	paired	False	0.863777756690979	dnase		
UBERON:0002171 DNase-seq	.	DNase-seq	UBERON:0002171	lower lobe of right lung	tissue	adult		encode	paired	False	1.0217218399047852	dnase		
UBERON:0002240 DNase-seq	.	DNase-seq	UBERON:0002240	spinal cord	tissue	embryonic		encode	paired	False	0.29311633110046387	dnase		
UBERON:0002324 DNase-seq	.	DNase-seq	UBERON:0002324	muscle of back	tissue	embryonic		encode	single	False	0.36552220582962036	dnase		
UBERON:0002331 DNase-seq	.	DNase-seq	UBERON:0002331	umbilical cord	tissue	embryonic		encode	paired	False	0.4278322160243988	dnase		
UBERON:0002367 DNase-seq	.	DNase-seq	UBERON:0002367	prostate gland	tissue	adult		encode	paired	False	0.7419143915176392	dnase		
UBERON:0002369 DNase-seq	.	DNase-seq	UBERON:0002369	adrenal gland	tissue	adult		encode	paired	False	0.24145561456680298	dnase		
UBERON:0002370 DNase-seq	.	DNase-seq	UBERON:0002370	thymus	tissue	embryonic		encode	single	False	0.23071163892745972	dnase		
UBERON:0002626 DNase-seq	.	DNase-seq	UBERON:0002626	head of caudate nucleus	tissue	adult		encode	paired	False	0.10091119259595871	dnase		
UBERON:0002740 DNase-seq	.	DNase-seq	UBERON:0002740	posterior cingulate gyrus	tissue	adult		encode	paired	False	0.3267453908920288	dnase		
UBERON:0003124 DNase-seq	.	DNase-seq	UBERON:0003124	chorion	tissue	unknown		encode	single	False	2.098452568054199	dnase		
UBERON:0003662 DNase-seq	.	DNase-seq	UBERON:0003662	forelimb muscle	tissue	embryonic		encode	single	False	5.48020601272583	dnase		
UBERON:0003663 DNase-seq	.	DNase-seq	UBERON:0003663	hindlimb muscle	tissue	embryonic		encode	single	False	2.133021354675293	dnase		
UBERON:0004264 DNase-seq	.	DNase-seq	UBERON:0004264	lower leg skin	tissue	adult		encode	paired	False	0.4412038326263428	dnase		
UBERON:0004538 DNase-seq	.	DNase-seq	UBERON:0004538	left kidney	tissue	embryonic		encode	single	False	2.1672964096069336	dnase		
UBERON:0004539 DNase-seq	.	DNase-seq	UBERON:0004539	right kidney	tissue	embryonic		encode	paired	False	1.0729928016662598	dnase		
UBERON:0004992 DNase-seq	.	DNase-seq	UBERON:0004992	mucosa of descending colon	tissue	adult		encode	paired	False	0.44594788551330566	dnase		
UBERON:0005033 DNase-seq	.	DNase-seq	UBERON:0005033	mucosa of gallbladder	tissue	child		encode	paired	False	0.7470425963401794	dnase		
UBERON:0005270 DNase-seq	.	DNase-seq	UBERON:0005270	renal cortex interstitium	tissue	embryonic		encode	single	False	0.4723626971244812	dnase		
UBERON:0006631 DNase-seq	.	DNase-seq	UBERON:0006631	right atrium auricular region	tissue	adult		encode	paired	False	0.8495630025863647	dnase		
UBERON:0007610 DNase-seq	.	DNase-seq	UBERON:0007610	tibial artery	tissue	adult		encode	paired	False	0.6081244349479675	dnase		
UBERON:0008367 DNase-seq	.	DNase-seq	UBERON:0008367	breast epithelium	tissue	adult		encode	paired	False	0.618876576423645	dnase		
UBERON:0008450 DNase-seq	.	DNase-seq	UBERON:0008450	psoas muscle	tissue	adult		encode	paired	False	0.9886283278465271	dnase		
UBERON:0008952 DNase-seq	.	DNase-seq	UBERON:0008952	upper lobe of left lung	tissue	adult		encode	paired	False	0.691214382648468	dnase		
UBERON:0008953 DNase-seq	.	DNase-seq	UBERON:0008953	lower lobe of left lung	tissue	adult		encode	paired	False	0.6039119958877563	dnase		
UBERON:0008971 DNase-seq	.	DNase-seq	UBERON:0008971	left colon	tissue	adult		encode	paired	False	0.6561613082885742	dnase		
UBERON:0009834 DNase-seq	.	DNase-seq	UBERON:0009834	dorsolateral prefrontal cortex	tissue	adult		encode	paired	False	0.20427392423152924	dnase		
UBERON:0010414 DNase-seq	.	DNase-seq	UBERON:0010414	omental fat pad	tissue	adult		encode	paired	False	1.842028260231018	dnase		
UBERON:0011907 DNase-seq	.	DNase-seq	UBERON:0011907	gastrocnemius medialis	tissue	adult		encode	paired	False	0.8089129328727722	dnase		
UBERON:0015143 DNase-seq	.	DNase-seq	UBERON:0015143	mesenteric fat pad	tissue	adult		encode	paired	False	0.8094824552536011	dnase		
UBERON:0018115 DNase-seq	.	DNase-seq	UBERON:0018115	left renal pelvis	tissue	embryonic		encode	single	False	1.1233245134353638	dnase		
UBERON:0018116 DNase-seq	.	DNase-seq	UBERON:0018116	right renal pelvis	tissue	embryonic		encode	single	False	1.0260438919067383	dnase		
UBERON:0018117 DNase-seq	.	DNase-seq	UBERON:0018117	left renal cortex interstitium	tissue	embryonic		encode	single	False	0.9994888305664062	dnase		
UBERON:0018118 DNase-seq	.	DNase-seq	UBERON:0018118	right renal cortex interstitium	tissue	embryonic		encode	single	False	1.2882170677185059	dnase		
UBERON:0036149 DNase-seq	.	DNase-seq	UBERON:0036149	suprapubic skin	tissue	adult		encode	paired	False	0.48592454195022583	dnase		
UBERON:8300001 DNase-seq	.	DNase-seq	UBERON:8300001	right forelimb	tissue	embryonic		encode	paired	False	1.431964635848999	dnase		
UBERON:8300002 DNase-seq	.	DNase-seq	UBERON:8300002	left forelimb	tissue	embryonic		encode	paired	False	1.2063522338867188	dnase		
UBERON:8300003 DNase-seq	.	DNase-seq	UBERON:8300003	right hindlimb	tissue	embryonic		encode	paired	False	1.2547117471694946	dnase		
UBERON:8300004 DNase-seq	.	DNase-seq	UBERON:8300004	left hindlimb	tissue	embryonic		encode	paired	False	1.946841835975647	dnase		
CL:0000062 TF ChIP-seq CTCF	.	TF ChIP-seq	CL:0000062	osteoblast	primary_cell	unknown		encode	single	False	1.4646735191345215	chip_tf	CTCF	
CL:0000115 TF ChIP-seq CTCF	.	TF ChIP-seq	CL:0000115	endothelial cell	in_vitro_differentiated_cells	adult		encode	single	False	0.8410728573799133	chip_tf	CTCF	
CL:0000127 TF ChIP-seq CTCF	.	TF ChIP-seq	CL:0000127	astrocyte	primary_cell	unknown		encode	single	False	1.3933230638504028	chip_tf	CTCF	
CL:0000127 TF ChIP-seq EZH2	.	TF ChIP-seq	CL:0000127	astrocyte	primary_cell	unknown		encode	single	False	0.9597448110580444	chip_tf	EZH2	
CL:0000137 TF ChIP-seq CTCF	.	TF ChIP-seq	CL:0000137	osteocyte	in_vitro_differentiated_cells	embryonic		encode	single	False	0.8397707939147949	chip_tf	CTCF	
CL:0000138 TF ChIP-seq CTCF	.	TF ChIP-seq	CL:0000138	chondrocyte	in_vitro_differentiated_cells	embryonic		encode	single	False	0.890338122844696	chip_tf	CTCF	
CL:0000169 TF ChIP-seq CTCF	.	TF ChIP-seq	CL:0000169	type B pancreatic cell	in_vitro_differentiated_cells	embryonic		encode	single	False	0.8720378875732422	chip_tf	CTCF	
CL:0000182 TF ChIP-seq EZH2	.	TF ChIP-seq	CL:0000182	hepatocyte	in_vitro_differentiated_cells	embryonic		encode	single	False	0.8334417343139648	chip_tf	EZH2	
CL:0000223 TF ChIP-seq CTCF	.	TF ChIP-seq	CL:0000223	endodermal cell	in_vitro_differentiated_cells	embryonic		encode	single	False	0.8123546838760376	chip_tf	CTCF	
CL:0000236 TF ChIP-seq CTCF	.	TF ChIP-seq	CL:0000236	B cell	primary_cell	adult		encode	single	False	0.8002703189849854	chip_tf	CTCF	
CL:0000312 TF ChIP-seq CTCF	.	TF ChIP-seq	CL:0000312	keratinocyte	primary_cell	unknown		encode	single	False	1.284648060798645	chip_tf	CTCF	
CL:0000312 TF ChIP-seq EZH2	.	TF ChIP-seq	CL:0000312	keratinocyte	primary_cell	unknown		encode	single	False	0.9830278158187866	chip_tf	EZH2	
CL:0000515 TF ChIP-seq CTCF	.	TF ChIP-seq	CL:0000515	skeletal muscle myoblast	primary_cell	adult		encode	single	False	1.5029479265213013	chip_tf	CTCF	
CL:0000623 TF ChIP-seq CTCF	.	TF ChIP-seq	CL:0000623	natural killer cell	primary_cell	adult		encode	single	False	0.7805054783821106	chip_tf	CTCF	
CL:0000624 TF ChIP-seq CTCF	.	TF ChIP-seq	CL:0000624	CD4-positive, alpha-beta T cell	primary_cell	adult		encode	single	False	0.7936105728149414	chip_tf	CTCF	
CL:0000625 TF ChIP-seq CTCF	.	TF ChIP-seq	CL:0000625	CD8-positive, alpha-beta T cell	primary_cell	adult		encode	single	False	0.7929967045783997	chip_tf	CTCF	
CL:0000679 TF ChIP-seq CTCF	.	TF ChIP-seq	CL:0000679	glutamatergic neuron	in_vitro_differentiated_cells	adult		encode	single	False	0.7829425930976868	chip_tf	CTCF	
CL:0000679 TF ChIP-seq EGR1 male adult (30 years) genetically modified (insertion) using CRISPR targeting H. sapiens EGR1, genetically modified (insertion) using TALEN inserting M. musculus Neurog2	.	TF ChIP-seq	CL:0000679	glutamatergic neuron	in_vitro_differentiated_cells	unknown		encode	paired	True	0.8382269144058228	chip_tf	EGR1	
CL:0000679 TF ChIP-seq FOSL1 male adult (30 years) genetically modified (insertion) using CRISPR targeting H. sapiens FOSL1, genetically modified (insertion) using TALEN inserting M. musculus Neurog2	.	TF ChIP-seq	CL:0000679	glutamatergic neuron	in_vitro_differentiated_cells	unknown		encode	paired	True	0.8304189443588257	chip_tf	FOSL1	
CL:0000679 TF ChIP-seq ID3 male adult (30 years) genetically modified (insertion) using CRISPR targeting H. sapiens ID3, genetically modified (insertion) using TALEN inserting M. musculus Neurog2	.	TF ChIP-seq	CL:0000679	glutamatergic neuron	in_vitro_differentiated_cells	unknown		encode	paired	True	0.804589033126831	chip_tf	ID3	
CL:0000679 TF ChIP-seq TOX4 male adult (30 years) genetically modified (insertion) using CRISPR targeting H. sapiens TOX4, genetically modified (insertion) using TALEN inserting M. musculus Neurog2	.	TF ChIP-seq	CL:0000679	glutamatergic neuron	in_vitro_differentiated_cells	unknown		encode	paired	True	0.8099984526634216	chip_tf	TOX4	
CL:0000706 TF ChIP-seq CTCF	.	TF ChIP-seq	CL:0000706	choroid plexus epithelial cell	primary_cell	unknown		encode	single	False	1.1716891527175903	chip_tf	CTCF	
CL:0000746 TF ChIP-seq CTCF	.	TF ChIP-seq	CL:0000746	cardiac muscle cell	primary_cell	unknown		encode	single	False	1.1875473260879517	chip_tf	CTCF	
CL:0000765 TF ChIP-seq POLR2A	.	TF ChIP-seq	CL:0000765	erythroblast	primary_cell	unknown		encode	single	False	0.7051907181739807	chip_tf	POLR2A	
CL:0000775 TF ChIP-seq CTCF	.	TF ChIP-seq	CL:0000775	neutrophil	primary_cell	unknown		encode	single	False	0.8925449848175049	chip_tf	CTCF	
CL:0001054 TF ChIP-seq CTCF	.	TF ChIP-seq	CL:0001054	CD14-positive monocyte	primary_cell	adult		encode	single	False	0.818491518497467	chip_tf	CTCF	
CL:0002231 TF ChIP-seq CTCF	.	TF ChIP-seq	CL:0002231	epithelial cell of prostate	primary_cell	unknown		encode	paired	False	0.8511254787445068	chip_tf	CTCF	
CL:0002306 TF ChIP-seq CTCF	.	TF ChIP-seq	CL:0002306	epithelial cell of proximal tubule	primary_cell	unknown		encode	single	False	1.1598252058029175	chip_tf	CTCF	
CL:0002319 TF ChIP-seq CTCF	.	TF ChIP-seq	CL:0002319	neural cell	in_vitro_differentiated_cells	embryonic		encode	paired	False	0.749674916267395	chip_tf	CTCF	
CL:0002319 TF ChIP-seq POLR2AphosphoS5	.	TF ChIP-seq	CL:0002319	neural cell	in_vitro_differentiated_cells	embryonic		encode	single	False	1.1463578939437866	chip_tf	POLR2AphosphoS5	
CL:0002319 TF ChIP-seq RAD21	.	TF ChIP-seq	CL:0002319	neural cell	in_vitro_differentiated_cells	embryonic		encode	paired	False	0.7380885481834412	chip_tf	RAD21	
CL:0002319 TF ChIP-seq REST	.	TF ChIP-seq	CL:0002319	neural cell	in_vitro_differentiated_cells	embryonic		encode	single	False	0.9162198305130005	chip_tf	REST	
CL:0002319 TF ChIP-seq TAF1	.	TF ChIP-seq	CL:0002319	neural cell	in_vitro_differentiated_cells	embryonic		encode	single	False	1.1392011642456055	chip_tf	TAF1	
CL:0002327 TF ChIP-seq CTCF	.	TF ChIP-seq	CL:0002327	mammary epithelial cell	primary_cell	unknown		encode	single	False	1.2450836896896362	chip_tf	CTCF	
CL:0002327 TF ChIP-seq EZH2	.	TF ChIP-seq	CL:0002327	mammary epithelial cell	primary_cell	adult		encode	single	False	0.8944395780563354	chip_tf	EZH2	
CL:0002328 TF ChIP-seq CTCF	.	TF ChIP-seq	CL:0002328	bronchial epithelial cell	primary_cell	unknown		encode	single	False	3.005260705947876	chip_tf	CTCF	
CL:0002351 TF ChIP-seq CTCF	.	TF ChIP-seq	CL:0002351	progenitor cell of endocrine pancreas	in_vitro_differentiated_cells	embryonic		encode	single	False	1.2307456731796265	chip_tf	CTCF	
CL:0002518 TF ChIP-seq CTCF	.	TF ChIP-seq	CL:0002518	kidney epithelial cell	primary_cell	unknown		encode	single	False	2.4211244583129883	chip_tf	CTCF	
CL:0002547 TF ChIP-seq CTCF	.	TF ChIP-seq	CL:0002547	fibroblast of the aortic adventitia	primary_cell	unknown		encode	single	False	1.274598240852356	chip_tf	CTCF	
CL:0002548 TF ChIP-seq CTCF	.	TF ChIP-seq	CL:0002548	cardiac fibroblast	primary_cell	adult		encode	single	False	1.8718514442443848	chip_tf	CTCF	
CL:0002551 TF ChIP-seq CTCF	.	TF ChIP-seq	CL:0002551	fibroblast of dermis	primary_cell	unknown		encode	single	False	1.3799303770065308	chip_tf	CTCF	
CL:0002553 TF ChIP-seq CTCF	.	TF ChIP-seq	CL:0002553	fibroblast of lung	primary_cell	adult		encode	single	False	1.415972352027893	chip_tf	CTCF	
CL:0002555 TF ChIP-seq CTCF	.	TF ChIP-seq	CL:0002555	fibroblast of mammary gland	primary_cell	unknown		encode	single	False	1.4035091400146484	chip_tf	CTCF	
CL:0002557 TF ChIP-seq CTCF	.	TF ChIP-seq	CL:0002557	fibroblast of pulmonary artery	primary_cell	unknown		encode	single	False	1.0201530456542969	chip_tf	CTCF	
CL:0002558 TF ChIP-seq CTCF	.	TF ChIP-seq	CL:0002558	fibroblast of villous mesenchyme	primary_cell	unknown		encode	single	False	1.4273262023925781	chip_tf	CTCF	
CL:0002586 TF ChIP-seq CTCF	.	TF ChIP-seq	CL:0002586	retinal pigment epithelial cell	primary_cell	unknown		encode	single	False	1.1003386974334717	chip_tf	CTCF	
CL:0002606 TF ChIP-seq CTCF	.	TF ChIP-seq	CL:0002606	astrocyte of the spinal cord	primary_cell	unknown		encode	single	False	1.3928760290145874	chip_tf	CTCF	
CL:0002618 TF ChIP-seq CTCF	.	TF ChIP-seq	CL:0002618	endothelial cell of umbilical vein	primary_cell	newborn		encode	single	False	1.7536685466766357	chip_tf	CTCF	
CL:0002618 TF ChIP-seq FOS	.	TF ChIP-seq	CL:0002618	endothelial cell of umbilical vein	primary_cell	newborn		encode	single	False	0.8669484257698059	chip_tf	FOS	
CL:0002618 TF ChIP-seq GATA2	.	TF ChIP-seq	CL:0002618	endothelial cell of umbilical vein	primary_cell	newborn		encode	single	False	0.906671404838562	chip_tf	GATA2	
CL:0002618 TF ChIP-seq JUN	.	TF ChIP-seq	CL:0002618	endothelial cell of umbilical vein	primary_cell	newborn		encode	single	False	1.0919190645217896	chip_tf	JUN	
CL:0002618 TF ChIP-seq MAX	.	TF ChIP-seq	CL:0002618	endothelial cell of umbilical vein	primary_cell	newborn		encode	single	False	1.7286514043807983	chip_tf	MAX	
CL:0002618 TF ChIP-seq MYC	.	TF ChIP-seq	CL:0002618	endothelial cell of umbilical vein	primary_cell	newborn		encode	single	False	3.5041909217834473	chip_tf	MYC	
CL:0002618 TF ChIP-seq POLR2A	.	TF ChIP-seq	CL:0002618	endothelial cell of umbilical vein	primary_cell	newborn		encode	single	False	0.8315737843513489	chip_tf	POLR2A	
CL:0002618 TF ChIP-seq POLR2AphosphoS5	.	TF ChIP-seq	CL:0002618	endothelial cell of umbilical vein	primary_cell	newborn		encode	single	False	1.443261742591858	chip_tf	POLR2AphosphoS5	
CL:0011012 TF ChIP-seq CTCF	.	TF ChIP-seq	CL:0011012	neural crest cell	in_vitro_differentiated_cells	embryonic		encode	single	False	0.81313556432724	chip_tf	CTCF	
CL:0011019 TF ChIP-seq CTCF	.	TF ChIP-seq	CL:0011019	mesothelial cell of epicardium	in_vitro_differentiated_cells	embryonic		encode	single	False	0.8631079792976379	chip_tf	CTCF	
CL:0011020 TF ChIP-seq CTCF	.	TF ChIP-seq	CL:0011020	neural progenitor cell	in_vitro_differentiated_cells	embryonic		encode	single	False	0.7950738668441772	chip_tf	CTCF	
CL:0011020 TF ChIP-seq EZH2	.	TF ChIP-seq	CL:0011020	neural progenitor cell	in_vitro_differentiated_cells	embryonic		encode	single	False	0.8302525281906128	chip_tf	EZH2	
CL:0011020 TF ChIP-seq EZH2phosphoT487	.	TF ChIP-seq	CL:0011020	neural progenitor cell	in_vitro_differentiated_cells	embryonic		encode	single	False	0.8300772309303284	chip_tf	EZH2phosphoT487	
CL:1001606 TF ChIP-seq CTCF	.	TF ChIP-seq	CL:1001606	foreskin keratinocyte	primary_cell	newborn		encode	paired	False	0.7444242238998413	chip_tf	CTCF	
CL:1001608 TF ChIP-seq CTCF	.	TF ChIP-seq	CL:1001608	foreskin fibroblast	primary_cell	newborn		encode	single	False	2.1409077644348145	chip_tf	CTCF	
CL:2000044 TF ChIP-seq CTCF	.	TF ChIP-seq	CL:2000044	brain microvascular endothelial cell	primary_cell	unknown		encode	single	False	1.4515867233276367	chip_tf	CTCF	
CLO:0021511 TF ChIP-seq CTCF	.	TF ChIP-seq	CLO:0021511	AG10803	cell_line	adult		encode	single	False	0.9827740788459778	chip_tf	CTCF	
CLO:0021752 TF ChIP-seq CTCF	.	TF ChIP-seq	CLO:0021752	AG09309	cell_line	adult		encode	single	False	1.4461826086044312	chip_tf	CTCF	
CLO:0021754 TF ChIP-seq CTCF	.	TF ChIP-seq	CLO:0021754	AG09319	cell_line	adult		encode	single	False	1.1511443853378296	chip_tf	CTCF	
CLO:0034837 TF ChIP-seq CTCF	.	TF ChIP-seq	CLO:0034837	AG04449	cell_line	embryonic		encode	single	False	1.4299365282058716	chip_tf	CTCF	
EFO:0001086 TF ChIP-seq BCL3	.	TF ChIP-seq	EFO:0001086	A549	cell_line	adult		encode	single	False	0.802237331867218	chip_tf	BCL3	
EFO:0001086 TF ChIP-seq CEBPB	.	TF ChIP-seq	EFO:0001086	A549	cell_line	adult		encode	single	False	0.7535275816917419	chip_tf	CEBPB	
EFO:0001086 TF ChIP-seq CTCF	.	TF ChIP-seq	EFO:0001086	A549	cell_line	adult		encode	single	False	0.7353132963180542	chip_tf	CTCF	
EFO:0001086 TF ChIP-seq E2F6	.	TF ChIP-seq	EFO:0001086	A549	cell_line	adult		encode	single	False	0.9695870876312256	chip_tf	E2F6	
EFO:0001086 TF ChIP-seq EP300	.	TF ChIP-seq	EFO:0001086	A549	cell_line	adult		encode	single	False	0.8210097551345825	chip_tf	EP300	
EFO:0001086 TF ChIP-seq FOSL2	.	TF ChIP-seq	EFO:0001086	A549	cell_line	adult		encode	single	False	0.8825715184211731	chip_tf	FOSL2	
EFO:0001086 TF ChIP-seq FOSL2 genetically modified (insertion) using CRISPR targeting H. sapiens FOSL2	.	TF ChIP-seq	EFO:0001086	A549	cell_line	adult		encode	paired	True	0.735476016998291	chip_tf	FOSL2	
EFO:0001086 TF ChIP-seq FOXF2 genetically modified (insertion) using CRISPR targeting H. sapiens FOXF2	.	TF ChIP-seq	EFO:0001086	A549	cell_line	adult		encode	paired	True	0.7445882558822632	chip_tf	FOXF2	
EFO:0001086 TF ChIP-seq GATA3	.	TF ChIP-seq	EFO:0001086	A549	cell_line	adult		encode	single	False	0.8463173508644104	chip_tf	GATA3	
EFO:0001086 TF ChIP-seq HOXB5 genetically modified (insertion) using CRISPR targeting H. sapiens HOXB5	.	TF ChIP-seq	EFO:0001086	A549	cell_line	adult		encode	paired	True	0.7698033452033997	chip_tf	HOXB5	
EFO:0001086 TF ChIP-seq JUN	.	TF ChIP-seq	EFO:0001086	A549	cell_line	adult		encode	single	False	0.7321662902832031	chip_tf	JUN	
EFO:0001086 TF ChIP-seq JUNB	.	TF ChIP-seq	EFO:0001086	A549	cell_line	adult		encode	single	False	0.7885547876358032	chip_tf	JUNB	
EFO:0001086 TF ChIP-seq MAFK	.	TF ChIP-seq	EFO:0001086	A549	cell_line	adult		encode	paired	False	0.7966734170913696	chip_tf	MAFK	
EFO:0001086 TF ChIP-seq MAX	.	TF ChIP-seq	EFO:0001086	A549	cell_line	adult		encode	single	False	0.885604202747345	chip_tf	MAX	
EFO:0001086 TF ChIP-seq MYC	.	TF ChIP-seq	EFO:0001086	A549	cell_line	adult		encode	single	False	0.9068970084190369	chip_tf	MYC	
EFO:0001086 TF ChIP-seq NFE2L2	.	TF ChIP-seq	EFO:0001086	A549	cell_line	adult		encode	single	False	0.9798657298088074	chip_tf	NFE2L2	
EFO:0001086 TF ChIP-seq NR3C1	.	TF ChIP-seq	EFO:0001086	A549	cell_line	adult		encode	single	False	0.8179261088371277	chip_tf	NR3C1	
EFO:0001086 TF ChIP-seq NR5A2 genetically modified (insertion) using CRISPR targeting H. sapiens NR5A2	.	TF ChIP-seq	EFO:0001086	A549	cell_line	adult		encode	paired	True	0.7356920838356018	chip_tf	NR5A2	
EFO:0001086 TF ChIP-seq PBX1 genetically modified (insertion) using CRISPR targeting H. sapiens PBX1	.	TF ChIP-seq	EFO:0001086	A549	cell_line	adult		encode	paired	True	0.7502723932266235	chip_tf	PBX1	
EFO:0001086 TF ChIP-seq PBX3	.	TF ChIP-seq	EFO:0001086	A549	cell_line	adult		encode	single	False	0.9672203063964844	chip_tf	PBX3	
EFO:0001086 TF ChIP-seq PHF8	.	TF ChIP-seq	EFO:0001086	A549	cell_line	adult		encode	single	False	0.7930697202682495	chip_tf	PHF8	
EFO:0001086 TF ChIP-seq POLR2A	.	TF ChIP-seq	EFO:0001086	A549	cell_line	adult		encode	single	False	0.9411997199058533	chip_tf	POLR2A	
EFO:0001086 TF ChIP-seq POLR2AphosphoS2	.	TF ChIP-seq	EFO:0001086	A549	cell_line	adult		encode	single	False	1.0521565675735474	chip_tf	POLR2AphosphoS2	
EFO:0001086 TF ChIP-seq PRDM1 genetically modified (insertion) using CRISPR targeting H. sapiens PRDM1	.	TF ChIP-seq	EFO:0001086	A549	cell_line	adult		encode	paired	True	0.746936559677124	chip_tf	PRDM1	
EFO:0001086 TF ChIP-seq RAD21	.	TF ChIP-seq	EFO:0001086	A549	cell_line	adult		encode	single	False	0.947881281375885	chip_tf	RAD21	
EFO:0001086 TF ChIP-seq REST	.	TF ChIP-seq	EFO:0001086	A549	cell_line	adult		encode	single	False	0.7862339615821838	chip_tf	REST	
EFO:0001086 TF ChIP-seq RFX5	.	TF ChIP-seq	EFO:0001086	A549	cell_line	adult		encode	paired	False	0.8062434792518616	chip_tf	RFX5	
EFO:0001086 TF ChIP-seq SIN3A	.	TF ChIP-seq	EFO:0001086	A549	cell_line	adult		encode	paired	False	0.7901948094367981	chip_tf	SIN3A	
EFO:0001086 TF ChIP-seq SMC3	.	TF ChIP-seq	EFO:0001086	A549	cell_line	adult		encode	single	False	0.7338576316833496	chip_tf	SMC3	
EFO:0001086 TF ChIP-seq TEAD4	.	TF ChIP-seq	EFO:0001086	A549	cell_line	adult		encode	single	False	1.038738489151001	chip_tf	TEAD4	
EFO:0001086 TF ChIP-seq USF2	.	TF ChIP-seq	EFO:0001086	A549	cell_line	adult		encode	paired	False	0.8009481430053711	chip_tf	USF2	
EFO:0001086 TF ChIP-seq ZFP36	.	TF ChIP-seq	EFO:0001086	A549	cell_line	adult		encode	paired	False	0.8146527409553528	chip_tf	ZFP36	
EFO:0001086 TF ChIP-seq ZNF624 genetically modified (insertion) using CRISPR targeting H. sapiens ZNF624	.	TF ChIP-seq	EFO:0001086	A549	cell_line	adult		encode	paired	True	0.7597917318344116	chip_tf	ZNF624	
EFO:0001099 TF ChIP-seq CTCF	.	TF ChIP-seq	EFO:0001099	Caco-2	cell_line	adult		encode	single	False	1.152646780014038	chip_tf	CTCF	
EFO:0001159 TF ChIP-seq CTCF	.	TF ChIP-seq	EFO:0001159	GM12872	cell_line	unknown		encode	single	False	0.9930903911590576	chip_tf	CTCF	
EFO:0001160 TF ChIP-seq CTCF	.	TF ChIP-seq	EFO:0001160	GM12873	cell_line	unknown		encode	single	False	1.3824414014816284	chip_tf	CTCF	
EFO:0001161 TF ChIP-seq CTCF	.	TF ChIP-seq	EFO:0001161	GM12874	cell_line	unknown		encode	single	False	1.883349061012268	chip_tf	CTCF	
EFO:0001162 TF ChIP-seq CTCF	.	TF ChIP-seq	EFO:0001162	GM12875	cell_line	unknown		encode	single	False	1.8309880495071411	chip_tf	CTCF	
EFO:0001182 TF ChIP-seq ATF2 genetically modified (insertion) using site-specific recombination targeting H. sapiens ATF2	.	TF ChIP-seq	EFO:0001182	HEK293	cell_line	embryonic		encode	paired	True	0.837831974029541	chip_tf	ATF2	
EFO:0001182 TF ChIP-seq BCL11A genetically modified (insertion) using site-specific recombination targeting H. sapiens BCL11A	.	TF ChIP-seq	EFO:0001182	HEK293	cell_line	embryonic		encode	paired	True	0.8064991235733032	chip_tf	BCL11A	
EFO:0001182 TF ChIP-seq BCL11B genetically modified (insertion) using site-specific recombination targeting H. sapiens BCL11B	.	TF ChIP-seq	EFO:0001182	HEK293	cell_line	embryonic		encode	paired	True	0.7877625823020935	chip_tf	BCL11B	
EFO:0001182 TF ChIP-seq CTCF	.	TF ChIP-seq	EFO:0001182	HEK293	cell_line	embryonic		encode	single	False	1.9868561029434204	chip_tf	CTCF	
EFO:0001182 TF ChIP-seq CTCF genetically modified (insertion) using site-specific recombination targeting H. sapiens CTCF	.	TF ChIP-seq	EFO:0001182	HEK293	cell_line	embryonic		encode	paired	True	0.7689615488052368	chip_tf	CTCF	
EFO:0001182 TF ChIP-seq EGR2 genetically modified (insertion) using site-specific recombination targeting H. sapiens EGR2	.	TF ChIP-seq	EFO:0001182	HEK293	cell_line	embryonic		encode	paired	True	0.942099392414093	chip_tf	EGR2	
EFO:0001182 TF ChIP-seq FEZF1 genetically modified (insertion) using site-specific recombination targeting H. sapiens FEZF1	.	TF ChIP-seq	EFO:0001182	HEK293	cell_line	embryonic		encode	paired	True	0.770540177822113	chip_tf	FEZF1	
EFO:0001182 TF ChIP-seq GLIS1 genetically modified (insertion) using site-specific recombination targeting H. sapiens GLIS1	.	TF ChIP-seq	EFO:0001182	HEK293	cell_line	embryonic		encode	paired	True	0.7717919945716858	chip_tf	GLIS1	
EFO:0001182 TF ChIP-seq GLIS2 genetically modified (insertion) using site-specific recombination targeting H. sapiens GLIS2	.	TF ChIP-seq	EFO:0001182	HEK293	cell_line	embryonic		encode	paired	True	0.7625502943992615	chip_tf	GLIS2	
EFO:0001182 TF ChIP-seq HIC1 genetically modified (insertion) using site-specific recombination targeting H. sapiens HIC1	.	TF ChIP-seq	EFO:0001182	HEK293	cell_line	embryonic		encode	paired	True	0.762137234210968	chip_tf	HIC1	
EFO:0001182 TF ChIP-seq HOXB7 genetically modified (insertion) using CRISPR targeting H. sapiens HOXB7	.	TF ChIP-seq	EFO:0001182	HEK293	cell_line	embryonic		encode	single	True	1.2918630838394165	chip_tf	HOXB7	
EFO:0001182 TF ChIP-seq IKZF3 genetically modified (insertion) using site-specific recombination targeting H. sapiens IKZF3	.	TF ChIP-seq	EFO:0001182	HEK293	cell_line	embryonic		encode	paired	True	0.7938698530197144	chip_tf	IKZF3	
EFO:0001182 TF ChIP-seq INSM2 genetically modified (insertion) using site-specific recombination targeting H. sapiens INSM2	.	TF ChIP-seq	EFO:0001182	HEK293	cell_line	embryonic		encode	paired	True	0.7724045515060425	chip_tf	INSM2	
EFO:0001182 TF ChIP-seq KLF1 genetically modified (insertion) using site-specific recombination targeting H. sapiens KLF1	.	TF ChIP-seq	EFO:0001182	HEK293	cell_line	embryonic		encode	paired	True	0.7646961212158203	chip_tf	KLF1	
EFO:0001182 TF ChIP-seq KLF10 genetically modified (insertion) using site-specific recombination targeting H. sapiens KLF10	.	TF ChIP-seq	EFO:0001182	HEK293	cell_line	embryonic		encode	paired	True	0.7773643136024475	chip_tf	KLF10	
EFO:0001182 TF ChIP-seq KLF16 genetically modified (insertion) using site-specific recombination targeting H. sapiens KLF16	.	TF ChIP-seq	EFO:0001182	HEK293	cell_line	embryonic		encode	paired	True	0.778775155544281	chip_tf	KLF16	
EFO:0001182 TF ChIP-seq KLF17 genetically modified (insertion) using site-specific recombination targeting H. sapiens KLF17	.	TF ChIP-seq	EFO:0001182	HEK293	cell_line	embryonic		encode	paired	True	0.7642236351966858	chip_tf	KLF17	
EFO:0001182 TF ChIP-seq KLF7 genetically modified (insertion) using site-specific recombination targeting H. sapiens KLF7	.	TF ChIP-seq	EFO:0001182	HEK293	cell_line	embryonic		encode	paired	True	0.7775574326515198	chip_tf	KLF7	
EFO:0001182 TF ChIP-seq KLF8 genetically modified (insertion) using site-specific recombination targeting H. sapiens KLF8	.	TF ChIP-seq	EFO:0001182	HEK293	cell_line	embryonic		encode	paired	True	0.7804300785064697	chip_tf	KLF8	
EFO:0001182 TF ChIP-seq KLF9 genetically modified (insertion) using site-specific recombination targeting H. sapiens KLF9	.	TF ChIP-seq	EFO:0001182	HEK293	cell_line	embryonic		encode	paired	True	0.7762227058410645	chip_tf	KLF9	
EFO:0001182 TF ChIP-seq MAZ genetically modified (insertion) using site-specific recombination targeting H. sapiens MAZ	.	TF ChIP-seq	EFO:0001182	HEK293	cell_line	embryonic		encode	paired	True	0.7620867490768433	chip_tf	MAZ	
EFO:0001182 TF ChIP-seq MZF1 genetically modified (insertion) using site-specific recombination targeting H. sapiens MZF1	.	TF ChIP-seq	EFO:0001182	HEK293	cell_line	embryonic		encode	paired	True	0.7765515446662903	chip_tf	MZF1	
EFO:0001182 TF ChIP-seq OSR2 genetically modified (insertion) using site-specific recombination targeting H. sapiens OSR2	.	TF ChIP-seq	EFO:0001182	HEK293	cell_line	embryonic		encode	paired	True	0.7826107740402222	chip_tf	OSR2	
EFO:0001182 TF ChIP-seq PATZ1 genetically modified (insertion) using site-specific recombination targeting H. sapiens PATZ1	.	TF ChIP-seq	EFO:0001182	HEK293	cell_line	embryonic		encode	paired	True	0.748282253742218	chip_tf	PATZ1	
EFO:0001182 TF ChIP-seq PBX3 genetically modified (insertion) using CRISPR targeting H. sapiens PBX3	.	TF ChIP-seq	EFO:0001182	HEK293	cell_line	embryonic		encode	single	True	0.9701140522956848	chip_tf	PBX3	
EFO:0001182 TF ChIP-seq PRDM1 genetically modified (insertion) using site-specific recombination targeting H. sapiens PRDM1	.	TF ChIP-seq	EFO:0001182	HEK293	cell_line	embryonic		encode	paired	True	0.7565638422966003	chip_tf	PRDM1	
EFO:0001182 TF ChIP-seq PRDM10 genetically modified (insertion) using site-specific recombination targeting H. sapiens PRDM10	.	TF ChIP-seq	EFO:0001182	HEK293	cell_line	embryonic		encode	paired	True	0.7495290637016296	chip_tf	PRDM10	
EFO:0001182 TF ChIP-seq PRDM4 genetically modified (insertion) using site-specific recombination targeting H. sapiens PRDM4	.	TF ChIP-seq	EFO:0001182	HEK293	cell_line	embryonic		encode	paired	True	0.7826750874519348	chip_tf	PRDM4	
EFO:0001182 TF ChIP-seq PRDM6 genetically modified (insertion) using site-specific recombination targeting H. sapiens PRDM6	.	TF ChIP-seq	EFO:0001182	HEK293	cell_line	embryonic		encode	paired	True	0.8096958994865417	chip_tf	PRDM6	
EFO:0001182 TF ChIP-seq REST genetically modified (insertion) using site-specific recombination targeting H. sapiens REST	.	TF ChIP-seq	EFO:0001182	HEK293	cell_line	embryonic		encode	paired	True	0.7782301306724548	chip_tf	REST	
EFO:0001182 TF ChIP-seq SCRT1 genetically modified (insertion) using site-specific recombination targeting H. sapiens SCRT1	.	TF ChIP-seq	EFO:0001182	HEK293	cell_line	embryonic		encode	paired	True	0.7717620730400085	chip_tf	SCRT1	
EFO:0001182 TF ChIP-seq SCRT2 genetically modified (insertion) using site-specific recombination targeting H. sapiens SCRT2	.	TF ChIP-seq	EFO:0001182	HEK293	cell_line	embryonic		encode	paired	True	0.7433635592460632	chip_tf	SCRT2	
EFO:0001182 TF ChIP-seq SETDB1	.	TF ChIP-seq	EFO:0001182	HEK293	cell_line	embryonic		encode	single	False	0.8838952779769897	chip_tf	SETDB1	
EFO:0001182 TF ChIP-seq SP2 genetically modified (insertion) using site-specific recombination targeting H. sapiens SP2	.	TF ChIP-seq	EFO:0001182	HEK293	cell_line	embryonic		encode	paired	True	0.7322329878807068	chip_tf	SP2	
EFO:0001182 TF ChIP-seq SP3 genetically modified (insertion) using site-specific recombination targeting H. sapiens SP3	.	TF ChIP-seq	EFO:0001182	HEK293	cell_line	embryonic		encode	paired	True	0.7650193572044373	chip_tf	SP3	
EFO:0001182 TF ChIP-seq SP7 genetically modified (insertion) using site-specific recombination targeting H. sapiens SP7	.	TF ChIP-seq	EFO:0001182	HEK293	cell_line	embryonic		encode	paired	True	0.7388457655906677	chip_tf	SP7	
EFO:0001182 TF ChIP-seq TCF7L2	.	TF ChIP-seq	EFO:0001182	HEK293	cell_line	embryonic		encode	single	False	0.8792089223861694	chip_tf	TCF7L2	
EFO:0001182 TF ChIP-seq TRIM28	.	TF ChIP-seq	EFO:0001182	HEK293	cell_line	embryonic		encode	single	False	0.7131395936012268	chip_tf	TRIM28	
EFO:0001182 TF ChIP-seq WT1 genetically modified (insertion) using site-specific recombination targeting H. sapiens WT1	.	TF ChIP-seq	EFO:0001182	HEK293	cell_line	embryonic		encode	paired	True	0.7709176540374756	chip_tf	WT1	
EFO:0001182 TF ChIP-seq YY1 genetically modified (insertion) using site-specific recombination targeting H. sapiens YY1	.	TF ChIP-seq	EFO:0001182	HEK293	cell_line	embryonic		encode	paired	True	0.7788075804710388	chip_tf	YY1	
EFO:0001182 TF ChIP-seq YY2 genetically modified (insertion) using site-specific recombination targeting H. sapiens YY2	.	TF ChIP-seq	EFO:0001182	HEK293	cell_line	embryonic		encode	paired	True	0.7768064141273499	chip_tf	YY2	
EFO:0001182 TF ChIP-seq ZBTB10 genetically modified (insertion) using site-specific recombination targeting H. sapiens ZBTB10	.	TF ChIP-seq	EFO:0001182	HEK293	cell_line	embryonic		encode	paired	True	0.7738956809043884	chip_tf	ZBTB10	
EFO:0001182 TF ChIP-seq ZBTB11 genetically modified (insertion) using site-specific recombination targeting H. sapiens ZBTB11	.	TF ChIP-seq	EFO:0001182	HEK293	cell_line	embryonic		encode	paired	True	0.7706739902496338	chip_tf	ZBTB11	
EFO:0001182 TF ChIP-seq ZBTB12 genetically modified (insertion) using site-specific recombination targeting H. sapiens ZBTB12	.	TF ChIP-seq	EFO:0001182	HEK293	cell_line	embryonic		encode	paired	True	0.8083616495132446	chip_tf	ZBTB12	
EFO:0001182 TF ChIP-seq ZBTB17 genetically modified (insertion) using site-specific recombination targeting H. sapiens ZBTB17	.	TF ChIP-seq	EFO:0001182	HEK293	cell_line	embryonic		encode	paired	True	0.7136586904525757	chip_tf	ZBTB17	
EFO:0001182 TF ChIP-seq ZBTB20 genetically modified (insertion) using site-specific recombination targeting H. sapiens ZBTB20	.	TF ChIP-seq	EFO:0001182	HEK293	cell_line	embryonic		encode	paired	True	0.7374602556228638	chip_tf	ZBTB20	
EFO:0001182 TF ChIP-seq ZBTB21 genetically modified (insertion) using site-specific recombination targeting H. sapiens ZBTB21	.	TF ChIP-seq	EFO:0001182	HEK293	cell_line	embryonic		encode	paired	True	0.7684542536735535	chip_tf	ZBTB21	
EFO:0001182 TF ChIP-seq ZBTB26 genetically modified (insertion) using site-specific recombination targeting H. sapiens ZBTB26	.	TF ChIP-seq	EFO:0001182	HEK293	cell_line	embryonic		encode	paired	True	0.7079533338546753	chip_tf	ZBTB26	
EFO:0001182 TF ChIP-seq ZBTB44 genetically modified (insertion) using site-specific recombination targeting H. sapiens ZBTB44	.	TF ChIP-seq	EFO:0001182	HEK293	cell_line	embryonic		encode	paired	True	0.8045327067375183	chip_tf	ZBTB44	
EFO:0001182 TF ChIP-seq ZBTB48 genetically modified (insertion) using site-specific recombination targeting H. sapiens ZBTB48	.	TF ChIP-seq	EFO:0001182	HEK293	cell_line	embryonic		encode	paired	True	0.7695119976997375	chip_tf	ZBTB48	
EFO:0001182 TF ChIP-seq ZBTB6 genetically modified (insertion) using site-specific recombination targeting H. sapiens ZBTB6	.	TF ChIP-seq	EFO:0001182	HEK293	cell_line	embryonic		encode	paired	True	0.8042390942573547	chip_tf	ZBTB6	
EFO:0001182 TF ChIP-seq ZBTB8A genetically modified (insertion) using site-specific recombination targeting H. sapiens ZBTB8A	.	TF ChIP-seq	EFO:0001182	HEK293	cell_line	embryonic		encode	paired	True	0.7548887133598328	chip_tf	ZBTB8A	
EFO:0001182 TF ChIP-seq ZEB1 genetically modified (insertion) using site-specific recombination targeting H. sapiens ZEB1	.	TF ChIP-seq	EFO:0001182	HEK293	cell_line	embryonic		encode	paired	True	0.769564151763916	chip_tf	ZEB1	
EFO:0001182 TF ChIP-seq ZEB2 genetically modified (insertion) using site-specific recombination targeting H. sapiens ZEB2	.	TF ChIP-seq	EFO:0001182	HEK293	cell_line	embryonic		encode	paired	True	0.752129077911377	chip_tf	ZEB2	
EFO:0001182 TF ChIP-seq ZFHX2 genetically modified (insertion) using site-specific recombination targeting H. sapiens ZFHX2	.	TF ChIP-seq	EFO:0001182	HEK293	cell_line	embryonic		encode	paired	True	0.7410730123519897	chip_tf	ZFHX2	
EFO:0001182 TF ChIP-seq ZFP37 genetically modified (insertion) using site-specific recombination targeting H. sapiens ZFP37	.	TF ChIP-seq	EFO:0001182	HEK293	cell_line	embryonic		encode	paired	True	0.7604038119316101	chip_tf	ZFP37	
EFO:0001182 TF ChIP-seq ZFP69B genetically modified (insertion) using site-specific recombination targeting H. sapiens ZFP69B	.	TF ChIP-seq	EFO:0001182	HEK293	cell_line	embryonic		encode	paired	True	0.7733308672904968	chip_tf	ZFP69B	
EFO:0001182 TF ChIP-seq ZIC2 genetically modified (insertion) using site-specific recombination targeting H. sapiens ZIC2	.	TF ChIP-seq	EFO:0001182	HEK293	cell_line	embryonic		encode	paired	True	0.761533796787262	chip_tf	ZIC2	
EFO:0001182 TF ChIP-seq ZNF10 genetically modified (insertion) using site-specific recombination targeting H. sapiens ZNF10	.	TF ChIP-seq	EFO:0001182	HEK293	cell_line	embryonic		encode	paired	True	0.7837669253349304	chip_tf	ZNF10	
EFO:0001182 TF ChIP-seq ZNF121 genetically modified (insertion) using site-specific recombination targeting H. sapiens ZNF121	.	TF ChIP-seq	EFO:0001182	HEK293	cell_line	embryonic		encode	paired	True	0.7637369632720947	chip_tf	ZNF121	
EFO:0001182 TF ChIP-seq ZNF133 genetically modified (insertion) using site-specific recombination targeting H. sapiens ZNF133	.	TF ChIP-seq	EFO:0001182	HEK293	cell_line	embryonic		encode	paired	True	0.8034995794296265	chip_tf	ZNF133	
EFO:0001182 TF ChIP-seq ZNF146 genetically modified (insertion) using site-specific recombination targeting H. sapiens ZNF146	.	TF ChIP-seq	EFO:0001182	HEK293	cell_line	embryonic		encode	paired	True	0.7877136468887329	chip_tf	ZNF146	
EFO:0001182 TF ChIP-seq ZNF157 genetically modified (insertion) using site-specific recombination targeting H. sapiens ZNF157	.	TF ChIP-seq	EFO:0001182	HEK293	cell_line	embryonic		encode	paired	True	0.7927348613739014	chip_tf	ZNF157	
EFO:0001182 TF ChIP-seq ZNF18 genetically modified (insertion) using site-specific recombination targeting H. sapiens ZNF18	.	TF ChIP-seq	EFO:0001182	HEK293	cell_line	embryonic		encode	paired	True	0.78887939453125	chip_tf	ZNF18	
EFO:0001182 TF ChIP-seq ZNF189 genetically modified (insertion) using site-specific recombination targeting H. sapiens ZNF189	.	TF ChIP-seq	EFO:0001182	HEK293	cell_line	embryonic		encode	paired	True	0.7442852258682251	chip_tf	ZNF189	
EFO:0001182 TF ChIP-seq ZNF2 genetically modified (insertion) using site-specific recombination targeting H. sapiens ZNF2	.	TF ChIP-seq	EFO:0001182	HEK293	cell_line	embryonic		encode	paired	True	0.7517942190170288	chip_tf	ZNF2	
EFO:0001182 TF ChIP-seq ZNF24 genetically modified (insertion) using site-specific recombination targeting H. sapiens ZNF24	.	TF ChIP-seq	EFO:0001182	HEK293	cell_line	embryonic		encode	paired	True	0.7766969799995422	chip_tf	ZNF24	
EFO:0001182 TF ChIP-seq ZNF263	.	TF ChIP-seq	EFO:0001182	HEK293	cell_line	embryonic		encode	single	False	0.8777823448181152	chip_tf	ZNF263	
EFO:0001182 TF ChIP-seq ZNF324 genetically modified (insertion) using site-specific recombination targeting H. sapiens ZNF324	.	TF ChIP-seq	EFO:0001182	HEK293	cell_line	embryonic		encode	paired	True	0.7764416337013245	chip_tf	ZNF324	
EFO:0001182 TF ChIP-seq ZNF335 genetically modified (insertion) using site-specific recombination targeting H. sapiens ZNF335	.	TF ChIP-seq	EFO:0001182	HEK293	cell_line	embryonic		encode	paired	True	0.7333441376686096	chip_tf	ZNF335	
EFO:0001182 TF ChIP-seq ZNF34 genetically modified (insertion) using site-specific recombination targeting H. sapiens ZNF34	.	TF ChIP-seq	EFO:0001182	HEK293	cell_line	embryonic		encode	paired	True	0.7890019416809082	chip_tf	ZNF34	
EFO:0001182 TF ChIP-seq ZNF341 genetically modified (insertion) using site-specific recombination targeting H. sapiens ZNF341	.	TF ChIP-seq	EFO:0001182	HEK293	cell_line	embryonic		encode	paired	True	0.7654991149902344	chip_tf	ZNF341	
EFO:0001182 TF ChIP-seq ZNF362 genetically modified (insertion) using site-specific recombination targeting H. sapiens ZNF362	.	TF ChIP-seq	EFO:0001182	HEK293	cell_line	embryonic		encode	paired	True	0.7579368948936462	chip_tf	ZNF362	
EFO:0001182 TF ChIP-seq ZNF366 genetically modified (insertion) using site-specific recombination targeting H. sapiens ZNF366	.	TF ChIP-seq	EFO:0001182	HEK293	cell_line	embryonic		encode	paired	True	0.7277015447616577	chip_tf	ZNF366	
EFO:0001182 TF ChIP-seq ZNF391 genetically modified (insertion) using site-specific recombination targeting H. sapiens ZNF391	.	TF ChIP-seq	EFO:0001182	HEK293	cell_line	embryonic		encode	paired	True	0.7941629886627197	chip_tf	ZNF391	
EFO:0001182 TF ChIP-seq ZNF394 genetically modified (insertion) using site-specific recombination targeting H. sapiens ZNF394	.	TF ChIP-seq	EFO:0001182	HEK293	cell_line	embryonic		encode	paired	True	0.7468457221984863	chip_tf	ZNF394	
EFO:0001182 TF ChIP-seq ZNF398 genetically modified (insertion) using site-specific recombination targeting H. sapiens ZNF398	.	TF ChIP-seq	EFO:0001182	HEK293	cell_line	embryonic		encode	paired	True	0.7506776452064514	chip_tf	ZNF398	
EFO:0001182 TF ChIP-seq ZNF423 genetically modified (insertion) using site-specific recombination targeting H. sapiens ZNF423	.	TF ChIP-seq	EFO:0001182	HEK293	cell_line	embryonic		encode	paired	True	0.7970330119132996	chip_tf	ZNF423	
EFO:0001182 TF ChIP-seq ZNF426 genetically modified (insertion) using site-specific recombination targeting H. sapiens ZNF426	.	TF ChIP-seq	EFO:0001182	HEK293	cell_line	embryonic		encode	paired	True	0.7861539125442505	chip_tf	ZNF426	
EFO:0001182 TF ChIP-seq ZNF449 genetically modified (insertion) using site-specific recombination targeting H. sapiens ZNF449	.	TF ChIP-seq	EFO:0001182	HEK293	cell_line	embryonic		encode	paired	True	0.7909559011459351	chip_tf	ZNF449	
EFO:0001182 TF ChIP-seq ZNF501 genetically modified (insertion) using site-specific recombination targeting H. sapiens ZNF501	.	TF ChIP-seq	EFO:0001182	HEK293	cell_line	embryonic		encode	paired	True	0.7524047493934631	chip_tf	ZNF501	
EFO:0001182 TF ChIP-seq ZNF513 genetically modified (insertion) using site-specific recombination targeting H. sapiens ZNF513	.	TF ChIP-seq	EFO:0001182	HEK293	cell_line	embryonic		encode	paired	True	0.7850866317749023	chip_tf	ZNF513	
EFO:0001182 TF ChIP-seq ZNF518A genetically modified (insertion) using site-specific recombination targeting H. sapiens ZNF518A	.	TF ChIP-seq	EFO:0001182	HEK293	cell_line	embryonic		encode	paired	True	0.8072378039360046	chip_tf	ZNF518A	
EFO:0001182 TF ChIP-seq ZNF558 genetically modified (insertion) using site-specific recombination targeting H. sapiens ZNF558	.	TF ChIP-seq	EFO:0001182	HEK293	cell_line	embryonic		encode	paired	True	0.7897545099258423	chip_tf	ZNF558	
EFO:0001182 TF ChIP-seq ZNF561 genetically modified (insertion) using site-specific recombination targeting H. sapiens ZNF561	.	TF ChIP-seq	EFO:0001182	HEK293	cell_line	embryonic		encode	paired	True	0.7777495980262756	chip_tf	ZNF561	
EFO:0001182 TF ChIP-seq ZNF580 genetically modified (insertion) using site-specific recombination targeting H. sapiens ZNF580	.	TF ChIP-seq	EFO:0001182	HEK293	cell_line	embryonic		encode	paired	True	0.7861317992210388	chip_tf	ZNF580	
EFO:0001182 TF ChIP-seq ZNF585B genetically modified (insertion) using site-specific recombination targeting H. sapiens ZNF585B	.	TF ChIP-seq	EFO:0001182	HEK293	cell_line	embryonic		encode	paired	True	0.7945247292518616	chip_tf	ZNF585B	
EFO:0001182 TF ChIP-seq ZNF596 genetically modified (insertion) using site-specific recombination targeting H. sapiens ZNF596	.	TF ChIP-seq	EFO:0001182	HEK293	cell_line	embryonic		encode	paired	True	0.7928680777549744	chip_tf	ZNF596	
EFO:0001182 TF ChIP-seq ZNF600 genetically modified (insertion) using site-specific recombination targeting H. sapiens ZNF600	.	TF ChIP-seq	EFO:0001182	HEK293	cell_line	embryonic		encode	paired	True	0.7199051380157471	chip_tf	ZNF600	
EFO:0001182 TF ChIP-seq ZNF610 genetically modified (insertion) using site-specific recombination targeting H. sapiens ZNF610	.	TF ChIP-seq	EFO:0001182	HEK293	cell_line	embryonic		encode	paired	True	0.7791306972503662	chip_tf	ZNF610	
EFO:0001182 TF ChIP-seq ZNF623 genetically modified (insertion) using site-specific recombination targeting H. sapiens ZNF623	.	TF ChIP-seq	EFO:0001182	HEK293	cell_line	embryonic		encode	paired	True	0.7774213552474976	chip_tf	ZNF623	
EFO:0001182 TF ChIP-seq ZNF629 genetically modified (insertion) using site-specific recombination targeting H. sapiens ZNF629	.	TF ChIP-seq	EFO:0001182	HEK293	cell_line	embryonic		encode	paired	True	0.7427449822425842	chip_tf	ZNF629	
EFO:0001182 TF ChIP-seq ZNF639 genetically modified (insertion) using site-specific recombination targeting H. sapiens ZNF639	.	TF ChIP-seq	EFO:0001182	HEK293	cell_line	embryonic		encode	paired	True	0.768902063369751	chip_tf	ZNF639	
EFO:0001182 TF ChIP-seq ZNF654 genetically modified (insertion) using site-specific recombination targeting H. sapiens ZNF654	.	TF ChIP-seq	EFO:0001182	HEK293	cell_line	embryonic		encode	paired	True	0.840003252029419	chip_tf	ZNF654	
EFO:0001182 TF ChIP-seq ZNF660 genetically modified (insertion) using site-specific recombination targeting H. sapiens ZNF660	.	TF ChIP-seq	EFO:0001182	HEK293	cell_line	embryonic		encode	paired	True	0.7775765061378479	chip_tf	ZNF660	
EFO:0001182 TF ChIP-seq ZNF664 genetically modified (insertion) using site-specific recombination targeting H. sapiens ZNF664	.	TF ChIP-seq	EFO:0001182	HEK293	cell_line	embryonic		encode	paired	True	0.7865277528762817	chip_tf	ZNF664	
EFO:0001182 TF ChIP-seq ZNF680 genetically modified (insertion) using site-specific recombination targeting H. sapiens ZNF680	.	TF ChIP-seq	EFO:0001182	HEK293	cell_line	embryonic		encode	paired	True	0.7925419807434082	chip_tf	ZNF680	
EFO:0001182 TF ChIP-seq ZNF692 genetically modified (insertion) using site-specific recombination targeting H. sapiens ZNF692	.	TF ChIP-seq	EFO:0001182	HEK293	cell_line	embryonic		encode	paired	True	0.7554531097412109	chip_tf	ZNF692	
EFO:0001182 TF ChIP-seq ZNF76 genetically modified (insertion) using site-specific recombination targeting H. sapiens ZNF76	.	TF ChIP-seq	EFO:0001182	HEK293	cell_line	embryonic		encode	paired	True	0.7747834324836731	chip_tf	ZNF76	
EFO:0001182 TF ChIP-seq ZNF770 genetically modified (insertion) using site-specific recombination targeting H. sapiens ZNF770	.	TF ChIP-seq	EFO:0001182	HEK293	cell_line	embryonic		encode	paired	True	0.7817620038986206	chip_tf	ZNF770	
EFO:0001182 TF ChIP-seq ZNF843 genetically modified (insertion) using site-specific recombination targeting H. sapiens ZNF843	.	TF ChIP-seq	EFO:0001182	HEK293	cell_line	embryonic		encode	paired	True	0.7666009664535522	chip_tf	ZNF843	
EFO:0001182 TF ChIP-seq ZSCAN21 genetically modified (insertion) using site-specific recombination targeting H. sapiens ZSCAN21	.	TF ChIP-seq	EFO:0001182	HEK293	cell_line	embryonic		encode	paired	True	0.7539019584655762	chip_tf	ZSCAN21	
EFO:0001182 TF ChIP-seq ZSCAN30 genetically modified (insertion) using site-specific recombination targeting H. sapiens ZSCAN30	.	TF ChIP-seq	EFO:0001182	HEK293	cell_line	embryonic		encode	paired	True	0.8173872828483582	chip_tf	ZSCAN30	
EFO:0001182 TF ChIP-seq ZSCAN4 genetically modified (insertion) using site-specific recombination targeting H. sapiens ZSCAN4	.	TF ChIP-seq	EFO:0001182	HEK293	cell_line	embryonic		encode	paired	True	0.7768357992172241	chip_tf	ZSCAN4	
EFO:0001182 TF ChIP-seq ZSCAN5C genetically modified (insertion) using site-specific recombination targeting H. sapiens ZSCAN5C	.	TF ChIP-seq	EFO:0001182	HEK293	cell_line	embryonic		encode	paired	True	0.7876642346382141	chip_tf	ZSCAN5C	
EFO:0001182 TF ChIP-seq ZXDB genetically modified (insertion) using site-specific recombination targeting H. sapiens ZXDB	.	TF ChIP-seq	EFO:0001182	HEK293	cell_line	embryonic		encode	paired	True	0.7552258968353271	chip_tf	ZXDB	
EFO:0001184 TF ChIP-seq ELF4	.	TF ChIP-seq	EFO:0001184	HEK293T	cell_line	embryonic		encode	paired	False	0.7921107411384583	chip_tf	ELF4	
EFO:0001184 TF ChIP-seq L3MBTL2	.	TF ChIP-seq	EFO:0001184	HEK293T	cell_line	embryonic		encode	paired	False	0.7604330778121948	chip_tf	L3MBTL2	
EFO:0001184 TF ChIP-seq PKNOX1	.	TF ChIP-seq	EFO:0001184	HEK293T	cell_line	embryonic		encode	paired	False	0.7313826680183411	chip_tf	PKNOX1	
EFO:0001184 TF ChIP-seq ZFX	.	TF ChIP-seq	EFO:0001184	HEK293T	cell_line	embryonic		encode	paired	False	0.8459454774856567	chip_tf	ZFX	
EFO:0001184 TF ChIP-seq ZNF384	.	TF ChIP-seq	EFO:0001184	HEK293T	cell_line	embryonic		encode	paired	False	0.7724091410636902	chip_tf	ZNF384	
EFO:0001187 TF ChIP-seq AFF4 genetically modified (insertion) using CRISPR targeting H. sapiens AFF4	.	TF ChIP-seq	EFO:0001187	HepG2	cell_line	child		encode	single	True	1.0958333015441895	chip_tf	AFF4	
EFO:0001187 TF ChIP-seq AGO2	.	TF ChIP-seq	EFO:0001187	HepG2	cell_line	child		encode	single	False	1.1765327453613281	chip_tf	AGO2	
EFO:0001187 TF ChIP-seq AHDC1 genetically modified (insertion) using CRISPR targeting H. sapiens AHDC1	.	TF ChIP-seq	EFO:0001187	HepG2	cell_line	child		encode	single	True	0.7505130171775818	chip_tf	AHDC1	
EFO:0001187 TF ChIP-seq AHR genetically modified (insertion) using CRISPR targeting H. sapiens AHR	.	TF ChIP-seq	EFO:0001187	HepG2	cell_line	child		encode	single	True	1.0706480741500854	chip_tf	AHR	
EFO:0001187 TF ChIP-seq AKAP8 genetically modified (insertion) using CRISPR targeting H. sapiens AKAP8	.	TF ChIP-seq	EFO:0001187	HepG2	cell_line	child		encode	single	True	0.9373123049736023	chip_tf	AKAP8	
EFO:0001187 TF ChIP-seq ARHGAP35 genetically modified (insertion) using CRISPR targeting H. sapiens ARHGAP35	.	TF ChIP-seq	EFO:0001187	HepG2	cell_line	child		encode	single	True	0.8258343935012817	chip_tf	ARHGAP35	
EFO:0001187 TF ChIP-seq ARID2 genetically modified (insertion) using CRISPR targeting H. sapiens ARID2	.	TF ChIP-seq	EFO:0001187	HepG2	cell_line	child		encode	single	True	0.7711448669433594	chip_tf	ARID2	
EFO:0001187 TF ChIP-seq ARID3A	.	TF ChIP-seq	EFO:0001187	HepG2	cell_line	child		encode	single	False	0.9498363733291626	chip_tf	ARID3A	
EFO:0001187 TF ChIP-seq ARID3A genetically modified (insertion) using CRISPR targeting H. sapiens ARID3A	.	TF ChIP-seq	EFO:0001187	HepG2	cell_line	child		encode	single	True	0.7250580787658691	chip_tf	ARID3A	
EFO:0001187 TF ChIP-seq ARID4A genetically modified (insertion) using CRISPR targeting H. sapiens ARID4A	.	TF ChIP-seq	EFO:0001187	HepG2	cell_line	child		encode	single	True	0.7641783952713013	chip_tf	ARID4A	
EFO:0001187 TF ChIP-seq ARID4B genetically modified (insertion) using CRISPR targeting H. sapiens ARID4B	.	TF ChIP-seq	EFO:0001187	HepG2	cell_line	child		encode	single	True	0.9257237315177917	chip_tf	ARID4B	
EFO:0001187 TF ChIP-seq ARID5B genetically modified (insertion) using CRISPR targeting H. sapiens ARID5B	.	TF ChIP-seq	EFO:0001187	HepG2	cell_line	child		encode	single	True	0.8131709098815918	chip_tf	ARID5B	
EFO:0001187 TF ChIP-seq ARNT2 genetically modified (insertion) using CRISPR targeting H. sapiens ARNT2	.	TF ChIP-seq	EFO:0001187	HepG2	cell_line	child		encode	single	True	0.8979248404502869	chip_tf	ARNT2	
EFO:0001187 TF ChIP-seq ARNTL genetically modified (insertion) using CRISPR targeting H. sapiens ARNTL	.	TF ChIP-seq	EFO:0001187	HepG2	cell_line	child		encode	single	True	0.8796525597572327	chip_tf	ARNTL	
EFO:0001187 TF ChIP-seq ASH2L	.	TF ChIP-seq	EFO:0001187	HepG2	cell_line	child		encode	single	False	0.7842143177986145	chip_tf	ASH2L	
EFO:0001187 TF ChIP-seq ATF1 genetically modified (insertion) using CRISPR targeting H. sapiens ATF1	.	TF ChIP-seq	EFO:0001187	HepG2	cell_line	child		encode	single	True	0.7178052663803101	chip_tf	ATF1	
EFO:0001187 TF ChIP-seq ATF2	.	TF ChIP-seq	EFO:0001187	HepG2	cell_line	child		encode	paired	False	0.8266690969467163	chip_tf	ATF2	
EFO:0001187 TF ChIP-seq ATF2 genetically modified (insertion) using CRISPR targeting H. sapiens ATF2	.	TF ChIP-seq	EFO:0001187	HepG2	cell_line	child		encode	single	True	0.8733900785446167	chip_tf	ATF2	
EFO:0001187 TF ChIP-seq ATF3 genetically modified (insertion) using CRISPR targeting H. sapiens ATF3	.	TF ChIP-seq	EFO:0001187	HepG2	cell_line	child		encode	single	True	0.9405274391174316	chip_tf	ATF3	
EFO:0001187 TF ChIP-seq ATF4 genetically modified (insertion) using CRISPR targeting H. sapiens ATF4	.	TF ChIP-seq	EFO:0001187	HepG2	cell_line	child		encode	single	True	0.7163546085357666	chip_tf	ATF4	
EFO:0001187 TF ChIP-seq ATF7	.	TF ChIP-seq	EFO:0001187	HepG2	cell_line	child		encode	paired	False	0.7905319333076477	chip_tf	ATF7	
EFO:0001187 TF ChIP-seq ATF7 genetically modified (insertion) using CRISPR targeting H. sapiens ATF7	.	TF ChIP-seq	EFO:0001187	HepG2	cell_line	child		encode	single	True	0.857157289981842	chip_tf	ATF7	
EFO:0001187 TF ChIP-seq ATF7-NPFF genetically modified (insertion) using CRISPR targeting H. sapiens ATF7	.	TF ChIP-seq	EFO:0001187	HepG2	cell_line	child		encode	single	True	0.8894299268722534	chip_tf	ATF7-NPFF	
EFO:0001187 TF ChIP-seq BATF2 genetically modified (insertion) using CRISPR targeting H. sapiens BATF2	.	TF ChIP-seq	EFO:0001187	HepG2	cell_line	child		encode	single	True	0.8882627487182617	chip_tf	BATF2	
EFO:0001187 TF ChIP-seq BAZ2A genetically modified (insertion) using CRISPR targeting H. sapiens BAZ2A	.	TF ChIP-seq	EFO:0001187	HepG2	cell_line	child		encode	single	True	0.9506245255470276	chip_tf	BAZ2A	
EFO:0001187 TF ChIP-seq BCL3 genetically modified (insertion) using CRISPR targeting H. sapiens BCL3	.	TF ChIP-seq	EFO:0001187	HepG2	cell_line	child		encode	single	True	0.8422386050224304	chip_tf	BCL3	
EFO:0001187 TF ChIP-seq BCL6 genetically modified (insertion) using CRISPR targeting H. sapiens BCL6	.	TF ChIP-seq	EFO:0001187	HepG2	cell_line	child		encode	single	True	0.8456039428710938	chip_tf	BCL6	
EFO:0001187 TF ChIP-seq BCLAF1	.	TF ChIP-seq	EFO:0001187	HepG2	cell_line	child		encode	paired	False	0.8403931856155396	chip_tf	BCLAF1	
EFO:0001187 TF ChIP-seq BHLHE40	.	TF ChIP-seq	EFO:0001187	HepG2	cell_line	child		encode	single	False	0.9407265782356262	chip_tf	BHLHE40	
EFO:0001187 TF ChIP-seq BORCS8-MEF2B genetically modified (insertion) using CRISPR targeting H. sapiens BORCS8	.	TF ChIP-seq	EFO:0001187	HepG2	cell_line	child		encode	single	True	0.9872255325317383	chip_tf	BORCS8-MEF2B	
EFO:0001187 TF ChIP-seq BRCA1 genetically modified (insertion) using CRISPR targeting H. sapiens BRCA1	.	TF ChIP-seq	EFO:0001187	HepG2	cell_line	child		encode	single	True	0.9496076107025146	chip_tf	BRCA1	
EFO:0001187 TF ChIP-seq BRD4 genetically modified (insertion) using CRISPR targeting H. sapiens BRD4	.	TF ChIP-seq	EFO:0001187	HepG2	cell_line	child		encode	single	True	0.922921895980835	chip_tf	BRD4	
EFO:0001187 TF ChIP-seq BRF2 genetically modified (insertion) using CRISPR targeting H. sapiens BRF2	.	TF ChIP-seq	EFO:0001187	HepG2	cell_line	child		encode	single	True	0.8202899694442749	chip_tf	BRF2	
EFO:0001187 TF ChIP-seq CAMTA2 genetically modified (insertion) using CRISPR targeting H. sapiens CAMTA2	.	TF ChIP-seq	EFO:0001187	HepG2	cell_line	child		encode	single	True	0.8614745140075684	chip_tf	CAMTA2	
EFO:0001187 TF ChIP-seq CBFB genetically modified (insertion) using CRISPR targeting H. sapiens CBFB	.	TF ChIP-seq	EFO:0001187	HepG2	cell_line	child		encode	single	True	0.9547829627990723	chip_tf	CBFB	
EFO:0001187 TF ChIP-seq CBX1	.	TF ChIP-seq	EFO:0001187	HepG2	cell_line	child		encode	single	False	1.7932310104370117	chip_tf	CBX1	
EFO:0001187 TF ChIP-seq CBX5 genetically modified (insertion) using CRISPR targeting H. sapiens CBX5	.	TF ChIP-seq	EFO:0001187	HepG2	cell_line	child		encode	single	True	1.048087477684021	chip_tf	CBX5	
EFO:0001187 TF ChIP-seq CCDC6 genetically modified (insertion) using CRISPR targeting H. sapiens CCDC6	.	TF ChIP-seq	EFO:0001187	HepG2	cell_line	child		encode	single	True	0.8603995442390442	chip_tf	CCDC6	
EFO:0001187 TF ChIP-seq CEBPA genetically modified (insertion) using CRISPR targeting H. sapiens CEBPA	.	TF ChIP-seq	EFO:0001187	HepG2	cell_line	child		encode	single	True	0.9038640260696411	chip_tf	CEBPA	
EFO:0001187 TF ChIP-seq CEBPB	.	TF ChIP-seq	EFO:0001187	HepG2	cell_line	child		encode	single	False	1.1806750297546387	chip_tf	CEBPB	
EFO:0001187 TF ChIP-seq CEBPD genetically modified (insertion) using CRISPR targeting H. sapiens CEBPD	.	TF ChIP-seq	EFO:0001187	HepG2	cell_line	child		encode	single	True	1.1238700151443481	chip_tf	CEBPD	
EFO:0001187 TF ChIP-seq CEBPG genetically modified (insertion) using CRISPR targeting H. sapiens CEBPG	.	TF ChIP-seq	EFO:0001187	HepG2	cell_line	child		encode	single	True	0.8854897022247314	chip_tf	CEBPG	
EFO:0001187 TF ChIP-seq CHD2	.	TF ChIP-seq	EFO:0001187	HepG2	cell_line	child		encode	single	False	1.0124356746673584	chip_tf	CHD2	
EFO:0001187 TF ChIP-seq CHD4	.	TF ChIP-seq	EFO:0001187	HepG2	cell_line	child		encode	single	False	0.8086315393447876	chip_tf	CHD4	
EFO:0001187 TF ChIP-seq CREB1	.	TF ChIP-seq	EFO:0001187	HepG2	cell_line	child		encode	paired	False	0.7679792046546936	chip_tf	CREB1	
EFO:0001187 TF ChIP-seq CREB1 genetically modified (insertion) using CRISPR targeting H. sapiens CREB1	.	TF ChIP-seq	EFO:0001187	HepG2	cell_line	child		encode	single	True	0.6846128702163696	chip_tf	CREB1	
EFO:0001187 TF ChIP-seq CREM	.	TF ChIP-seq	EFO:0001187	HepG2	cell_line	child		encode	single	False	0.7372840642929077	chip_tf	CREM	
EFO:0001187 TF ChIP-seq CSRNP1 genetically modified (insertion) using CRISPR targeting H. sapiens CSRNP1	.	TF ChIP-seq	EFO:0001187	HepG2	cell_line	child		encode	single	True	0.7614040970802307	chip_tf	CSRNP1	
EFO:0001187 TF ChIP-seq CTCF	.	TF ChIP-seq	EFO:0001187	HepG2	cell_line	child		encode	single	False	1.0367335081100464	chip_tf	CTCF	
EFO:0001187 TF ChIP-seq CTCF genetically modified (insertion) using CRISPR targeting H. sapiens CTCF	.	TF ChIP-seq	EFO:0001187	HepG2	cell_line	child		encode	single	True	0.9780106544494629	chip_tf	CTCF	
EFO:0001187 TF ChIP-seq DLX6 genetically modified (insertion) using CRISPR targeting H. sapiens DLX6	.	TF ChIP-seq	EFO:0001187	HepG2	cell_line	child		encode	single	True	0.8272435665130615	chip_tf	DLX6	
EFO:0001187 TF ChIP-seq DMAP1 genetically modified (insertion) using CRISPR targeting H. sapiens DMAP1	.	TF ChIP-seq	EFO:0001187	HepG2	cell_line	child		encode	single	True	0.9408639669418335	chip_tf	DMAP1	
EFO:0001187 TF ChIP-seq DNMT1 genetically modified (insertion) using CRISPR targeting H. sapiens DNMT1	.	TF ChIP-seq	EFO:0001187	HepG2	cell_line	child		encode	single	True	0.9599778056144714	chip_tf	DNMT1	
EFO:0001187 TF ChIP-seq DNMT3B genetically modified (insertion) using CRISPR targeting H. sapiens DNMT3B	.	TF ChIP-seq	EFO:0001187	HepG2	cell_line	child		encode	single	True	0.9800146818161011	chip_tf	DNMT3B	
EFO:0001187 TF ChIP-seq DPF2 genetically modified (insertion) using CRISPR targeting H. sapiens DPF2	.	TF ChIP-seq	EFO:0001187	HepG2	cell_line	child		encode	single	True	1.0381863117218018	chip_tf	DPF2	
EFO:0001187 TF ChIP-seq DR1 genetically modified (insertion) using CRISPR targeting H. sapiens DR1	.	TF ChIP-seq	EFO:0001187	HepG2	cell_line	child		encode	single	True	0.7556718587875366	chip_tf	DR1	
EFO:0001187 TF ChIP-seq DRAP1 genetically modified (insertion) using CRISPR targeting H. sapiens DRAP1	.	TF ChIP-seq	EFO:0001187	HepG2	cell_line	child		encode	single	True	0.844770073890686	chip_tf	DRAP1	
EFO:0001187 TF ChIP-seq DZIP1 genetically modified (insertion) using CRISPR targeting H. sapiens DZIP1	.	TF ChIP-seq	EFO:0001187	HepG2	cell_line	child		encode	single	True	0.8786128163337708	chip_tf	DZIP1	
EFO:0001187 TF ChIP-seq E2F1 genetically modified (insertion) using CRISPR targeting H. sapiens E2F1	.	TF ChIP-seq	EFO:0001187	HepG2	cell_line	child		encode	single	True	0.7706258296966553	chip_tf	E2F1	
EFO:0001187 TF ChIP-seq E2F4 genetically modified (insertion) using CRISPR targeting H. sapiens E2F4	.	TF ChIP-seq	EFO:0001187	HepG2	cell_line	child		encode	single	True	0.766048014163971	chip_tf	E2F4	
EFO:0001187 TF ChIP-seq E2F5 genetically modified (insertion) using CRISPR targeting H. sapiens E2F5	.	TF ChIP-seq	EFO:0001187	HepG2	cell_line	child		encode	single	True	1.0544836521148682	chip_tf	E2F5	
EFO:0001187 TF ChIP-seq E2F8 genetically modified (insertion) using CRISPR targeting H. sapiens E2F8	.	TF ChIP-seq	EFO:0001187	HepG2	cell_line	child		encode	single	True	0.7977742552757263	chip_tf	E2F8	
EFO:0001187 TF ChIP-seq EEA1 genetically modified (insertion) using CRISPR targeting H. sapiens EEA1	.	TF ChIP-seq	EFO:0001187	HepG2	cell_line	child		encode	single	True	0.9580557346343994	chip_tf	EEA1	
EFO:0001187 TF ChIP-seq EED genetically modified (insertion) using CRISPR targeting H. sapiens EED	.	TF ChIP-seq	EFO:0001187	HepG2	cell_line	child		encode	single	True	0.8560649752616882	chip_tf	EED	
EFO:0001187 TF ChIP-seq EGR1 genetically modified (insertion) using CRISPR targeting H. sapiens EGR1	.	TF ChIP-seq	EFO:0001187	HepG2	cell_line	child		encode	single	True	0.8205860257148743	chip_tf	EGR1	
EFO:0001187 TF ChIP-seq EHMT2	.	TF ChIP-seq	EFO:0001187	HepG2	cell_line	child		encode	single	False	0.8669118881225586	chip_tf	EHMT2	
EFO:0001187 TF ChIP-seq ELF1	.	TF ChIP-seq	EFO:0001187	HepG2	cell_line	child		encode	single	False	1.0358084440231323	chip_tf	ELF1	
EFO:0001187 TF ChIP-seq ELF1 genetically modified (insertion) using CRISPR targeting H. sapiens ELF1	.	TF ChIP-seq	EFO:0001187	HepG2	cell_line	child		encode	single	True	0.8516697883605957	chip_tf	ELF1	
EFO:0001187 TF ChIP-seq ELF3 genetically modified (insertion) using CRISPR targeting H. sapiens ELF3	.	TF ChIP-seq	EFO:0001187	HepG2	cell_line	child		encode	single	True	0.9217767715454102	chip_tf	ELF3	
EFO:0001187 TF ChIP-seq ELF4 genetically modified (insertion) using CRISPR targeting H. sapiens ELF4	.	TF ChIP-seq	EFO:0001187	HepG2	cell_line	child		encode	single	True	0.8673814535140991	chip_tf	ELF4	
EFO:0001187 TF ChIP-seq ELK1 genetically modified (insertion) using CRISPR targeting H. sapiens ELK1	.	TF ChIP-seq	EFO:0001187	HepG2	cell_line	child		encode	single	True	0.9412835836410522	chip_tf	ELK1	
EFO:0001187 TF ChIP-seq EP300	.	TF ChIP-seq	EFO:0001187	HepG2	cell_line	child		encode	single	False	0.7609607577323914	chip_tf	EP300	
EFO:0001187 TF ChIP-seq EP300 genetically modified (insertion) using CRISPR targeting H. sapiens EP300	.	TF ChIP-seq	EFO:0001187	HepG2	cell_line	child		encode	single	True	0.7821898460388184	chip_tf	EP300	
EFO:0001187 TF ChIP-seq ERF genetically modified (insertion) using CRISPR targeting H. sapiens ERF	.	TF ChIP-seq	EFO:0001187	HepG2	cell_line	child		encode	single	True	0.8812923431396484	chip_tf	ERF	
EFO:0001187 TF ChIP-seq ESRRA genetically modified (insertion) using CRISPR targeting H. sapiens ESRRA	.	TF ChIP-seq	EFO:0001187	HepG2	cell_line	child		encode	single	True	0.9067927002906799	chip_tf	ESRRA	
EFO:0001187 TF ChIP-seq ETS1	.	TF ChIP-seq	EFO:0001187	HepG2	cell_line	child		encode	single	False	0.9008435606956482	chip_tf	ETS1	
EFO:0001187 TF ChIP-seq ETV4	.	TF ChIP-seq	EFO:0001187	HepG2	cell_line	child		encode	single	False	0.8924592733383179	chip_tf	ETV4	
EFO:0001187 TF ChIP-seq ETV4 genetically modified (insertion) using CRISPR targeting H. sapiens ETV4	.	TF ChIP-seq	EFO:0001187	HepG2	cell_line	child		encode	single	True	0.9367424249649048	chip_tf	ETV4	
EFO:0001187 TF ChIP-seq ETV5 genetically modified (insertion) using CRISPR targeting H. sapiens ETV5	.	TF ChIP-seq	EFO:0001187	HepG2	cell_line	child		encode	single	True	0.9685952067375183	chip_tf	ETV5	
EFO:0001187 TF ChIP-seq ETV6 genetically modified (insertion) using CRISPR targeting H. sapiens ETV6	.	TF ChIP-seq	EFO:0001187	HepG2	cell_line	child		encode	single	True	0.9896833896636963	chip_tf	ETV6	
EFO:0001187 TF ChIP-seq EZH2	.	TF ChIP-seq	EFO:0001187	HepG2	cell_line	child		encode	single	False	0.8167230486869812	chip_tf	EZH2	
EFO:0001187 TF ChIP-seq FBXL19 genetically modified (insertion) using CRISPR targeting H. sapiens FBXL19	.	TF ChIP-seq	EFO:0001187	HepG2	cell_line	child		encode	single	True	0.8385319113731384	chip_tf	FBXL19	
EFO:0001187 TF ChIP-seq FOSL1 genetically modified (insertion) using CRISPR targeting H. sapiens FOSL1	.	TF ChIP-seq	EFO:0001187	HepG2	cell_line	child		encode	single	True	0.7864099144935608	chip_tf	FOSL1	
EFO:0001187 TF ChIP-seq FOSL2	.	TF ChIP-seq	EFO:0001187	HepG2	cell_line	child		encode	single	False	0.9364256262779236	chip_tf	FOSL2	
EFO:0001187 TF ChIP-seq FOSL2 genetically modified (insertion) using CRISPR targeting H. sapiens FOSL2	.	TF ChIP-seq	EFO:0001187	HepG2	cell_line	child		encode	single	True	1.1371015310287476	chip_tf	FOSL2	
EFO:0001187 TF ChIP-seq FOXA1	.	TF ChIP-seq	EFO:0001187	HepG2	cell_line	child		encode	single	False	1.0333880186080933	chip_tf	FOXA1	
EFO:0001187 TF ChIP-seq FOXA1 genetically modified (insertion) using CRISPR targeting H. sapiens FOXA1	.	TF ChIP-seq	EFO:0001187	HepG2	cell_line	child		encode	single	True	1.0402621030807495	chip_tf	FOXA1	
EFO:0001187 TF ChIP-seq FOXA2	.	TF ChIP-seq	EFO:0001187	HepG2	cell_line	child		encode	paired	False	0.7824559807777405	chip_tf	FOXA2	
EFO:0001187 TF ChIP-seq FOXA2 genetically modified (insertion) using CRISPR targeting H. sapiens FOXA2	.	TF ChIP-seq	EFO:0001187	HepG2	cell_line	child		encode	single	True	0.8392978310585022	chip_tf	FOXA2	
EFO:0001187 TF ChIP-seq FOXA3 genetically modified (insertion) using CRISPR targeting H. sapiens FOXA3	.	TF ChIP-seq	EFO:0001187	HepG2	cell_line	child		encode	single	True	0.8464599251747131	chip_tf	FOXA3	
EFO:0001187 TF ChIP-seq FOXC1 genetically modified (insertion) using CRISPR targeting H. sapiens FOXC1	.	TF ChIP-seq	EFO:0001187	HepG2	cell_line	child		encode	single	True	0.8601622581481934	chip_tf	FOXC1	
EFO:0001187 TF ChIP-seq FOXJ3 genetically modified (insertion) using CRISPR targeting H. sapiens FOXJ3	.	TF ChIP-seq	EFO:0001187	HepG2	cell_line	child		encode	single	True	0.7561543583869934	chip_tf	FOXJ3	
EFO:0001187 TF ChIP-seq FOXK1 genetically modified (insertion) using CRISPR targeting H. sapiens FOXK1	.	TF ChIP-seq	EFO:0001187	HepG2	cell_line	child		encode	single	True	0.8882734775543213	chip_tf	FOXK1	
EFO:0001187 TF ChIP-seq FOXO1 genetically modified (insertion) using CRISPR targeting H. sapiens FOXO1	.	TF ChIP-seq	EFO:0001187	HepG2	cell_line	child		encode	single	True	0.9055713415145874	chip_tf	FOXO1	
EFO:0001187 TF ChIP-seq FOXO4 genetically modified (insertion) using CRISPR targeting H. sapiens FOXO4	.	TF ChIP-seq	EFO:0001187	HepG2	cell_line	child		encode	single	True	0.9278377294540405	chip_tf	FOXO4	
EFO:0001187 TF ChIP-seq FOXP1 genetically modified (insertion) using CRISPR targeting H. sapiens FOXP1	.	TF ChIP-seq	EFO:0001187	HepG2	cell_line	child		encode	single	True	0.8943411111831665	chip_tf	FOXP1	
EFO:0001187 TF ChIP-seq FOXP4 genetically modified (insertion) using CRISPR targeting H. sapiens FOXP4	.	TF ChIP-seq	EFO:0001187	HepG2	cell_line	child		encode	single	True	0.8135387301445007	chip_tf	FOXP4	
EFO:0001187 TF ChIP-seq FOXQ1 genetically modified (insertion) using CRISPR targeting H. sapiens FOXQ1	.	TF ChIP-seq	EFO:0001187	HepG2	cell_line	child		encode	single	True	0.865361750125885	chip_tf	FOXQ1	
EFO:0001187 TF ChIP-seq FUS	.	TF ChIP-seq	EFO:0001187	HepG2	cell_line	child		encode	single	False	1.128843903541565	chip_tf	FUS	
EFO:0001187 TF ChIP-seq GABPA	.	TF ChIP-seq	EFO:0001187	HepG2	cell_line	child		encode	single	False	1.1296805143356323	chip_tf	GABPA	
EFO:0001187 TF ChIP-seq GABPA genetically modified (insertion) using CRISPR targeting H. sapiens GABPA	.	TF ChIP-seq	EFO:0001187	HepG2	cell_line	child		encode	single	True	0.7817407846450806	chip_tf	GABPA	
EFO:0001187 TF ChIP-seq GABPB1 genetically modified (insertion) using CRISPR targeting H. sapiens GABPB1	.	TF ChIP-seq	EFO:0001187	HepG2	cell_line	child		encode	single	True	0.9527495503425598	chip_tf	GABPB1	
EFO:0001187 TF ChIP-seq GATA2 genetically modified (insertion) using CRISPR targeting H. sapiens GATA2	.	TF ChIP-seq	EFO:0001187	HepG2	cell_line	child		encode	single	True	0.7664991617202759	chip_tf	GATA2	
EFO:0001187 TF ChIP-seq GATA4	.	TF ChIP-seq	EFO:0001187	HepG2	cell_line	child		encode	single	False	0.9864453077316284	chip_tf	GATA4	
EFO:0001187 TF ChIP-seq GATAD1 genetically modified (insertion) using CRISPR targeting H. sapiens GATAD1	.	TF ChIP-seq	EFO:0001187	HepG2	cell_line	child		encode	single	True	0.8292107582092285	chip_tf	GATAD1	
EFO:0001187 TF ChIP-seq GATAD2A genetically modified (insertion) using CRISPR targeting H. sapiens GATAD2A	.	TF ChIP-seq	EFO:0001187	HepG2	cell_line	child		encode	single	True	0.8691539764404297	chip_tf	GATAD2A	
EFO:0001187 TF ChIP-seq GATAD2B genetically modified (insertion) using CRISPR targeting H. sapiens GATAD2B	.	TF ChIP-seq	EFO:0001187	HepG2	cell_line	child		encode	single	True	0.8008445501327515	chip_tf	GATAD2B	
EFO:0001187 TF ChIP-seq GFI1 genetically modified (insertion) using CRISPR targeting H. sapiens GFI1	.	TF ChIP-seq	EFO:0001187	HepG2	cell_line	child		encode	single	True	0.7213774919509888	chip_tf	GFI1	
EFO:0001187 TF ChIP-seq GLI4 genetically modified (insertion) using CRISPR targeting H. sapiens GLI4	.	TF ChIP-seq	EFO:0001187	HepG2	cell_line	child		encode	single	True	0.7912455201148987	chip_tf	GLI4	
EFO:0001187 TF ChIP-seq GLYR1 genetically modified (insertion) using CRISPR targeting H. sapiens GLYR1	.	TF ChIP-seq	EFO:0001187	HepG2	cell_line	child		encode	single	True	0.931145429611206	chip_tf	GLYR1	
EFO:0001187 TF ChIP-seq GMEB1 genetically modified (insertion) using CRISPR targeting H. sapiens GMEB1	.	TF ChIP-seq	EFO:0001187	HepG2	cell_line	child		encode	single	True	0.7963158488273621	chip_tf	GMEB1	
EFO:0001187 TF ChIP-seq GMEB2 genetically modified (insertion) using CRISPR targeting H. sapiens GMEB2	.	TF ChIP-seq	EFO:0001187	HepG2	cell_line	child		encode	single	True	1.02279531955719	chip_tf	GMEB2	
EFO:0001187 TF ChIP-seq GPBP1L1 genetically modified (insertion) using CRISPR targeting H. sapiens GPBP1L1	.	TF ChIP-seq	EFO:0001187	HepG2	cell_line	child		encode	single	True	0.8342117667198181	chip_tf	GPBP1L1	
EFO:0001187 TF ChIP-seq GZF1 genetically modified (insertion) using CRISPR targeting H. sapiens GZF1	.	TF ChIP-seq	EFO:0001187	HepG2	cell_line	child		encode	single	True	0.825830340385437	chip_tf	GZF1	
EFO:0001187 TF ChIP-seq HBP1 genetically modified (insertion) using CRISPR targeting H. sapiens HBP1	.	TF ChIP-seq	EFO:0001187	HepG2	cell_line	child		encode	single	True	1.2320542335510254	chip_tf	HBP1	
EFO:0001187 TF ChIP-seq HCFC1	.	TF ChIP-seq	EFO:0001187	HepG2	cell_line	child		encode	single	False	1.038496971130371	chip_tf	HCFC1	
EFO:0001187 TF ChIP-seq HDAC1	.	TF ChIP-seq	EFO:0001187	HepG2	cell_line	child		encode	single	False	0.8245723843574524	chip_tf	HDAC1	
EFO:0001187 TF ChIP-seq HDAC1 genetically modified (insertion) using CRISPR targeting H. sapiens HDAC1	.	TF ChIP-seq	EFO:0001187	HepG2	cell_line	child		encode	single	True	0.737365186214447	chip_tf	HDAC1	
EFO:0001187 TF ChIP-seq HDAC2	.	TF ChIP-seq	EFO:0001187	HepG2	cell_line	child		encode	single	False	1.0571244955062866	chip_tf	HDAC2	
EFO:0001187 TF ChIP-seq HDAC2 genetically modified (insertion) using CRISPR targeting H. sapiens HDAC2	.	TF ChIP-seq	EFO:0001187	HepG2	cell_line	child		encode	single	True	0.8557186126708984	chip_tf	HDAC2	
EFO:0001187 TF ChIP-seq HES4 genetically modified (insertion) using CRISPR targeting H. sapiens HES4	.	TF ChIP-seq	EFO:0001187	HepG2	cell_line	child		encode	single	True	0.9328177571296692	chip_tf	HES4	
EFO:0001187 TF ChIP-seq HHEX genetically modified (insertion) using CRISPR targeting H. sapiens HHEX	.	TF ChIP-seq	EFO:0001187	HepG2	cell_line	child		encode	single	True	0.9259557723999023	chip_tf	HHEX	
EFO:0001187 TF ChIP-seq HIC2 genetically modified (insertion) using CRISPR targeting H. sapiens HIC2	.	TF ChIP-seq	EFO:0001187	HepG2	cell_line	child		encode	single	True	0.8527292609214783	chip_tf	HIC2	
EFO:0001187 TF ChIP-seq HINFP genetically modified (insertion) using CRISPR targeting H. sapiens HINFP	.	TF ChIP-seq	EFO:0001187	HepG2	cell_line	child		encode	single	True	0.9859409332275391	chip_tf	HINFP	
EFO:0001187 TF ChIP-seq HIVEP1 genetically modified (insertion) using CRISPR targeting H. sapiens HIVEP1	.	TF ChIP-seq	EFO:0001187	HepG2	cell_line	child		encode	single	True	0.9267089366912842	chip_tf	HIVEP1	
EFO:0001187 TF ChIP-seq HLF genetically modified (insertion) using CRISPR targeting H. sapiens HLF	.	TF ChIP-seq	EFO:0001187	HepG2	cell_line	child		encode	single	True	0.7414057850837708	chip_tf	HLF	
EFO:0001187 TF ChIP-seq HMG20A genetically modified (insertion) using CRISPR targeting H. sapiens HMG20A	.	TF ChIP-seq	EFO:0001187	HepG2	cell_line	child		encode	single	True	0.9154618978500366	chip_tf	HMG20A	
EFO:0001187 TF ChIP-seq HMG20B genetically modified (insertion) using CRISPR targeting H. sapiens HMG20B	.	TF ChIP-seq	EFO:0001187	HepG2	cell_line	child		encode	single	True	0.912163257598877	chip_tf	HMG20B	
EFO:0001187 TF ChIP-seq HMGA1 genetically modified (insertion) using CRISPR targeting H. sapiens HMGA1	.	TF ChIP-seq	EFO:0001187	HepG2	cell_line	child		encode	single	True	0.9891459941864014	chip_tf	HMGA1	
EFO:0001187 TF ChIP-seq HMGXB3 genetically modified (insertion) using CRISPR targeting H. sapiens HMGXB3	.	TF ChIP-seq	EFO:0001187	HepG2	cell_line	child		encode	single	True	0.8381025195121765	chip_tf	HMGXB3	
EFO:0001187 TF ChIP-seq HMGXB4 genetically modified (insertion) using CRISPR targeting H. sapiens HMGXB4	.	TF ChIP-seq	EFO:0001187	HepG2	cell_line	child		encode	single	True	0.7631290555000305	chip_tf	HMGXB4	
EFO:0001187 TF ChIP-seq HNF1A	.	TF ChIP-seq	EFO:0001187	HepG2	cell_line	child		encode	single	False	0.8505245447158813	chip_tf	HNF1A	
EFO:0001187 TF ChIP-seq HNF1A genetically modified (insertion) using CRISPR targeting H. sapiens HNF1A	.	TF ChIP-seq	EFO:0001187	HepG2	cell_line	child		encode	single	True	0.8400798439979553	chip_tf	HNF1A	
EFO:0001187 TF ChIP-seq HNF1B genetically modified (insertion) using CRISPR targeting H. sapiens HNF1B	.	TF ChIP-seq	EFO:0001187	HepG2	cell_line	child		encode	single	True	0.7699143886566162	chip_tf	HNF1B	
EFO:0001187 TF ChIP-seq HNF4A	.	TF ChIP-seq	EFO:0001187	HepG2	cell_line	child		encode	single	False	2.1114625930786133	chip_tf	HNF4A	
EFO:0001187 TF ChIP-seq HNF4A genetically modified (insertion) using CRISPR targeting H. sapiens HNF4A	.	TF ChIP-seq	EFO:0001187	HepG2	cell_line	child		encode	single	True	0.7774928212165833	chip_tf	HNF4A	
EFO:0001187 TF ChIP-seq HNF4G	.	TF ChIP-seq	EFO:0001187	HepG2	cell_line	child		encode	single	False	0.8917911052703857	chip_tf	HNF4G	
EFO:0001187 TF ChIP-seq HNF4G genetically modified (insertion) using CRISPR targeting H. sapiens HNF4G	.	TF ChIP-seq	EFO:0001187	HepG2	cell_line	child		encode	single	True	0.9067245721817017	chip_tf	HNF4G	
EFO:0001187 TF ChIP-seq HNRNPL	.	TF ChIP-seq	EFO:0001187	HepG2	cell_line	child		encode	single	False	1.1379462480545044	chip_tf	HNRNPL	
EFO:0001187 TF ChIP-seq HOMEZ genetically modified (insertion) using CRISPR targeting H. sapiens HOMEZ	.	TF ChIP-seq	EFO:0001187	HepG2	cell_line	child		encode	single	True	1.0409910678863525	chip_tf	HOMEZ	
EFO:0001187 TF ChIP-seq HOXA10 genetically modified (insertion) using CRISPR targeting H. sapiens HOXA10	.	TF ChIP-seq	EFO:0001187	HepG2	cell_line	child		encode	single	True	0.7787760496139526	chip_tf	HOXA10	
EFO:0001187 TF ChIP-seq HOXA3 genetically modified (insertion) using CRISPR targeting H. sapiens HOXA3	.	TF ChIP-seq	EFO:0001187	HepG2	cell_line	child		encode	single	True	0.9468487501144409	chip_tf	HOXA3	
EFO:0001187 TF ChIP-seq HOXA5 genetically modified (insertion) using CRISPR targeting H. sapiens HOXA5	.	TF ChIP-seq	EFO:0001187	HepG2	cell_line	child		encode	single	True	0.895253598690033	chip_tf	HOXA5	
EFO:0001187 TF ChIP-seq HOXA9 genetically modified (insertion) using CRISPR targeting H. sapiens HOXA9	.	TF ChIP-seq	EFO:0001187	HepG2	cell_line	child		encode	single	True	0.8470037579536438	chip_tf	HOXA9	
EFO:0001187 TF ChIP-seq HOXD1 genetically modified (insertion) using CRISPR targeting H. sapiens HOXD1	.	TF ChIP-seq	EFO:0001187	HepG2	cell_line	child		encode	single	True	0.949165940284729	chip_tf	HOXD1	
EFO:0001187 TF ChIP-seq IKZF5 genetically modified (insertion) using CRISPR targeting H. sapiens IKZF5	.	TF ChIP-seq	EFO:0001187	HepG2	cell_line	child		encode	single	True	0.9536506533622742	chip_tf	IKZF5	
EFO:0001187 TF ChIP-seq IRF2 genetically modified (insertion) using CRISPR targeting H. sapiens IRF2	.	TF ChIP-seq	EFO:0001187	HepG2	cell_line	child		encode	single	True	0.996667206287384	chip_tf	IRF2	
EFO:0001187 TF ChIP-seq IRF5 genetically modified (insertion) using CRISPR targeting H. sapiens IRF5	.	TF ChIP-seq	EFO:0001187	HepG2	cell_line	child		encode	single	True	0.8235814571380615	chip_tf	IRF5	
EFO:0001187 TF ChIP-seq IRF9 genetically modified (insertion) using CRISPR targeting H. sapiens IRF9	.	TF ChIP-seq	EFO:0001187	HepG2	cell_line	child		encode	single	True	0.862970232963562	chip_tf	IRF9	
EFO:0001187 TF ChIP-seq IRX3 genetically modified (insertion) using CRISPR targeting H. sapiens IRX3	.	TF ChIP-seq	EFO:0001187	HepG2	cell_line	child		encode	single	True	0.9514657258987427	chip_tf	IRX3	
EFO:0001187 TF ChIP-seq ISL2 genetically modified (insertion) using CRISPR targeting H. sapiens ISL2	.	TF ChIP-seq	EFO:0001187	HepG2	cell_line	child		encode	single	True	0.7776180505752563	chip_tf	ISL2	
EFO:0001187 TF ChIP-seq JRK genetically modified (insertion) using CRISPR targeting H. sapiens JRK	.	TF ChIP-seq	EFO:0001187	HepG2	cell_line	child		encode	single	True	0.7808650135993958	chip_tf	JRK	
EFO:0001187 TF ChIP-seq JUN	.	TF ChIP-seq	EFO:0001187	HepG2	cell_line	child		encode	single	False	0.9719169735908508	chip_tf	JUN	
EFO:0001187 TF ChIP-seq JUN genetically modified (insertion) using CRISPR targeting H. sapiens JUN	.	TF ChIP-seq	EFO:0001187	HepG2	cell_line	child		encode	single	True	0.9014906287193298	chip_tf	JUN	
EFO:0001187 TF ChIP-seq JUNB genetically modified (insertion) using CRISPR targeting H. sapiens JUNB	.	TF ChIP-seq	EFO:0001187	HepG2	cell_line	child		encode	single	True	0.7203683853149414	chip_tf	JUNB	
EFO:0001187 TF ChIP-seq JUND	.	TF ChIP-seq	EFO:0001187	HepG2	cell_line	child		encode	single	False	0.7910395860671997	chip_tf	JUND	
EFO:0001187 TF ChIP-seq JUND genetically modified (insertion) using CRISPR targeting H. sapiens JUND	.	TF ChIP-seq	EFO:0001187	HepG2	cell_line	child		encode	single	True	0.8167651295661926	chip_tf	JUND	
EFO:0001187 TF ChIP-seq KAT7 genetically modified (insertion) using CRISPR targeting H. sapiens KAT7	.	TF ChIP-seq	EFO:0001187	HepG2	cell_line	child		encode	single	True	0.9321450591087341	chip_tf	KAT7	
EFO:0001187 TF ChIP-seq KAT8 genetically modified (insertion) using CRISPR targeting H. sapiens KAT8	.	TF ChIP-seq	EFO:0001187	HepG2	cell_line	child		encode	single	True	0.8809491991996765	chip_tf	KAT8	
EFO:0001187 TF ChIP-seq KDM1A	.	TF ChIP-seq	EFO:0001187	HepG2	cell_line	child		encode	single	False	0.7607282400131226	chip_tf	KDM1A	
EFO:0001187 TF ChIP-seq KDM1A genetically modified (insertion) using CRISPR targeting H. sapiens KDM1A	.	TF ChIP-seq	EFO:0001187	HepG2	cell_line	child		encode	single	True	1.1691986322402954	chip_tf	KDM1A	
EFO:0001187 TF ChIP-seq KDM2A genetically modified (insertion) using CRISPR targeting H. sapiens KDM2A	.	TF ChIP-seq	EFO:0001187	HepG2	cell_line	child		encode	single	True	1.291098952293396	chip_tf	KDM2A	
EFO:0001187 TF ChIP-seq KDM3A genetically modified (insertion) using CRISPR targeting H. sapiens KDM3A	.	TF ChIP-seq	EFO:0001187	HepG2	cell_line	child		encode	single	True	0.9718155264854431	chip_tf	KDM3A	
EFO:0001187 TF ChIP-seq KDM4B genetically modified (insertion) using CRISPR targeting H. sapiens KDM4B	.	TF ChIP-seq	EFO:0001187	HepG2	cell_line	child		encode	single	True	1.1509298086166382	chip_tf	KDM4B	
EFO:0001187 TF ChIP-seq KDM5A	.	TF ChIP-seq	EFO:0001187	HepG2	cell_line	child		encode	single	False	0.7970802187919617	chip_tf	KDM5A	
EFO:0001187 TF ChIP-seq KDM5B genetically modified (insertion) using CRISPR targeting H. sapiens KDM5B	.	TF ChIP-seq	EFO:0001187	HepG2	cell_line	child		encode	single	True	0.8047557473182678	chip_tf	KDM5B	
EFO:0001187 TF ChIP-seq KDM6A genetically modified (insertion) using CRISPR targeting H. sapiens KDM6A	.	TF ChIP-seq	EFO:0001187	HepG2	cell_line	child		encode	single	True	1.0480748414993286	chip_tf	KDM6A	
EFO:0001187 TF ChIP-seq KLF11 genetically modified (insertion) using CRISPR targeting H. sapiens KLF11	.	TF ChIP-seq	EFO:0001187	HepG2	cell_line	child		encode	single	True	0.9424619078636169	chip_tf	KLF11	
EFO:0001187 TF ChIP-seq KLF12 genetically modified (insertion) using CRISPR targeting H. sapiens KLF12	.	TF ChIP-seq	EFO:0001187	HepG2	cell_line	child		encode	single	True	0.9071261882781982	chip_tf	KLF12	
EFO:0001187 TF ChIP-seq KLF16 genetically modified (insertion) using CRISPR targeting H. sapiens KLF16	.	TF ChIP-seq	EFO:0001187	HepG2	cell_line	child		encode	single	True	0.8868481516838074	chip_tf	KLF16	
EFO:0001187 TF ChIP-seq KLF6 genetically modified (insertion) using CRISPR targeting H. sapiens KLF6	.	TF ChIP-seq	EFO:0001187	HepG2	cell_line	child		encode	single	True	1.141614556312561	chip_tf	KLF6	
EFO:0001187 TF ChIP-seq KLF9 genetically modified (insertion) using CRISPR targeting H. sapiens KLF9	.	TF ChIP-seq	EFO:0001187	HepG2	cell_line	child		encode	single	True	1.1526613235473633	chip_tf	KLF9	
EFO:0001187 TF ChIP-seq KMT2A genetically modified (insertion) using CRISPR targeting H. sapiens KMT2A	.	TF ChIP-seq	EFO:0001187	HepG2	cell_line	child		encode	single	True	0.9038779139518738	chip_tf	KMT2A	
EFO:0001187 TF ChIP-seq KMT2B genetically modified (insertion) using CRISPR targeting H. sapiens KMT2B	.	TF ChIP-seq	EFO:0001187	HepG2	cell_line	child		encode	single	True	0.8935264945030212	chip_tf	KMT2B	
EFO:0001187 TF ChIP-seq LBX2 genetically modified (insertion) using CRISPR targeting H. sapiens LBX2	.	TF ChIP-seq	EFO:0001187	HepG2	cell_line	child		encode	single	True	1.0390533208847046	chip_tf	LBX2	
EFO:0001187 TF ChIP-seq LCOR genetically modified (insertion) using CRISPR targeting H. sapiens LCOR	.	TF ChIP-seq	EFO:0001187	HepG2	cell_line	child		encode	single	True	0.9788844585418701	chip_tf	LCOR	
EFO:0001187 TF ChIP-seq LCORL genetically modified (insertion) using CRISPR targeting H. sapiens LCORL	.	TF ChIP-seq	EFO:0001187	HepG2	cell_line	child		encode	single	True	0.7449824213981628	chip_tf	LCORL	
EFO:0001187 TF ChIP-seq LIN54 genetically modified (insertion) using CRISPR targeting H. sapiens LIN54	.	TF ChIP-seq	EFO:0001187	HepG2	cell_line	child		encode	single	True	0.668507993221283	chip_tf	LIN54	
EFO:0001187 TF ChIP-seq MAFF	.	TF ChIP-seq	EFO:0001187	HepG2	cell_line	child		encode	single	False	1.0693044662475586	chip_tf	MAFF	
EFO:0001187 TF ChIP-seq MAFK	.	TF ChIP-seq	EFO:0001187	HepG2	cell_line	child		encode	single	False	0.7592166662216187	chip_tf	MAFK	
EFO:0001187 TF ChIP-seq MAX	.	TF ChIP-seq	EFO:0001187	HepG2	cell_line	child		encode	single	False	0.7345672845840454	chip_tf	MAX	
EFO:0001187 TF ChIP-seq MAX genetically modified (insertion) using CRISPR targeting H. sapiens MAX	.	TF ChIP-seq	EFO:0001187	HepG2	cell_line	child		encode	single	True	0.7718337774276733	chip_tf	MAX	
EFO:0001187 TF ChIP-seq MAZ	.	TF ChIP-seq	EFO:0001187	HepG2	cell_line	child		encode	single	False	0.9855629205703735	chip_tf	MAZ	
EFO:0001187 TF ChIP-seq MAZ genetically modified (insertion) using CRISPR targeting H. sapiens MAZ	.	TF ChIP-seq	EFO:0001187	HepG2	cell_line	child		encode	single	True	0.9352207779884338	chip_tf	MAZ	
EFO:0001187 TF ChIP-seq MBD1 genetically modified (insertion) using CRISPR targeting H. sapiens MBD1	.	TF ChIP-seq	EFO:0001187	HepG2	cell_line	child		encode	single	True	0.767863929271698	chip_tf	MBD1	
EFO:0001187 TF ChIP-seq MED1 genetically modified (insertion) using CRISPR targeting H. sapiens MED1	.	TF ChIP-seq	EFO:0001187	HepG2	cell_line	child		encode	single	True	0.7506836652755737	chip_tf	MED1	
EFO:0001187 TF ChIP-seq MED13 genetically modified (insertion) using CRISPR targeting H. sapiens MED13	.	TF ChIP-seq	EFO:0001187	HepG2	cell_line	child		encode	single	True	0.9461348056793213	chip_tf	MED13	
EFO:0001187 TF ChIP-seq MEF2A genetically modified (insertion) using CRISPR targeting H. sapiens MEF2A	.	TF ChIP-seq	EFO:0001187	HepG2	cell_line	child		encode	single	True	0.9211391806602478	chip_tf	MEF2A	
EFO:0001187 TF ChIP-seq MEF2D genetically modified (insertion) using CRISPR targeting H. sapiens MEF2D	.	TF ChIP-seq	EFO:0001187	HepG2	cell_line	child		encode	single	True	0.7733360528945923	chip_tf	MEF2D	
EFO:0001187 TF ChIP-seq MEIS1 genetically modified (insertion) using CRISPR targeting H. sapiens MEIS1	.	TF ChIP-seq	EFO:0001187	HepG2	cell_line	child		encode	single	True	0.8699821829795837	chip_tf	MEIS1	
EFO:0001187 TF ChIP-seq MEIS2 genetically modified (insertion) using CRISPR targeting H. sapiens MEIS2	.	TF ChIP-seq	EFO:0001187	HepG2	cell_line	child		encode	single	True	0.9746242761611938	chip_tf	MEIS2	
EFO:0001187 TF ChIP-seq MGA genetically modified (insertion) using CRISPR targeting H. sapiens MGA	.	TF ChIP-seq	EFO:0001187	HepG2	cell_line	child		encode	single	True	0.6775913834571838	chip_tf	MGA	
EFO:0001187 TF ChIP-seq MIER2 genetically modified (insertion) using CRISPR targeting H. sapiens MIER2	.	TF ChIP-seq	EFO:0001187	HepG2	cell_line	child		encode	single	True	0.8854577541351318	chip_tf	MIER2	
EFO:0001187 TF ChIP-seq MIER3 genetically modified (insertion) using CRISPR targeting H. sapiens MIER3	.	TF ChIP-seq	EFO:0001187	HepG2	cell_line	child		encode	single	True	1.0941529273986816	chip_tf	MIER3	
EFO:0001187 TF ChIP-seq MIXL1 genetically modified (insertion) using CRISPR targeting H. sapiens MIXL1	.	TF ChIP-seq	EFO:0001187	HepG2	cell_line	child		encode	single	True	0.9499257802963257	chip_tf	MIXL1	
EFO:0001187 TF ChIP-seq MLX genetically modified (insertion) using CRISPR targeting H. sapiens MLX	.	TF ChIP-seq	EFO:0001187	HepG2	cell_line	child		encode	single	True	0.9276852607727051	chip_tf	MLX	
EFO:0001187 TF ChIP-seq MNT	.	TF ChIP-seq	EFO:0001187	HepG2	cell_line	child		encode	paired	False	0.7852568626403809	chip_tf	MNT	
EFO:0001187 TF ChIP-seq MNX1 genetically modified (insertion) using CRISPR targeting H. sapiens MNX1	.	TF ChIP-seq	EFO:0001187	HepG2	cell_line	child		encode	single	True	0.8986279964447021	chip_tf	MNX1	
EFO:0001187 TF ChIP-seq MTA1 genetically modified (insertion) using CRISPR targeting H. sapiens MTA1	.	TF ChIP-seq	EFO:0001187	HepG2	cell_line	child		encode	single	True	0.916018009185791	chip_tf	MTA1	
EFO:0001187 TF ChIP-seq MTERF2 genetically modified (insertion) using CRISPR targeting MTERF2	.	TF ChIP-seq	EFO:0001187	HepG2	cell_line	child		encode	single	True	0.9842692613601685	chip_tf	MTERF2	
EFO:0001187 TF ChIP-seq MTERF4 genetically modified (insertion) using CRISPR targeting H. sapiens MTERF4	.	TF ChIP-seq	EFO:0001187	HepG2	cell_line	child		encode	single	True	0.8370930552482605	chip_tf	MTERF4	
EFO:0001187 TF ChIP-seq MTF2 genetically modified (insertion) using CRISPR targeting H. sapiens MTF2	.	TF ChIP-seq	EFO:0001187	HepG2	cell_line	child		encode	single	True	0.8092882037162781	chip_tf	MTF2	
EFO:0001187 TF ChIP-seq MXD1 genetically modified (insertion) using CRISPR targeting H. sapiens MXD1	.	TF ChIP-seq	EFO:0001187	HepG2	cell_line	child		encode	single	True	0.8651670813560486	chip_tf	MXD1	
EFO:0001187 TF ChIP-seq MXD3 genetically modified (insertion) using CRISPR targeting H. sapiens MXD3	.	TF ChIP-seq	EFO:0001187	HepG2	cell_line	child		encode	single	True	0.9163497090339661	chip_tf	MXD3	
EFO:0001187 TF ChIP-seq MXD4 genetically modified (insertion) using CRISPR targeting H. sapiens MXD4	.	TF ChIP-seq	EFO:0001187	HepG2	cell_line	child		encode	single	True	0.8524300456047058	chip_tf	MXD4	
EFO:0001187 TF ChIP-seq MXI1	.	TF ChIP-seq	EFO:0001187	HepG2	cell_line	child		encode	single	False	0.8685661554336548	chip_tf	MXI1	
EFO:0001187 TF ChIP-seq MYBL2	.	TF ChIP-seq	EFO:0001187	HepG2	cell_line	child		encode	single	False	0.7688246965408325	chip_tf	MYBL2	
EFO:0001187 TF ChIP-seq MYBL2 genetically modified (insertion) using CRISPR targeting H. sapiens MYBL2	.	TF ChIP-seq	EFO:0001187	HepG2	cell_line	child		encode	single	True	0.8381991982460022	chip_tf	MYBL2	
EFO:0001187 TF ChIP-seq MYC genetically modified (insertion) using CRISPR targeting H. sapiens MYC	.	TF ChIP-seq	EFO:0001187	HepG2	cell_line	child		encode	single	True	0.975422739982605	chip_tf	MYC	
EFO:0001187 TF ChIP-seq MYPOP genetically modified (insertion) using CRISPR targeting H. sapiens MYPOP	.	TF ChIP-seq	EFO:0001187	HepG2	cell_line	child		encode	single	True	0.7448338270187378	chip_tf	MYPOP	
EFO:0001187 TF ChIP-seq NACC2 genetically modified (insertion) using CRISPR targeting H. sapiens NACC2	.	TF ChIP-seq	EFO:0001187	HepG2	cell_line	child		encode	single	True	0.7920827865600586	chip_tf	NACC2	
EFO:0001187 TF ChIP-seq NAIF1 genetically modified (insertion) using CRISPR targeting H. sapiens NAIF1	.	TF ChIP-seq	EFO:0001187	HepG2	cell_line	child		encode	single	True	0.719649076461792	chip_tf	NAIF1	
EFO:0001187 TF ChIP-seq NCOA1 genetically modified (insertion) using CRISPR targeting H. sapiens NCOA1	.	TF ChIP-seq	EFO:0001187	HepG2	cell_line	child		encode	single	True	0.8247124552726746	chip_tf	NCOA1	
EFO:0001187 TF ChIP-seq NCOA2 genetically modified (insertion) using CRISPR targeting H. sapiens NCOA2	.	TF ChIP-seq	EFO:0001187	HepG2	cell_line	child		encode	single	True	0.7357525825500488	chip_tf	NCOA2	
EFO:0001187 TF ChIP-seq NCOR1	.	TF ChIP-seq	EFO:0001187	HepG2	cell_line	child		encode	single	False	0.8372277617454529	chip_tf	NCOR1	
EFO:0001187 TF ChIP-seq NFAT5 genetically modified (insertion) using CRISPR targeting H. sapiens NFAT5	.	TF ChIP-seq	EFO:0001187	HepG2	cell_line	child		encode	single	True	0.9975798726081848	chip_tf	NFAT5	
EFO:0001187 TF ChIP-seq NFE2L2	.	TF ChIP-seq	EFO:0001187	HepG2	cell_line	child		encode	single	False	0.9190858006477356	chip_tf	NFE2L2	
EFO:0001187 TF ChIP-seq NFIA genetically modified (insertion) using CRISPR targeting H. sapiens NFIA	.	TF ChIP-seq	EFO:0001187	HepG2	cell_line	child		encode	single	True	0.8611992597579956	chip_tf	NFIA	
EFO:0001187 TF ChIP-seq NFIC	.	TF ChIP-seq	EFO:0001187	HepG2	cell_line	child		encode	single	False	0.8097487688064575	chip_tf	NFIC	
EFO:0001187 TF ChIP-seq NFIL3 genetically modified (insertion) using CRISPR targeting H. sapiens NFIL3	.	TF ChIP-seq	EFO:0001187	HepG2	cell_line	child		encode	single	True	1.0022056102752686	chip_tf	NFIL3	
EFO:0001187 TF ChIP-seq NFKB2 genetically modified (insertion) using CRISPR targeting H. sapiens NFKB2	.	TF ChIP-seq	EFO:0001187	HepG2	cell_line	child		encode	single	True	0.9625778794288635	chip_tf	NFKB2	
EFO:0001187 TF ChIP-seq NFKBIZ genetically modified (insertion) using CRISPR targeting H. sapiens NFKBIZ	.	TF ChIP-seq	EFO:0001187	HepG2	cell_line	child		encode	single	True	1.133967399597168	chip_tf	NFKBIZ	
EFO:0001187 TF ChIP-seq NFYA genetically modified (insertion) using CRISPR targeting H. sapiens NFYA	.	TF ChIP-seq	EFO:0001187	HepG2	cell_line	child		encode	single	True	0.7736610174179077	chip_tf	NFYA	
EFO:0001187 TF ChIP-seq NFYB genetically modified (insertion) using CRISPR targeting H. sapiens NFYB	.	TF ChIP-seq	EFO:0001187	HepG2	cell_line	child		encode	single	True	0.8818619251251221	chip_tf	NFYB	
EFO:0001187 TF ChIP-seq NFYC genetically modified (insertion) using CRISPR targeting H. sapiens NFYC	.	TF ChIP-seq	EFO:0001187	HepG2	cell_line	child		encode	single	True	0.7825515866279602	chip_tf	NFYC	
EFO:0001187 TF ChIP-seq NKX3-1 genetically modified (insertion) using CRISPR targeting H. sapiens NKX3-1	.	TF ChIP-seq	EFO:0001187	HepG2	cell_line	child		encode	single	True	0.8665351271629333	chip_tf	NKX3-1	
EFO:0001187 TF ChIP-seq NONO	.	TF ChIP-seq	EFO:0001187	HepG2	cell_line	child		encode	single	False	1.1426379680633545	chip_tf	NONO	
EFO:0001187 TF ChIP-seq NONO genetically modified (insertion) using CRISPR targeting H. sapiens NONO	.	TF ChIP-seq	EFO:0001187	HepG2	cell_line	child		encode	single	True	0.7481790781021118	chip_tf	NONO	
EFO:0001187 TF ChIP-seq NR0B2 genetically modified (insertion) using CRISPR targeting H. sapiens NR0B2	.	TF ChIP-seq	EFO:0001187	HepG2	cell_line	child		encode	single	True	0.9056433439254761	chip_tf	NR0B2	
EFO:0001187 TF ChIP-seq NR2C2	.	TF ChIP-seq	EFO:0001187	HepG2	cell_line	child		encode	single	False	1.3596266508102417	chip_tf	NR2C2	
EFO:0001187 TF ChIP-seq NR2C2 genetically modified (insertion) using CRISPR targeting H. sapiens NR2C2	.	TF ChIP-seq	EFO:0001187	HepG2	cell_line	child		encode	single	True	0.7738513350486755	chip_tf	NR2C2	
EFO:0001187 TF ChIP-seq NR2F1 genetically modified (insertion) using CRISPR targeting H. sapiens NR2F1	.	TF ChIP-seq	EFO:0001187	HepG2	cell_line	child		encode	paired	True	0.7655856013298035	chip_tf	NR2F1	
EFO:0001187 TF ChIP-seq NR2F2	.	TF ChIP-seq	EFO:0001187	HepG2	cell_line	child		encode	single	False	0.8991380333900452	chip_tf	NR2F2	
EFO:0001187 TF ChIP-seq NR2F6	.	TF ChIP-seq	EFO:0001187	HepG2	cell_line	child		encode	single	False	0.8041383028030396	chip_tf	NR2F6	
EFO:0001187 TF ChIP-seq NR2F6 genetically modified (insertion) using CRISPR targeting H. sapiens NR2F6	.	TF ChIP-seq	EFO:0001187	HepG2	cell_line	child		encode	single	True	0.9790191650390625	chip_tf	NR2F6	
EFO:0001187 TF ChIP-seq NR5A1 genetically modified (insertion) using CRISPR targeting H. sapiens NR5A1	.	TF ChIP-seq	EFO:0001187	HepG2	cell_line	child		encode	single	True	0.7186427116394043	chip_tf	NR5A1	
EFO:0001187 TF ChIP-seq NRF1	.	TF ChIP-seq	EFO:0001187	HepG2	cell_line	child		encode	single	False	0.9646556973457336	chip_tf	NRF1	
EFO:0001187 TF ChIP-seq NRF1 genetically modified (insertion) using CRISPR targeting H. sapiens NRF1	.	TF ChIP-seq	EFO:0001187	HepG2	cell_line	child		encode	single	True	0.8005531430244446	chip_tf	NRF1	
EFO:0001187 TF ChIP-seq NRL genetically modified (insertion) using CRISPR targeting H. sapiens NRL	.	TF ChIP-seq	EFO:0001187	HepG2	cell_line	child		encode	single	True	0.9735866785049438	chip_tf	NRL	
EFO:0001187 TF ChIP-seq ONECUT1 genetically modified (insertion) using CRISPR targeting H. sapiens ONECUT1	.	TF ChIP-seq	EFO:0001187	HepG2	cell_line	child		encode	single	True	0.790457546710968	chip_tf	ONECUT1	
EFO:0001187 TF ChIP-seq ONECUT2 genetically modified (insertion) using CRISPR targeting H. sapiens ONECUT2	.	TF ChIP-seq	EFO:0001187	HepG2	cell_line	child		encode	single	True	0.9098708629608154	chip_tf	ONECUT2	
EFO:0001187 TF ChIP-seq PATZ1 genetically modified (insertion) using CRISPR targeting H. sapiens PATZ1	.	TF ChIP-seq	EFO:0001187	HepG2	cell_line	child		encode	single	True	0.9359710216522217	chip_tf	PATZ1	
EFO:0001187 TF ChIP-seq PAX8 genetically modified (insertion) using CRISPR targeting H. sapiens PAX8	.	TF ChIP-seq	EFO:0001187	HepG2	cell_line	child		encode	single	True	0.9743540287017822	chip_tf	PAX8	
EFO:0001187 TF ChIP-seq PAXIP1 genetically modified (insertion) using CRISPR targeting H. sapiens PAXIP1	.	TF ChIP-seq	EFO:0001187	HepG2	cell_line	child		encode	single	True	0.8004417419433594	chip_tf	PAXIP1	
EFO:0001187 TF ChIP-seq PBX2 genetically modified (insertion) using CRISPR targeting H. sapiens PBX2	.	TF ChIP-seq	EFO:0001187	HepG2	cell_line	child		encode	single	True	0.881749153137207	chip_tf	PBX2	
EFO:0001187 TF ChIP-seq PCBP1	.	TF ChIP-seq	EFO:0001187	HepG2	cell_line	child		encode	single	False	1.2073887586593628	chip_tf	PCBP1	
EFO:0001187 TF ChIP-seq PHF20 genetically modified (insertion) using CRISPR targeting H. sapiens PHF20	.	TF ChIP-seq	EFO:0001187	HepG2	cell_line	child		encode	single	True	0.769675076007843	chip_tf	PHF20	
EFO:0001187 TF ChIP-seq PHF21A genetically modified (insertion) using CRISPR targeting H. sapiens PHF21A	.	TF ChIP-seq	EFO:0001187	HepG2	cell_line	child		encode	single	True	0.6937996745109558	chip_tf	PHF21A	
EFO:0001187 TF ChIP-seq PHF5A genetically modified (insertion) using CRISPR targeting H. sapiens PHF5A	.	TF ChIP-seq	EFO:0001187	HepG2	cell_line	child		encode	single	True	1.83791983127594	chip_tf	PHF5A	
EFO:0001187 TF ChIP-seq PHF8 genetically modified (insertion) using CRISPR targeting H. sapiens PHF8	.	TF ChIP-seq	EFO:0001187	HepG2	cell_line	child		encode	single	True	0.874377965927124	chip_tf	PHF8	
EFO:0001187 TF ChIP-seq PITX1 genetically modified (insertion) using CRISPR targeting H. sapiens PITX1	.	TF ChIP-seq	EFO:0001187	HepG2	cell_line	child		encode	single	True	0.7807844877243042	chip_tf	PITX1	
EFO:0001187 TF ChIP-seq POGK genetically modified (insertion) using CRISPR targeting H. sapiens POGK	.	TF ChIP-seq	EFO:0001187	HepG2	cell_line	child		encode	single	True	0.8230445384979248	chip_tf	POGK	
EFO:0001187 TF ChIP-seq POGZ genetically modified (insertion) using CRISPR targeting H. sapiens POGZ	.	TF ChIP-seq	EFO:0001187	HepG2	cell_line	child		encode	single	True	0.755085289478302	chip_tf	POGZ	
EFO:0001187 TF ChIP-seq POLR2A	.	TF ChIP-seq	EFO:0001187	HepG2	cell_line	child		encode	single	False	1.2048081159591675	chip_tf	POLR2A	
EFO:0001187 TF ChIP-seq POLR2AphosphoS2	.	TF ChIP-seq	EFO:0001187	HepG2	cell_line	child		encode	single	False	1.0297231674194336	chip_tf	POLR2AphosphoS2	
EFO:0001187 TF ChIP-seq POLR2AphosphoS5	.	TF ChIP-seq	EFO:0001187	HepG2	cell_line	child		encode	single	False	0.9985802173614502	chip_tf	POLR2AphosphoS5	
EFO:0001187 TF ChIP-seq POLR2G	.	TF ChIP-seq	EFO:0001187	HepG2	cell_line	child		encode	single	False	1.722925066947937	chip_tf	POLR2G	
EFO:0001187 TF ChIP-seq POU2F1 genetically modified (insertion) using CRISPR targeting H. sapiens POU2F1	.	TF ChIP-seq	EFO:0001187	HepG2	cell_line	child		encode	single	True	0.8800401091575623	chip_tf	POU2F1	
EFO:0001187 TF ChIP-seq PPARG genetically modified (insertion) using CRISPR targeting H. sapiens PPARG	.	TF ChIP-seq	EFO:0001187	HepG2	cell_line	child		encode	single	True	0.8973637819290161	chip_tf	PPARG	
EFO:0001187 TF ChIP-seq PRDM10 genetically modified (insertion) using CRISPR targeting H. sapiens PRDM10	.	TF ChIP-seq	EFO:0001187	HepG2	cell_line	child		encode	single	True	1.074041485786438	chip_tf	PRDM10	
EFO:0001187 TF ChIP-seq PRDM15 genetically modified (insertion) using CRISPR targeting H. sapiens PRDM15	.	TF ChIP-seq	EFO:0001187	HepG2	cell_line	child		encode	single	True	0.7786188721656799	chip_tf	PRDM15	
EFO:0001187 TF ChIP-seq PRMT3 genetically modified (insertion) using CRISPR targeting H. sapiens PRMT3	.	TF ChIP-seq	EFO:0001187	HepG2	cell_line	child		encode	single	True	1.0405604839324951	chip_tf	PRMT3	
EFO:0001187 TF ChIP-seq PROX1 genetically modified (insertion) using CRISPR targeting H. sapiens PROX1	.	TF ChIP-seq	EFO:0001187	HepG2	cell_line	child		encode	single	True	0.7121201157569885	chip_tf	PROX1	
EFO:0001187 TF ChIP-seq RAD21	.	TF ChIP-seq	EFO:0001187	HepG2	cell_line	child		encode	single	False	0.7698554992675781	chip_tf	RAD21	
EFO:0001187 TF ChIP-seq RAD21 genetically modified (insertion) using CRISPR targeting H. sapiens RAD21	.	TF ChIP-seq	EFO:0001187	HepG2	cell_line	child		encode	paired	True	0.7914780378341675	chip_tf	RAD21	
EFO:0001187 TF ChIP-seq RAD51	.	TF ChIP-seq	EFO:0001187	HepG2	cell_line	child		encode	paired	False	0.8011700510978699	chip_tf	RAD51	
EFO:0001187 TF ChIP-seq RARA genetically modified (insertion) using CRISPR targeting H. sapiens RARA	.	TF ChIP-seq	EFO:0001187	HepG2	cell_line	child		encode	single	True	0.9285250902175903	chip_tf	RARA	
EFO:0001187 TF ChIP-seq RBFOX2	.	TF ChIP-seq	EFO:0001187	HepG2	cell_line	child		encode	single	False	1.998249888420105	chip_tf	RBFOX2	
EFO:0001187 TF ChIP-seq RBM22	.	TF ChIP-seq	EFO:0001187	HepG2	cell_line	child		encode	single	False	1.1799737215042114	chip_tf	RBM22	
EFO:0001187 TF ChIP-seq RBPJ genetically modified (insertion) using CRISPR targeting H. sapiens RBPJ	.	TF ChIP-seq	EFO:0001187	HepG2	cell_line	child		encode	single	True	0.8219013810157776	chip_tf	RBPJ	
EFO:0001187 TF ChIP-seq RCOR2 genetically modified (insertion) using CRISPR targeting H. sapiens RCOR2	.	TF ChIP-seq	EFO:0001187	HepG2	cell_line	child		encode	single	True	0.9226512312889099	chip_tf	RCOR2	
EFO:0001187 TF ChIP-seq REL genetically modified (insertion) using CRISPR targeting H. sapiens REL	.	TF ChIP-seq	EFO:0001187	HepG2	cell_line	child		encode	single	True	1.0532374382019043	chip_tf	REL	
EFO:0001187 TF ChIP-seq REPIN1 genetically modified (insertion) using CRISPR targeting H. sapiens REPIN1	.	TF ChIP-seq	EFO:0001187	HepG2	cell_line	child		encode	single	True	0.925352931022644	chip_tf	REPIN1	
EFO:0001187 TF ChIP-seq RERE genetically modified (insertion) using CRISPR targeting H. sapiens RERE	.	TF ChIP-seq	EFO:0001187	HepG2	cell_line	child		encode	single	True	1.0478590726852417	chip_tf	RERE	
EFO:0001187 TF ChIP-seq REST	.	TF ChIP-seq	EFO:0001187	HepG2	cell_line	child		encode	single	False	0.7586206793785095	chip_tf	REST	
EFO:0001187 TF ChIP-seq RFX1	.	TF ChIP-seq	EFO:0001187	HepG2	cell_line	child		encode	paired	False	0.7884061932563782	chip_tf	RFX1	
EFO:0001187 TF ChIP-seq RFX3 genetically modified (insertion) using CRISPR targeting H. sapiens RFX3	.	TF ChIP-seq	EFO:0001187	HepG2	cell_line	child		encode	single	True	0.8227242827415466	chip_tf	RFX3	
EFO:0001187 TF ChIP-seq RFX5	.	TF ChIP-seq	EFO:0001187	HepG2	cell_line	child		encode	single	False	0.9266942739486694	chip_tf	RFX5	
EFO:0001187 TF ChIP-seq RFXANK genetically modified (insertion) using CRISPR targeting H. sapiens RFXANK	.	TF ChIP-seq	EFO:0001187	HepG2	cell_line	child		encode	single	True	0.9498895406723022	chip_tf	RFXANK	
EFO:0001187 TF ChIP-seq RFXAP genetically modified (insertion) using CRISPR targeting H. sapiens RFXAP	.	TF ChIP-seq	EFO:0001187	HepG2	cell_line	child		encode	single	True	0.7844979166984558	chip_tf	RFXAP	
EFO:0001187 TF ChIP-seq RNF2	.	TF ChIP-seq	EFO:0001187	HepG2	cell_line	child		encode	paired	False	0.816886305809021	chip_tf	RNF2	
EFO:0001187 TF ChIP-seq RREB1 genetically modified (insertion) using CRISPR targeting H. sapiens RREB1	.	TF ChIP-seq	EFO:0001187	HepG2	cell_line	child		encode	single	True	1.0106076002120972	chip_tf	RREB1	
EFO:0001187 TF ChIP-seq RXRA	.	TF ChIP-seq	EFO:0001187	HepG2	cell_line	child		encode	single	False	1.197197437286377	chip_tf	RXRA	
EFO:0001187 TF ChIP-seq RXRA genetically modified (insertion) using CRISPR targeting H. sapiens RXRA	.	TF ChIP-seq	EFO:0001187	HepG2	cell_line	child		encode	single	True	1.1213041543960571	chip_tf	RXRA	
EFO:0001187 TF ChIP-seq RXRB genetically modified (insertion) using CRISPR targeting H. sapiens RXRB	.	TF ChIP-seq	EFO:0001187	HepG2	cell_line	child		encode	single	True	0.8612909913063049	chip_tf	RXRB	
EFO:0001187 TF ChIP-seq SAFB2 genetically modified (insertion) using CRISPR targeting H. sapiens SAFB2	.	TF ChIP-seq	EFO:0001187	HepG2	cell_line	child		encode	single	True	1.031803011894226	chip_tf	SAFB2	
EFO:0001187 TF ChIP-seq SALL1 genetically modified (insertion) using CRISPR targeting H. sapiens SALL1	.	TF ChIP-seq	EFO:0001187	HepG2	cell_line	child		encode	single	True	0.9423276782035828	chip_tf	SALL1	
EFO:0001187 TF ChIP-seq SALL2 genetically modified (insertion) using CRISPR targeting H. sapiens SALL2	.	TF ChIP-seq	EFO:0001187	HepG2	cell_line	child		encode	single	True	0.9552118182182312	chip_tf	SALL2	
EFO:0001187 TF ChIP-seq SAP130 genetically modified (insertion) using CRISPR targeting H. sapiens SAP130	.	TF ChIP-seq	EFO:0001187	HepG2	cell_line	child		encode	single	True	1.1284693479537964	chip_tf	SAP130	
EFO:0001187 TF ChIP-seq SFPQ genetically modified (insertion) using CRISPR targeting H. sapiens SFPQ	.	TF ChIP-seq	EFO:0001187	HepG2	cell_line	child		encode	single	True	0.7817854881286621	chip_tf	SFPQ	
EFO:0001187 TF ChIP-seq SIN3A	.	TF ChIP-seq	EFO:0001187	HepG2	cell_line	child		encode	single	False	1.0873051881790161	chip_tf	SIN3A	
EFO:0001187 TF ChIP-seq SIX1 genetically modified (insertion) using CRISPR targeting H. sapiens SIX1	.	TF ChIP-seq	EFO:0001187	HepG2	cell_line	child		encode	single	True	0.9503000378608704	chip_tf	SIX1	
EFO:0001187 TF ChIP-seq SIX4 genetically modified (insertion) using CRISPR targeting H. sapiens SIX4	.	TF ChIP-seq	EFO:0001187	HepG2	cell_line	child		encode	single	True	0.9222257733345032	chip_tf	SIX4	
EFO:0001187 TF ChIP-seq SKI	.	TF ChIP-seq	EFO:0001187	HepG2	cell_line	child		encode	paired	False	0.8008700609207153	chip_tf	SKI	
EFO:0001187 TF ChIP-seq SKIL genetically modified (insertion) using CRISPR targeting H. sapiens SKIL	.	TF ChIP-seq	EFO:0001187	HepG2	cell_line	child		encode	single	True	0.7631751298904419	chip_tf	SKIL	
EFO:0001187 TF ChIP-seq SMAD1 genetically modified (insertion) using CRISPR targeting H. sapiens SMAD1	.	TF ChIP-seq	EFO:0001187	HepG2	cell_line	child		encode	single	True	0.986376166343689	chip_tf	SMAD1	
EFO:0001187 TF ChIP-seq SMAD3 genetically modified (insertion) using CRISPR targeting H. sapiens SMAD3	.	TF ChIP-seq	EFO:0001187	HepG2	cell_line	child		encode	single	True	1.0293339490890503	chip_tf	SMAD3	
EFO:0001187 TF ChIP-seq SMAD4 genetically modified (insertion) using CRISPR targeting H. sapiens SMAD4	.	TF ChIP-seq	EFO:0001187	HepG2	cell_line	child		encode	single	True	0.9015190601348877	chip_tf	SMAD4	
EFO:0001187 TF ChIP-seq SMAD7 genetically modified (insertion) using CRISPR targeting H. sapiens SMAD7	.	TF ChIP-seq	EFO:0001187	HepG2	cell_line	child		encode	single	True	0.752911388874054	chip_tf	SMAD7	
EFO:0001187 TF ChIP-seq SMC3	.	TF ChIP-seq	EFO:0001187	HepG2	cell_line	child		encode	single	False	0.9092524647712708	chip_tf	SMC3	
EFO:0001187 TF ChIP-seq SMYD3 genetically modified (insertion) using CRISPR targeting H. sapiens SMYD3	.	TF ChIP-seq	EFO:0001187	HepG2	cell_line	child		encode	single	True	0.7420292496681213	chip_tf	SMYD3	
EFO:0001187 TF ChIP-seq SNAI1 genetically modified (insertion) using CRISPR targeting H. sapiens SNAI1	.	TF ChIP-seq	EFO:0001187	HepG2	cell_line	child		encode	single	True	0.8619522452354431	chip_tf	SNAI1	
EFO:0001187 TF ChIP-seq SNAPC2 genetically modified (insertion) using CRISPR targeting H. sapiens SNAPC2	.	TF ChIP-seq	EFO:0001187	HepG2	cell_line	child		encode	single	True	0.7249414920806885	chip_tf	SNAPC2	
EFO:0001187 TF ChIP-seq SNAPC4 genetically modified (insertion) using CRISPR targeting H. sapiens SNAPC4	.	TF ChIP-seq	EFO:0001187	HepG2	cell_line	child		encode	single	True	0.7284868955612183	chip_tf	SNAPC4	
EFO:0001187 TF ChIP-seq SOX13	.	TF ChIP-seq	EFO:0001187	HepG2	cell_line	child		encode	single	False	0.903328537940979	chip_tf	SOX13	
EFO:0001187 TF ChIP-seq SOX13 genetically modified (insertion) using CRISPR targeting H. sapiens SOX13	.	TF ChIP-seq	EFO:0001187	HepG2	cell_line	child		encode	single	True	0.8848525881767273	chip_tf	SOX13	
EFO:0001187 TF ChIP-seq SOX5 genetically modified (insertion) using CRISPR targeting H. sapiens SOX5	.	TF ChIP-seq	EFO:0001187	HepG2	cell_line	child		encode	single	True	0.8656461834907532	chip_tf	SOX5	
EFO:0001187 TF ChIP-seq SOX6 genetically modified (insertion) using CRISPR targeting H. sapiens SOX6	.	TF ChIP-seq	EFO:0001187	HepG2	cell_line	child		encode	single	True	0.6767212152481079	chip_tf	SOX6	
EFO:0001187 TF ChIP-seq SP1 genetically modified (insertion) using CRISPR targeting H. sapiens SP1	.	TF ChIP-seq	EFO:0001187	HepG2	cell_line	child		encode	single	True	0.996976375579834	chip_tf	SP1	
EFO:0001187 TF ChIP-seq SP2 genetically modified (insertion) using CRISPR targeting H. sapiens SP2	.	TF ChIP-seq	EFO:0001187	HepG2	cell_line	child		encode	single	True	0.7717787623405457	chip_tf	SP2	
EFO:0001187 TF ChIP-seq SP4 genetically modified (insertion) using CRISPR targeting H. sapiens SP4	.	TF ChIP-seq	EFO:0001187	HepG2	cell_line	child		encode	single	True	0.743215024471283	chip_tf	SP4	
EFO:0001187 TF ChIP-seq SP5 genetically modified (insertion) using CRISPR targeting H. sapiens SP5	.	TF ChIP-seq	EFO:0001187	HepG2	cell_line	child		encode	single	True	1.0091557502746582	chip_tf	SP5	
EFO:0001187 TF ChIP-seq SPEN genetically modified (insertion) using CRISPR targeting H. sapiens SPEN	.	TF ChIP-seq	EFO:0001187	HepG2	cell_line	child		encode	single	True	0.944501519203186	chip_tf	SPEN	
EFO:0001187 TF ChIP-seq SRF	.	TF ChIP-seq	EFO:0001187	HepG2	cell_line	child		encode	single	False	1.1052981615066528	chip_tf	SRF	
EFO:0001187 TF ChIP-seq SRF genetically modified (insertion) using CRISPR targeting H. sapiens SRF	.	TF ChIP-seq	EFO:0001187	HepG2	cell_line	child		encode	single	True	0.7710830569267273	chip_tf	SRF	
EFO:0001187 TF ChIP-seq SRSF1	.	TF ChIP-seq	EFO:0001187	HepG2	cell_line	child		encode	single	False	1.1889073848724365	chip_tf	SRSF1	
EFO:0001187 TF ChIP-seq SRY genetically modified (insertion) using CRISPR targeting H. sapiens SRY	.	TF ChIP-seq	EFO:0001187	HepG2	cell_line	child		encode	single	True	0.8186574578285217	chip_tf	SRY	
EFO:0001187 TF ChIP-seq SSRP1 genetically modified (insertion) using CRISPR targeting H. sapiens SSRP1	.	TF ChIP-seq	EFO:0001187	HepG2	cell_line	child		encode	single	True	0.8533490896224976	chip_tf	SSRP1	
EFO:0001187 TF ChIP-seq STAG1 genetically modified (insertion) using CRISPR targeting H. sapiens STAG1	.	TF ChIP-seq	EFO:0001187	HepG2	cell_line	child		encode	single	True	0.8101587891578674	chip_tf	STAG1	
EFO:0001187 TF ChIP-seq STAT6 genetically modified (insertion) using CRISPR targeting H. sapiens STAT6	.	TF ChIP-seq	EFO:0001187	HepG2	cell_line	child		encode	single	True	0.7716986536979675	chip_tf	STAT6	
EFO:0001187 TF ChIP-seq SYNCRIP	.	TF ChIP-seq	EFO:0001187	HepG2	cell_line	child		encode	single	False	1.1821725368499756	chip_tf	SYNCRIP	
EFO:0001187 TF ChIP-seq TAF1	.	TF ChIP-seq	EFO:0001187	HepG2	cell_line	child		encode	single	False	1.1410554647445679	chip_tf	TAF1	
EFO:0001187 TF ChIP-seq TAF1 genetically modified (insertion) using CRISPR targeting H. sapiens TAF1	.	TF ChIP-seq	EFO:0001187	HepG2	cell_line	child		encode	single	True	0.8850846290588379	chip_tf	TAF1	
EFO:0001187 TF ChIP-seq TARDBP genetically modified (insertion) using CRISPR targeting H. sapiens TARDBP	.	TF ChIP-seq	EFO:0001187	HepG2	cell_line	child		encode	single	True	0.7415699362754822	chip_tf	TARDBP	
EFO:0001187 TF ChIP-seq TBL1XR1	.	TF ChIP-seq	EFO:0001187	HepG2	cell_line	child		encode	single	False	0.9321562051773071	chip_tf	TBL1XR1	
EFO:0001187 TF ChIP-seq TBP	.	TF ChIP-seq	EFO:0001187	HepG2	cell_line	child		encode	single	False	0.9855942726135254	chip_tf	TBP	
EFO:0001187 TF ChIP-seq TBX2 genetically modified (insertion) using CRISPR targeting H. sapiens TBX2	.	TF ChIP-seq	EFO:0001187	HepG2	cell_line	child		encode	single	True	0.7747896909713745	chip_tf	TBX2	
EFO:0001187 TF ChIP-seq TBX3	.	TF ChIP-seq	EFO:0001187	HepG2	cell_line	child		encode	paired	False	0.7977409958839417	chip_tf	TBX3	
EFO:0001187 TF ChIP-seq TCF12	.	TF ChIP-seq	EFO:0001187	HepG2	cell_line	child		encode	paired	False	0.8203737139701843	chip_tf	TCF12	
EFO:0001187 TF ChIP-seq TCF12 genetically modified (insertion) using CRISPR targeting H. sapiens TCF12	.	TF ChIP-seq	EFO:0001187	HepG2	cell_line	child		encode	single	True	0.7893351912498474	chip_tf	TCF12	
EFO:0001187 TF ChIP-seq TCF7	.	TF ChIP-seq	EFO:0001187	HepG2	cell_line	child		encode	single	False	0.8722495436668396	chip_tf	TCF7	
EFO:0001187 TF ChIP-seq TCF7L2 genetically modified (insertion) using CRISPR targeting H. sapiens TCF7L2	.	TF ChIP-seq	EFO:0001187	HepG2	cell_line	child		encode	single	True	0.7317715287208557	chip_tf	TCF7L2	
EFO:0001187 TF ChIP-seq TEAD1 genetically modified (insertion) using CRISPR targeting H. sapiens TEAD1	.	TF ChIP-seq	EFO:0001187	HepG2	cell_line	child		encode	single	True	0.9257047772407532	chip_tf	TEAD1	
EFO:0001187 TF ChIP-seq TEAD4 genetically modified (insertion) using CRISPR targeting H. sapiens TEAD4	.	TF ChIP-seq	EFO:0001187	HepG2	cell_line	child		encode	single	True	1.0511606931686401	chip_tf	TEAD4	
EFO:0001187 TF ChIP-seq TFAP4	.	TF ChIP-seq	EFO:0001187	HepG2	cell_line	child		encode	single	False	0.875960648059845	chip_tf	TFAP4	
EFO:0001187 TF ChIP-seq TFAP4 genetically modified (insertion) using CRISPR targeting H. sapiens TFAP4	.	TF ChIP-seq	EFO:0001187	HepG2	cell_line	child		encode	single	True	0.8421273231506348	chip_tf	TFAP4	
EFO:0001187 TF ChIP-seq TFDP1 genetically modified (insertion) using CRISPR targeting H. sapiens TFDP1	.	TF ChIP-seq	EFO:0001187	HepG2	cell_line	child		encode	single	True	0.9420638084411621	chip_tf	TFDP1	
EFO:0001187 TF ChIP-seq TFDP2 genetically modified (insertion) using CRISPR targeting H. sapiens TFDP2	.	TF ChIP-seq	EFO:0001187	HepG2	cell_line	child		encode	single	True	0.9153624176979065	chip_tf	TFDP2	
EFO:0001187 TF ChIP-seq TFE3 genetically modified (insertion) using CRISPR targeting H. sapiens TFE3	.	TF ChIP-seq	EFO:0001187	HepG2	cell_line	child		encode	single	True	0.9042627215385437	chip_tf	TFE3	
EFO:0001187 TF ChIP-seq TGIF2 genetically modified (insertion) using CRISPR targeting H. sapiens TGIF2	.	TF ChIP-seq	EFO:0001187	HepG2	cell_line	child		encode	single	True	0.8595854640007019	chip_tf	TGIF2	
EFO:0001187 TF ChIP-seq THAP11 genetically modified (insertion) using CRISPR targeting H. sapiens THAP11	.	TF ChIP-seq	EFO:0001187	HepG2	cell_line	child		encode	single	True	0.9138163328170776	chip_tf	THAP11	
EFO:0001187 TF ChIP-seq THAP4 genetically modified (insertion) using CRISPR targeting H. sapiens THAP4	.	TF ChIP-seq	EFO:0001187	HepG2	cell_line	child		encode	single	True	0.8851185441017151	chip_tf	THAP4	
EFO:0001187 TF ChIP-seq THAP7 genetically modified (insertion) using CRISPR targeting H. sapiens THAP7	.	TF ChIP-seq	EFO:0001187	HepG2	cell_line	child		encode	single	True	0.7786096930503845	chip_tf	THAP7	
EFO:0001187 TF ChIP-seq THAP9 genetically modified (insertion) using CRISPR targeting H. sapiens THAP9	.	TF ChIP-seq	EFO:0001187	HepG2	cell_line	child		encode	single	True	0.959831953048706	chip_tf	THAP9	
EFO:0001187 TF ChIP-seq THRA genetically modified (insertion) using CRISPR targeting H. sapiens THRA	.	TF ChIP-seq	EFO:0001187	HepG2	cell_line	child		encode	single	True	0.9196423888206482	chip_tf	THRA	
EFO:0001187 TF ChIP-seq THRB genetically modified (insertion) using CRISPR targeting H. sapiens THRB	.	TF ChIP-seq	EFO:0001187	HepG2	cell_line	child		encode	single	True	0.89207524061203	chip_tf	THRB	
EFO:0001187 TF ChIP-seq TIGD6 genetically modified (insertion) using CRISPR targeting H. sapiens TIGD6	.	TF ChIP-seq	EFO:0001187	HepG2	cell_line	child		encode	single	True	1.0031518936157227	chip_tf	TIGD6	
EFO:0001187 TF ChIP-seq TMF1 genetically modified (insertion) using CRISPR targeting H. sapiens TMF1	.	TF ChIP-seq	EFO:0001187	HepG2	cell_line	child		encode	single	True	1.0196382999420166	chip_tf	TMF1	
EFO:0001187 TF ChIP-seq TOPORS genetically modified (insertion) using CRISPR targeting H. sapiens TOPORS	.	TF ChIP-seq	EFO:0001187	HepG2	cell_line	child		encode	single	True	1.007036566734314	chip_tf	TOPORS	
EFO:0001187 TF ChIP-seq TSC22D2 genetically modified (insertion) using CRISPR targeting H. sapiens TSC22D2	.	TF ChIP-seq	EFO:0001187	HepG2	cell_line	child		encode	single	True	0.8827473521232605	chip_tf	TSC22D2	
EFO:0001187 TF ChIP-seq U2AF1	.	TF ChIP-seq	EFO:0001187	HepG2	cell_line	child		encode	single	False	1.0612825155258179	chip_tf	U2AF1	
EFO:0001187 TF ChIP-seq UBTF genetically modified (insertion) using CRISPR targeting H. sapiens UBTF	.	TF ChIP-seq	EFO:0001187	HepG2	cell_line	child		encode	single	True	0.8433441519737244	chip_tf	UBTF	
EFO:0001187 TF ChIP-seq USF1	.	TF ChIP-seq	EFO:0001187	HepG2	cell_line	child		encode	single	False	1.098744511604309	chip_tf	USF1	
EFO:0001187 TF ChIP-seq USF1 genetically modified (insertion) using CRISPR targeting H. sapiens USF1	.	TF ChIP-seq	EFO:0001187	HepG2	cell_line	child		encode	single	True	0.900845468044281	chip_tf	USF1	
EFO:0001187 TF ChIP-seq USF2	.	TF ChIP-seq	EFO:0001187	HepG2	cell_line	child		encode	single	False	0.9207738637924194	chip_tf	USF2	
EFO:0001187 TF ChIP-seq USF2 genetically modified (insertion) using CRISPR targeting H. sapiens USF2	.	TF ChIP-seq	EFO:0001187	HepG2	cell_line	child		encode	single	True	0.7270066738128662	chip_tf	USF2	
EFO:0001187 TF ChIP-seq WIZ genetically modified (insertion) using CRISPR targeting H. sapiens WIZ	.	TF ChIP-seq	EFO:0001187	HepG2	cell_line	child		encode	single	True	0.8840749263763428	chip_tf	WIZ	
EFO:0001187 TF ChIP-seq XRCC5	.	TF ChIP-seq	EFO:0001187	HepG2	cell_line	child		encode	single	False	1.0517430305480957	chip_tf	XRCC5	
EFO:0001187 TF ChIP-seq YEATS2 genetically modified (insertion) using CRISPR targeting H. sapiens YEATS2	.	TF ChIP-seq	EFO:0001187	HepG2	cell_line	child		encode	single	True	0.9096387028694153	chip_tf	YEATS2	
EFO:0001187 TF ChIP-seq YEATS4 genetically modified (insertion) using CRISPR targeting H. sapiens YEATS4	.	TF ChIP-seq	EFO:0001187	HepG2	cell_line	child		encode	single	True	0.8054701685905457	chip_tf	YEATS4	
EFO:0001187 TF ChIP-seq ZBED4 genetically modified (insertion) using CRISPR targeting H. sapiens ZBED4	.	TF ChIP-seq	EFO:0001187	HepG2	cell_line	child		encode	single	True	0.8998281359672546	chip_tf	ZBED4	
EFO:0001187 TF ChIP-seq ZBTB10 genetically modified (insertion) using CRISPR targeting H. sapiens ZBTB10	.	TF ChIP-seq	EFO:0001187	HepG2	cell_line	child		encode	single	True	0.9627751708030701	chip_tf	ZBTB10	
EFO:0001187 TF ChIP-seq ZBTB14 genetically modified (insertion) using CRISPR targeting H. sapiens ZBTB14	.	TF ChIP-seq	EFO:0001187	HepG2	cell_line	child		encode	single	True	0.8031800389289856	chip_tf	ZBTB14	
EFO:0001187 TF ChIP-seq ZBTB2 genetically modified (insertion) using CRISPR targeting H. sapiens ZBTB2	.	TF ChIP-seq	EFO:0001187	HepG2	cell_line	child		encode	single	True	0.9911438822746277	chip_tf	ZBTB2	
EFO:0001187 TF ChIP-seq ZBTB20 genetically modified (insertion) using CRISPR targeting H. sapiens ZBTB20	.	TF ChIP-seq	EFO:0001187	HepG2	cell_line	child		encode	single	True	0.8909486532211304	chip_tf	ZBTB20	
EFO:0001187 TF ChIP-seq ZBTB21 genetically modified (insertion) using CRISPR targeting H. sapiens ZBTB21	.	TF ChIP-seq	EFO:0001187	HepG2	cell_line	child		encode	single	True	0.928541898727417	chip_tf	ZBTB21	
EFO:0001187 TF ChIP-seq ZBTB25 genetically modified (insertion) using CRISPR targeting H. sapiens ZBTB25	.	TF ChIP-seq	EFO:0001187	HepG2	cell_line	child		encode	single	True	0.9135708212852478	chip_tf	ZBTB25	
EFO:0001187 TF ChIP-seq ZBTB26 genetically modified (insertion) using CRISPR targeting H. sapiens ZBTB26	.	TF ChIP-seq	EFO:0001187	HepG2	cell_line	child		encode	single	True	1.0108758211135864	chip_tf	ZBTB26	
EFO:0001187 TF ChIP-seq ZBTB3 genetically modified (insertion) using CRISPR targeting H. sapiens ZBTB3	.	TF ChIP-seq	EFO:0001187	HepG2	cell_line	child		encode	single	True	1.0485961437225342	chip_tf	ZBTB3	
EFO:0001187 TF ChIP-seq ZBTB33 genetically modified (insertion) using CRISPR targeting H. sapiens ZBTB33	.	TF ChIP-seq	EFO:0001187	HepG2	cell_line	child		encode	single	True	1.1343882083892822	chip_tf	ZBTB33	
EFO:0001187 TF ChIP-seq ZBTB34 genetically modified (insertion) using CRISPR targeting H. sapiens ZBTB34	.	TF ChIP-seq	EFO:0001187	HepG2	cell_line	child		encode	single	True	0.7640775442123413	chip_tf	ZBTB34	
EFO:0001187 TF ChIP-seq ZBTB37 genetically modified (insertion) using CRISPR targeting H. sapiens ZBTB37	.	TF ChIP-seq	EFO:0001187	HepG2	cell_line	child		encode	single	True	0.8237205147743225	chip_tf	ZBTB37	
EFO:0001187 TF ChIP-seq ZBTB38 genetically modified (insertion) using CRISPR targeting H. sapiens ZBTB38	.	TF ChIP-seq	EFO:0001187	HepG2	cell_line	child		encode	single	True	1.0577255487442017	chip_tf	ZBTB38	
EFO:0001187 TF ChIP-seq ZBTB39 genetically modified (insertion) using CRISPR targeting H. sapiens ZBTB39	.	TF ChIP-seq	EFO:0001187	HepG2	cell_line	child		encode	single	True	0.8480784296989441	chip_tf	ZBTB39	
EFO:0001187 TF ChIP-seq ZBTB4 genetically modified (insertion) using CRISPR targeting H. sapiens ZBTB4	.	TF ChIP-seq	EFO:0001187	HepG2	cell_line	child		encode	single	True	0.9013466238975525	chip_tf	ZBTB4	
EFO:0001187 TF ChIP-seq ZBTB40	.	TF ChIP-seq	EFO:0001187	HepG2	cell_line	child		encode	paired	False	0.8051753044128418	chip_tf	ZBTB40	
EFO:0001187 TF ChIP-seq ZBTB40 genetically modified (insertion) using CRISPR targeting H. sapiens ZBTB40	.	TF ChIP-seq	EFO:0001187	HepG2	cell_line	child		encode	single	True	0.778750479221344	chip_tf	ZBTB40	
EFO:0001187 TF ChIP-seq ZBTB42 genetically modified (insertion) using CRISPR targeting H. sapiens ZBTB42	.	TF ChIP-seq	EFO:0001187	HepG2	cell_line	child		encode	single	True	0.8204653263092041	chip_tf	ZBTB42	
EFO:0001187 TF ChIP-seq ZBTB43 genetically modified (insertion) using CRISPR targeting H. sapiens ZBTB43	.	TF ChIP-seq	EFO:0001187	HepG2	cell_line	child		encode	single	True	0.8609235882759094	chip_tf	ZBTB43	
EFO:0001187 TF ChIP-seq ZBTB7A genetically modified (insertion) using CRISPR targeting H. sapiens ZBTB7A	.	TF ChIP-seq	EFO:0001187	HepG2	cell_line	child		encode	single	True	0.7705633640289307	chip_tf	ZBTB7A	
EFO:0001187 TF ChIP-seq ZBTB7B genetically modified (insertion) using CRISPR targeting H. sapiens ZBTB7B	.	TF ChIP-seq	EFO:0001187	HepG2	cell_line	child		encode	single	True	0.9123576879501343	chip_tf	ZBTB7B	
EFO:0001187 TF ChIP-seq ZC3H13 genetically modified (insertion) using CRISPR targeting H. sapiens ZC3H13	.	TF ChIP-seq	EFO:0001187	HepG2	cell_line	child		encode	single	True	0.8297136425971985	chip_tf	ZC3H13	
EFO:0001187 TF ChIP-seq ZC3H4 genetically modified (insertion) using CRISPR targeting H. sapiens ZC3H4	.	TF ChIP-seq	EFO:0001187	HepG2	cell_line	child		encode	single	True	1.0672674179077148	chip_tf	ZC3H4	
EFO:0001187 TF ChIP-seq ZC3H8 genetically modified (insertion) using CRISPR targeting H. sapiens ZC3H8	.	TF ChIP-seq	EFO:0001187	HepG2	cell_line	child		encode	single	True	0.8621376156806946	chip_tf	ZC3H8	
EFO:0001187 TF ChIP-seq ZFHX3 genetically modified (insertion) using CRISPR targeting H. sapiens ZFHX3	.	TF ChIP-seq	EFO:0001187	HepG2	cell_line	child		encode	single	True	0.8129685521125793	chip_tf	ZFHX3	
EFO:0001187 TF ChIP-seq ZFP1 genetically modified (insertion) using CRISPR targeting H. sapiens ZFP1	.	TF ChIP-seq	EFO:0001187	HepG2	cell_line	child		encode	single	True	1.185996651649475	chip_tf	ZFP1	
EFO:0001187 TF ChIP-seq ZFP36L1 genetically modified (insertion) using CRISPR targeting H. sapiens ZFP36L1	.	TF ChIP-seq	EFO:0001187	HepG2	cell_line	child		encode	single	True	0.7804683446884155	chip_tf	ZFP36L1	
EFO:0001187 TF ChIP-seq ZFP37 genetically modified (insertion) using CRISPR targeting H. sapiens ZFP37	.	TF ChIP-seq	EFO:0001187	HepG2	cell_line	child		encode	single	True	0.973634660243988	chip_tf	ZFP37	
EFO:0001187 TF ChIP-seq ZFP64 genetically modified (insertion) using CRISPR targeting H. sapiens ZFP64	.	TF ChIP-seq	EFO:0001187	HepG2	cell_line	child		encode	single	True	0.9026479125022888	chip_tf	ZFP64	
EFO:0001187 TF ChIP-seq ZFP82 genetically modified (insertion) using CRISPR targeting H. sapiens ZFP82	.	TF ChIP-seq	EFO:0001187	HepG2	cell_line	child		encode	single	True	0.8867844343185425	chip_tf	ZFP82	
EFO:0001187 TF ChIP-seq ZFP90 genetically modified (insertion) using CRISPR targeting H. sapiens ZFP90	.	TF ChIP-seq	EFO:0001187	HepG2	cell_line	child		encode	single	True	0.7457435727119446	chip_tf	ZFP90	
EFO:0001187 TF ChIP-seq ZFP91 genetically modified (insertion) using CRISPR targeting H. sapiens ZFP91	.	TF ChIP-seq	EFO:0001187	HepG2	cell_line	child		encode	single	True	0.6807087063789368	chip_tf	ZFP91	
EFO:0001187 TF ChIP-seq ZFX genetically modified (insertion) using CRISPR targeting H. sapiens ZFX	.	TF ChIP-seq	EFO:0001187	HepG2	cell_line	child		encode	single	True	1.0690839290618896	chip_tf	ZFX	
EFO:0001187 TF ChIP-seq ZFY genetically modified (insertion) using CRISPR targeting H. sapiens ZFY	.	TF ChIP-seq	EFO:0001187	HepG2	cell_line	child		encode	single	True	0.7878023982048035	chip_tf	ZFY	
EFO:0001187 TF ChIP-seq ZGPAT genetically modified (insertion) using CRISPR targeting H. sapiens ZGPAT	.	TF ChIP-seq	EFO:0001187	HepG2	cell_line	child		encode	single	True	0.788743793964386	chip_tf	ZGPAT	
EFO:0001187 TF ChIP-seq ZHX1 genetically modified (insertion) using CRISPR targeting H. sapiens ZHX1	.	TF ChIP-seq	EFO:0001187	HepG2	cell_line	child		encode	single	True	0.9614713788032532	chip_tf	ZHX1	
EFO:0001187 TF ChIP-seq ZHX2	.	TF ChIP-seq	EFO:0001187	HepG2	cell_line	child		encode	single	False	0.9897311925888062	chip_tf	ZHX2	
EFO:0001187 TF ChIP-seq ZIK1 genetically modified (insertion) using CRISPR targeting H. sapiens ZIK1	.	TF ChIP-seq	EFO:0001187	HepG2	cell_line	child		encode	single	True	1.105907917022705	chip_tf	ZIK1	
EFO:0001187 TF ChIP-seq ZKSCAN1	.	TF ChIP-seq	EFO:0001187	HepG2	cell_line	child		encode	single	False	0.874832808971405	chip_tf	ZKSCAN1	
EFO:0001187 TF ChIP-seq ZKSCAN8 genetically modified (insertion) using CRISPR targeting H. sapiens ZKSCAN8	.	TF ChIP-seq	EFO:0001187	HepG2	cell_line	child		encode	single	True	0.9579378962516785	chip_tf	ZKSCAN8	
EFO:0001187 TF ChIP-seq ZMAT3 genetically modified (insertion) using CRISPR targeting H. sapiens ZMAT3	.	TF ChIP-seq	EFO:0001187	HepG2	cell_line	child		encode	single	True	0.8773549199104309	chip_tf	ZMAT3	
EFO:0001187 TF ChIP-seq ZMYM2 genetically modified (insertion) using CRISPR targeting H. sapiens ZMYM2	.	TF ChIP-seq	EFO:0001187	HepG2	cell_line	child		encode	single	True	0.7612022161483765	chip_tf	ZMYM2	
EFO:0001187 TF ChIP-seq ZMYM3	.	TF ChIP-seq	EFO:0001187	HepG2	cell_line	child		encode	single	False	0.906743586063385	chip_tf	ZMYM3	
EFO:0001187 TF ChIP-seq ZMYM3 genetically modified (insertion) using CRISPR targeting H. sapiens ZMYM3	.	TF ChIP-seq	EFO:0001187	HepG2	cell_line	child		encode	single	True	0.8465487957000732	chip_tf	ZMYM3	
EFO:0001187 TF ChIP-seq ZMYM4 genetically modified (insertion) using CRISPR targeting H. sapiens ZMYM4	.	TF ChIP-seq	EFO:0001187	HepG2	cell_line	child		encode	single	True	0.742588460445404	chip_tf	ZMYM4	
EFO:0001187 TF ChIP-seq ZNF12 genetically modified (insertion) using CRISPR targeting H. sapiens ZNF12	.	TF ChIP-seq	EFO:0001187	HepG2	cell_line	child		encode	single	True	0.9340063333511353	chip_tf	ZNF12	
EFO:0001187 TF ChIP-seq ZNF121 genetically modified (insertion) using CRISPR targeting H. sapiens ZNF121	.	TF ChIP-seq	EFO:0001187	HepG2	cell_line	child		encode	single	True	0.7899302840232849	chip_tf	ZNF121	
EFO:0001187 TF ChIP-seq ZNF124 genetically modified (insertion) using CRISPR targeting H. sapiens ZNF124	.	TF ChIP-seq	EFO:0001187	HepG2	cell_line	child		encode	single	True	0.949632465839386	chip_tf	ZNF124	
EFO:0001187 TF ChIP-seq ZNF136 genetically modified (insertion) using CRISPR targeting H. sapiens ZNF136	.	TF ChIP-seq	EFO:0001187	HepG2	cell_line	child		encode	single	True	0.879608690738678	chip_tf	ZNF136	
EFO:0001187 TF ChIP-seq ZNF138 genetically modified (insertion) using CRISPR targeting H. sapiens ZNF138	.	TF ChIP-seq	EFO:0001187	HepG2	cell_line	child		encode	single	True	1.0155376195907593	chip_tf	ZNF138	
EFO:0001187 TF ChIP-seq ZNF142 genetically modified (insertion) using CRISPR targeting H. sapiens ZNF142	.	TF ChIP-seq	EFO:0001187	HepG2	cell_line	child		encode	single	True	0.8555451035499573	chip_tf	ZNF142	
EFO:0001187 TF ChIP-seq ZNF143 genetically modified (insertion) using CRISPR targeting H. sapiens ZNF143	.	TF ChIP-seq	EFO:0001187	HepG2	cell_line	child		encode	single	True	0.9248825907707214	chip_tf	ZNF143	
EFO:0001187 TF ChIP-seq ZNF146 genetically modified (insertion) using CRISPR targeting H. sapiens ZNF146	.	TF ChIP-seq	EFO:0001187	HepG2	cell_line	child		encode	single	True	0.7852110862731934	chip_tf	ZNF146	
EFO:0001187 TF ChIP-seq ZNF160 genetically modified (insertion) using CRISPR targeting H. sapiens ZNF160	.	TF ChIP-seq	EFO:0001187	HepG2	cell_line	child		encode	single	True	0.9649025201797485	chip_tf	ZNF160	
EFO:0001187 TF ChIP-seq ZNF181 genetically modified (insertion) using CRISPR targeting H. sapiens ZNF181	.	TF ChIP-seq	EFO:0001187	HepG2	cell_line	child		encode	single	True	0.799887478351593	chip_tf	ZNF181	
EFO:0001187 TF ChIP-seq ZNF205 genetically modified (insertion) using CRISPR targeting H. sapiens ZNF205	.	TF ChIP-seq	EFO:0001187	HepG2	cell_line	child		encode	single	True	0.8694632649421692	chip_tf	ZNF205	
EFO:0001187 TF ChIP-seq ZNF217 genetically modified (insertion) using CRISPR targeting H. sapiens ZNF217	.	TF ChIP-seq	EFO:0001187	HepG2	cell_line	child		encode	single	True	0.9097462296485901	chip_tf	ZNF217	
EFO:0001187 TF ChIP-seq ZNF219 genetically modified (insertion) using CRISPR targeting H. sapiens ZNF219	.	TF ChIP-seq	EFO:0001187	HepG2	cell_line	child		encode	single	True	0.8608423471450806	chip_tf	ZNF219	
EFO:0001187 TF ChIP-seq ZNF221 genetically modified (insertion) using CRISPR targeting H. sapiens ZNF221	.	TF ChIP-seq	EFO:0001187	HepG2	cell_line	child		encode	single	True	0.7229928374290466	chip_tf	ZNF221	
EFO:0001187 TF ChIP-seq ZNF224 genetically modified (insertion) using CRISPR targeting H. sapiens ZNF224	.	TF ChIP-seq	EFO:0001187	HepG2	cell_line	child		encode	single	True	0.8246070742607117	chip_tf	ZNF224	
EFO:0001187 TF ChIP-seq ZNF225 genetically modified (insertion) using CRISPR targeting H. sapiens ZNF225	.	TF ChIP-seq	EFO:0001187	HepG2	cell_line	child		encode	single	True	1.0150550603866577	chip_tf	ZNF225	
EFO:0001187 TF ChIP-seq ZNF230 genetically modified (insertion) using CRISPR targeting H. sapiens ZNF230	.	TF ChIP-seq	EFO:0001187	HepG2	cell_line	child		encode	single	True	0.7837003469467163	chip_tf	ZNF230	
EFO:0001187 TF ChIP-seq ZNF232 genetically modified (insertion) using CRISPR targeting H. sapiens ZNF232	.	TF ChIP-seq	EFO:0001187	HepG2	cell_line	child		encode	single	True	0.8447632193565369	chip_tf	ZNF232	
EFO:0001187 TF ChIP-seq ZNF235 genetically modified (insertion) using CRISPR targeting H. sapiens ZNF235	.	TF ChIP-seq	EFO:0001187	HepG2	cell_line	child		encode	single	True	0.9267266392707825	chip_tf	ZNF235	
EFO:0001187 TF ChIP-seq ZNF24	.	TF ChIP-seq	EFO:0001187	HepG2	cell_line	child		encode	paired	False	0.8201494216918945	chip_tf	ZNF24	
EFO:0001187 TF ChIP-seq ZNF263 genetically modified (insertion) using CRISPR targeting H. sapiens ZNF263	.	TF ChIP-seq	EFO:0001187	HepG2	cell_line	child		encode	single	True	0.8296906352043152	chip_tf	ZNF263	
EFO:0001187 TF ChIP-seq ZNF264 genetically modified (insertion) using CRISPR targeting H. sapiens ZNF264	.	TF ChIP-seq	EFO:0001187	HepG2	cell_line	child		encode	single	True	0.8598358035087585	chip_tf	ZNF264	
EFO:0001187 TF ChIP-seq ZNF274 genetically modified (insertion) using CRISPR targeting H. sapiens ZNF274	.	TF ChIP-seq	EFO:0001187	HepG2	cell_line	child		encode	single	True	0.8498208522796631	chip_tf	ZNF274	
EFO:0001187 TF ChIP-seq ZNF275 genetically modified (insertion) using CRISPR targeting H. sapiens ZNF275	.	TF ChIP-seq	EFO:0001187	HepG2	cell_line	child		encode	single	True	0.807542085647583	chip_tf	ZNF275	
EFO:0001187 TF ChIP-seq ZNF276 genetically modified (insertion) using CRISPR targeting H. sapiens ZNF276	.	TF ChIP-seq	EFO:0001187	HepG2	cell_line	child		encode	single	True	1.028782606124878	chip_tf	ZNF276	
EFO:0001187 TF ChIP-seq ZNF280B genetically modified (insertion) using CRISPR targeting H. sapiens ZNF280B	.	TF ChIP-seq	EFO:0001187	HepG2	cell_line	child		encode	single	True	1.1530828475952148	chip_tf	ZNF280B	
EFO:0001187 TF ChIP-seq ZNF280D genetically modified (insertion) using CRISPR targeting H. sapiens ZNF280D	.	TF ChIP-seq	EFO:0001187	HepG2	cell_line	child		encode	single	True	0.7840917110443115	chip_tf	ZNF280D	
EFO:0001187 TF ChIP-seq ZNF281 genetically modified (insertion) using CRISPR targeting H. sapiens ZNF281	.	TF ChIP-seq	EFO:0001187	HepG2	cell_line	child		encode	single	True	0.9583336710929871	chip_tf	ZNF281	
EFO:0001187 TF ChIP-seq ZNF292 genetically modified (insertion) using CRISPR targeting H. sapiens ZNF292	.	TF ChIP-seq	EFO:0001187	HepG2	cell_line	child		encode	single	True	0.8771628141403198	chip_tf	ZNF292	
EFO:0001187 TF ChIP-seq ZNF3 genetically modified (insertion) using CRISPR targeting H. sapiens ZNF3	.	TF ChIP-seq	EFO:0001187	HepG2	cell_line	child		encode	single	True	1.0385068655014038	chip_tf	ZNF3	
EFO:0001187 TF ChIP-seq ZNF317 genetically modified (insertion) using CRISPR targeting H. sapiens ZNF317	.	TF ChIP-seq	EFO:0001187	HepG2	cell_line	child		encode	single	True	0.763652503490448	chip_tf	ZNF317	
EFO:0001187 TF ChIP-seq ZNF318 genetically modified (insertion) using CRISPR targeting H. sapiens ZNF318	.	TF ChIP-seq	EFO:0001187	HepG2	cell_line	child		encode	single	True	0.9382956027984619	chip_tf	ZNF318	
EFO:0001187 TF ChIP-seq ZNF329 genetically modified (insertion) using CRISPR targeting H. sapiens ZNF329	.	TF ChIP-seq	EFO:0001187	HepG2	cell_line	child		encode	single	True	1.1038029193878174	chip_tf	ZNF329	
EFO:0001187 TF ChIP-seq ZNF331 genetically modified (insertion) using CRISPR targeting H. sapiens ZNF331	.	TF ChIP-seq	EFO:0001187	HepG2	cell_line	child		encode	single	True	0.9150904417037964	chip_tf	ZNF331	
EFO:0001187 TF ChIP-seq ZNF333 genetically modified (insertion) using CRISPR targeting H. sapiens ZNF333	.	TF ChIP-seq	EFO:0001187	HepG2	cell_line	child		encode	single	True	0.8572804927825928	chip_tf	ZNF333	
EFO:0001187 TF ChIP-seq ZNF335 genetically modified (insertion) using CRISPR targeting H. sapiens ZNF335	.	TF ChIP-seq	EFO:0001187	HepG2	cell_line	child		encode	single	True	0.820759117603302	chip_tf	ZNF335	
EFO:0001187 TF ChIP-seq ZNF337 genetically modified (insertion) using CRISPR targeting H. sapiens ZNF337	.	TF ChIP-seq	EFO:0001187	HepG2	cell_line	child		encode	single	True	1.0766539573669434	chip_tf	ZNF337	
EFO:0001187 TF ChIP-seq ZNF33B genetically modified (insertion) using CRISPR targeting H. sapiens ZNF33B	.	TF ChIP-seq	EFO:0001187	HepG2	cell_line	child		encode	single	True	0.8953555226325989	chip_tf	ZNF33B	
EFO:0001187 TF ChIP-seq ZNF34 genetically modified (insertion) using CRISPR targeting H. sapiens ZNF34	.	TF ChIP-seq	EFO:0001187	HepG2	cell_line	child		encode	single	True	1.0015339851379395	chip_tf	ZNF34	
EFO:0001187 TF ChIP-seq ZNF343 genetically modified (insertion) using CRISPR targeting H. sapiens ZNF343	.	TF ChIP-seq	EFO:0001187	HepG2	cell_line	child		encode	single	True	0.9161702394485474	chip_tf	ZNF343	
EFO:0001187 TF ChIP-seq ZNF350 genetically modified (insertion) using CRISPR targeting H. sapiens ZNF350	.	TF ChIP-seq	EFO:0001187	HepG2	cell_line	child		encode	single	True	0.9653250575065613	chip_tf	ZNF350	
EFO:0001187 TF ChIP-seq ZNF362 genetically modified (insertion) using CRISPR targeting H. sapiens ZNF362	.	TF ChIP-seq	EFO:0001187	HepG2	cell_line	child		encode	single	True	0.8606744408607483	chip_tf	ZNF362	
EFO:0001187 TF ChIP-seq ZNF384	.	TF ChIP-seq	EFO:0001187	HepG2	cell_line	child		encode	single	False	0.9158121943473816	chip_tf	ZNF384	
EFO:0001187 TF ChIP-seq ZNF414 genetically modified (insertion) using CRISPR targeting H. sapiens ZNF414	.	TF ChIP-seq	EFO:0001187	HepG2	cell_line	child		encode	single	True	0.8759205341339111	chip_tf	ZNF414	
EFO:0001187 TF ChIP-seq ZNF430 genetically modified (insertion) using CRISPR targeting H. sapiens ZNF430	.	TF ChIP-seq	EFO:0001187	HepG2	cell_line	child		encode	single	True	0.8671715259552002	chip_tf	ZNF430	
EFO:0001187 TF ChIP-seq ZNF431 genetically modified (insertion) using CRISPR targeting H. sapiens ZNF431	.	TF ChIP-seq	EFO:0001187	HepG2	cell_line	child		encode	single	True	0.8787710666656494	chip_tf	ZNF431	
EFO:0001187 TF ChIP-seq ZNF44 genetically modified (insertion) using CRISPR targeting H. sapiens ZNF44	.	TF ChIP-seq	EFO:0001187	HepG2	cell_line	child		encode	single	True	0.8102565407752991	chip_tf	ZNF44	
EFO:0001187 TF ChIP-seq ZNF441 genetically modified (insertion) using CRISPR targeting H. sapiens ZNF441	.	TF ChIP-seq	EFO:0001187	HepG2	cell_line	child		encode	single	True	0.9884299039840698	chip_tf	ZNF441	
EFO:0001187 TF ChIP-seq ZNF446 genetically modified (insertion) using CRISPR targeting H. sapiens ZNF446	.	TF ChIP-seq	EFO:0001187	HepG2	cell_line	child		encode	single	True	0.8728633522987366	chip_tf	ZNF446	
EFO:0001187 TF ChIP-seq ZNF451 genetically modified (insertion) using CRISPR targeting H. sapiens ZNF451	.	TF ChIP-seq	EFO:0001187	HepG2	cell_line	child		encode	single	True	1.096070408821106	chip_tf	ZNF451	
EFO:0001187 TF ChIP-seq ZNF460 genetically modified (insertion) using CRISPR targeting H. sapiens ZNF460	.	TF ChIP-seq	EFO:0001187	HepG2	cell_line	child		encode	single	True	0.781056821346283	chip_tf	ZNF460	
EFO:0001187 TF ChIP-seq ZNF48 genetically modified (insertion) using CRISPR targeting H. sapiens ZNF48	.	TF ChIP-seq	EFO:0001187	HepG2	cell_line	child		encode	single	True	0.9594341516494751	chip_tf	ZNF48	
EFO:0001187 TF ChIP-seq ZNF483 genetically modified (insertion) using CRISPR targeting H. sapiens ZNF483	.	TF ChIP-seq	EFO:0001187	HepG2	cell_line	child		encode	single	True	0.8331242799758911	chip_tf	ZNF483	
EFO:0001187 TF ChIP-seq ZNF485 genetically modified (insertion) using CRISPR targeting H. sapiens ZNF485	.	TF ChIP-seq	EFO:0001187	HepG2	cell_line	child		encode	single	True	0.935736894607544	chip_tf	ZNF485	
EFO:0001187 TF ChIP-seq ZNF501 genetically modified (insertion) using CRISPR targeting H. sapiens ZNF501	.	TF ChIP-seq	EFO:0001187	HepG2	cell_line	child		encode	single	True	0.7537727355957031	chip_tf	ZNF501	
EFO:0001187 TF ChIP-seq ZNF503 genetically modified (insertion) using CRISPR targeting H. sapiens ZNF503	.	TF ChIP-seq	EFO:0001187	HepG2	cell_line	child		encode	single	True	0.7644141316413879	chip_tf	ZNF503	
EFO:0001187 TF ChIP-seq ZNF510 genetically modified (insertion) using CRISPR targeting H. sapiens ZNF510	.	TF ChIP-seq	EFO:0001187	HepG2	cell_line	child		encode	single	True	0.8637658953666687	chip_tf	ZNF510	
EFO:0001187 TF ChIP-seq ZNF511 genetically modified (insertion) using CRISPR targeting H. sapiens ZNF511	.	TF ChIP-seq	EFO:0001187	HepG2	cell_line	child		encode	single	True	0.9776198863983154	chip_tf	ZNF511	
EFO:0001187 TF ChIP-seq ZNF512B genetically modified (insertion) using CRISPR targeting H. sapiens ZNF512B	.	TF ChIP-seq	EFO:0001187	HepG2	cell_line	child		encode	single	True	0.89083331823349	chip_tf	ZNF512B	
EFO:0001187 TF ChIP-seq ZNF526 genetically modified (insertion) using CRISPR targeting H. sapiens ZNF526	.	TF ChIP-seq	EFO:0001187	HepG2	cell_line	child		encode	single	True	0.9584910273551941	chip_tf	ZNF526	
EFO:0001187 TF ChIP-seq ZNF527 genetically modified (insertion) using CRISPR targeting H. sapiens ZNF527	.	TF ChIP-seq	EFO:0001187	HepG2	cell_line	child		encode	single	True	0.9415733814239502	chip_tf	ZNF527	
EFO:0001187 TF ChIP-seq ZNF543 genetically modified (insertion) using CRISPR targeting H. sapiens ZNF543	.	TF ChIP-seq	EFO:0001187	HepG2	cell_line	child		encode	single	True	0.9693794250488281	chip_tf	ZNF543	
EFO:0001187 TF ChIP-seq ZNF546 genetically modified (insertion) using CRISPR targeting H. sapiens ZNF546	.	TF ChIP-seq	EFO:0001187	HepG2	cell_line	child		encode	single	True	1.0514689683914185	chip_tf	ZNF546	
EFO:0001187 TF ChIP-seq ZNF547 genetically modified (insertion) using CRISPR targeting H. sapiens ZNF547	.	TF ChIP-seq	EFO:0001187	HepG2	cell_line	child		encode	single	True	0.758364737033844	chip_tf	ZNF547	
EFO:0001187 TF ChIP-seq ZNF548 genetically modified (insertion) using CRISPR targeting H. sapiens ZNF548	.	TF ChIP-seq	EFO:0001187	HepG2	cell_line	child		encode	single	True	0.8975698351860046	chip_tf	ZNF548	
EFO:0001187 TF ChIP-seq ZNF552 genetically modified (insertion) using CRISPR targeting H. sapiens ZNF552	.	TF ChIP-seq	EFO:0001187	HepG2	cell_line	child		encode	single	True	0.7778361439704895	chip_tf	ZNF552	
EFO:0001187 TF ChIP-seq ZNF556 genetically modified (insertion) using CRISPR targeting H. sapiens ZNF556	.	TF ChIP-seq	EFO:0001187	HepG2	cell_line	child		encode	single	True	0.8569695353507996	chip_tf	ZNF556	
EFO:0001187 TF ChIP-seq ZNF558 genetically modified (insertion) using CRISPR targeting H. sapiens ZNF558	.	TF ChIP-seq	EFO:0001187	HepG2	cell_line	child		encode	single	True	0.8291117548942566	chip_tf	ZNF558	
EFO:0001187 TF ChIP-seq ZNF563 genetically modified (insertion) using CRISPR targeting H. sapiens ZNF563	.	TF ChIP-seq	EFO:0001187	HepG2	cell_line	child		encode	single	True	0.8324781656265259	chip_tf	ZNF563	
EFO:0001187 TF ChIP-seq ZNF564 genetically modified (insertion) using CRISPR targeting H. sapiens ZNF564	.	TF ChIP-seq	EFO:0001187	HepG2	cell_line	child		encode	single	True	0.9267677664756775	chip_tf	ZNF564	
EFO:0001187 TF ChIP-seq ZNF567 genetically modified (insertion) using CRISPR targeting H. sapiens ZNF567	.	TF ChIP-seq	EFO:0001187	HepG2	cell_line	child		encode	single	True	0.8077789545059204	chip_tf	ZNF567	
EFO:0001187 TF ChIP-seq ZNF572 genetically modified (insertion) using CRISPR targeting H. sapiens ZNF572	.	TF ChIP-seq	EFO:0001187	HepG2	cell_line	child		encode	single	True	0.8705514073371887	chip_tf	ZNF572	
EFO:0001187 TF ChIP-seq ZNF574 genetically modified (insertion) using CRISPR targeting H. sapiens ZNF574	.	TF ChIP-seq	EFO:0001187	HepG2	cell_line	child		encode	single	True	0.996279239654541	chip_tf	ZNF574	
EFO:0001187 TF ChIP-seq ZNF580 genetically modified (insertion) using CRISPR targeting H. sapiens ZNF580	.	TF ChIP-seq	EFO:0001187	HepG2	cell_line	child		encode	single	True	1.0383819341659546	chip_tf	ZNF580	
EFO:0001187 TF ChIP-seq ZNF589 genetically modified (insertion) using CRISPR targeting H. sapiens ZNF589	.	TF ChIP-seq	EFO:0001187	HepG2	cell_line	child		encode	single	True	0.8583669662475586	chip_tf	ZNF589	
EFO:0001187 TF ChIP-seq ZNF598 genetically modified (insertion) using CRISPR targeting H. sapiens ZNF598	.	TF ChIP-seq	EFO:0001187	HepG2	cell_line	child		encode	single	True	0.7913841605186462	chip_tf	ZNF598	
EFO:0001187 TF ChIP-seq ZNF605 genetically modified (insertion) using CRISPR targeting H. sapiens ZNF605	.	TF ChIP-seq	EFO:0001187	HepG2	cell_line	child		encode	single	True	0.7808525562286377	chip_tf	ZNF605	
EFO:0001187 TF ChIP-seq ZNF607 genetically modified (insertion) using CRISPR targeting H. sapiens ZNF607	.	TF ChIP-seq	EFO:0001187	HepG2	cell_line	child		encode	single	True	0.8327470421791077	chip_tf	ZNF607	
EFO:0001187 TF ChIP-seq ZNF608 genetically modified (insertion) using CRISPR targeting H. sapiens ZNF608	.	TF ChIP-seq	EFO:0001187	HepG2	cell_line	child		encode	single	True	0.8159154057502747	chip_tf	ZNF608	
EFO:0001187 TF ChIP-seq ZNF609 genetically modified (insertion) using CRISPR targeting H. sapiens ZNF609	.	TF ChIP-seq	EFO:0001187	HepG2	cell_line	child		encode	single	True	0.7777565121650696	chip_tf	ZNF609	
EFO:0001187 TF ChIP-seq ZNF614 genetically modified (insertion) using CRISPR targeting H. sapiens ZNF614	.	TF ChIP-seq	EFO:0001187	HepG2	cell_line	child		encode	single	True	0.8970245718955994	chip_tf	ZNF614	
EFO:0001187 TF ChIP-seq ZNF616 genetically modified (insertion) using CRISPR targeting H. sapiens ZNF616	.	TF ChIP-seq	EFO:0001187	HepG2	cell_line	child		encode	single	True	1.0731415748596191	chip_tf	ZNF616	
EFO:0001187 TF ChIP-seq ZNF619 genetically modified (insertion) using CRISPR targeting H. sapiens ZNF619	.	TF ChIP-seq	EFO:0001187	HepG2	cell_line	child		encode	single	True	0.9901679754257202	chip_tf	ZNF619	
EFO:0001187 TF ChIP-seq ZNF629 genetically modified (insertion) using CRISPR targeting H. sapiens ZNF629	.	TF ChIP-seq	EFO:0001187	HepG2	cell_line	child		encode	single	True	0.750723659992218	chip_tf	ZNF629	
EFO:0001187 TF ChIP-seq ZNF639 genetically modified (insertion) using CRISPR targeting H. sapiens ZNF639	.	TF ChIP-seq	EFO:0001187	HepG2	cell_line	child		encode	single	True	0.9641852378845215	chip_tf	ZNF639	
EFO:0001187 TF ChIP-seq ZNF644 genetically modified (insertion) using CRISPR targeting H. sapiens ZNF644	.	TF ChIP-seq	EFO:0001187	HepG2	cell_line	child		encode	single	True	1.0437841415405273	chip_tf	ZNF644	
EFO:0001187 TF ChIP-seq ZNF646 genetically modified (insertion) using CRISPR targeting H. sapiens ZNF646	.	TF ChIP-seq	EFO:0001187	HepG2	cell_line	child		encode	single	True	0.7998000979423523	chip_tf	ZNF646	
EFO:0001187 TF ChIP-seq ZNF652 genetically modified (insertion) using CRISPR targeting H. sapiens ZNF652	.	TF ChIP-seq	EFO:0001187	HepG2	cell_line	child		encode	single	True	0.9731547832489014	chip_tf	ZNF652	
EFO:0001187 TF ChIP-seq ZNF670 genetically modified (insertion) using CRISPR targeting H. sapiens ZNF670	.	TF ChIP-seq	EFO:0001187	HepG2	cell_line	child		encode	single	True	0.7348530292510986	chip_tf	ZNF670	
EFO:0001187 TF ChIP-seq ZNF687 genetically modified (insertion) using CRISPR targeting H. sapiens ZNF687	.	TF ChIP-seq	EFO:0001187	HepG2	cell_line	child		encode	single	True	1.132210612297058	chip_tf	ZNF687	
EFO:0001187 TF ChIP-seq ZNF691 genetically modified (insertion) using CRISPR targeting H. sapiens ZNF691	.	TF ChIP-seq	EFO:0001187	HepG2	cell_line	child		encode	single	True	1.0566035509109497	chip_tf	ZNF691	
EFO:0001187 TF ChIP-seq ZNF697 genetically modified (insertion) using CRISPR targeting H. sapiens ZNF697	.	TF ChIP-seq	EFO:0001187	HepG2	cell_line	child		encode	single	True	0.9023610353469849	chip_tf	ZNF697	
EFO:0001187 TF ChIP-seq ZNF703 genetically modified (insertion) using CRISPR targeting H. sapiens ZNF703	.	TF ChIP-seq	EFO:0001187	HepG2	cell_line	child		encode	single	True	0.776582658290863	chip_tf	ZNF703	
EFO:0001187 TF ChIP-seq ZNF704 genetically modified (insertion) using CRISPR targeting H. sapiens ZNF704	.	TF ChIP-seq	EFO:0001187	HepG2	cell_line	child		encode	single	True	0.8020601868629456	chip_tf	ZNF704	
EFO:0001187 TF ChIP-seq ZNF709 genetically modified (insertion) using CRISPR targeting H. sapiens ZNF709	.	TF ChIP-seq	EFO:0001187	HepG2	cell_line	child		encode	single	True	0.8549057841300964	chip_tf	ZNF709	
EFO:0001187 TF ChIP-seq ZNF710 genetically modified (insertion) using CRISPR targeting H. sapiens ZNF710	.	TF ChIP-seq	EFO:0001187	HepG2	cell_line	child		encode	single	True	0.8556821346282959	chip_tf	ZNF710	
EFO:0001187 TF ChIP-seq ZNF724P genetically modified (insertion) using CRISPR targeting H. sapiens ZNF724	.	TF ChIP-seq	EFO:0001187	HepG2	cell_line	child		encode	single	True	0.8727745413780212	chip_tf	ZNF724P	
EFO:0001187 TF ChIP-seq ZNF740 genetically modified (insertion) using CRISPR targeting H. sapiens ZNF740	.	TF ChIP-seq	EFO:0001187	HepG2	cell_line	child		encode	single	True	0.9278630614280701	chip_tf	ZNF740	
EFO:0001187 TF ChIP-seq ZNF746 genetically modified (insertion) using CRISPR targeting H. sapiens ZNF746	.	TF ChIP-seq	EFO:0001187	HepG2	cell_line	child		encode	single	True	0.7928082942962646	chip_tf	ZNF746	
EFO:0001187 TF ChIP-seq ZNF747 genetically modified (insertion) using CRISPR targeting H. sapiens ZNF747	.	TF ChIP-seq	EFO:0001187	HepG2	cell_line	child		encode	single	True	0.8465496897697449	chip_tf	ZNF747	
EFO:0001187 TF ChIP-seq ZNF749 genetically modified (insertion) using CRISPR targeting H. sapiens ZNF749	.	TF ChIP-seq	EFO:0001187	HepG2	cell_line	child		encode	single	True	0.9314607381820679	chip_tf	ZNF749	
EFO:0001187 TF ChIP-seq ZNF761 genetically modified (insertion) using CRISPR targeting H. sapiens ZNF761	.	TF ChIP-seq	EFO:0001187	HepG2	cell_line	child		encode	single	True	1.0018751621246338	chip_tf	ZNF761	
EFO:0001187 TF ChIP-seq ZNF766 genetically modified (insertion) using CRISPR targeting H. sapiens ZNF766	.	TF ChIP-seq	EFO:0001187	HepG2	cell_line	child		encode	single	True	0.8307656049728394	chip_tf	ZNF766	
EFO:0001187 TF ChIP-seq ZNF768 genetically modified (insertion) using CRISPR targeting H. sapiens ZNF768	.	TF ChIP-seq	EFO:0001187	HepG2	cell_line	child		encode	single	True	1.005638837814331	chip_tf	ZNF768	
EFO:0001187 TF ChIP-seq ZNF770 genetically modified (insertion) using CRISPR targeting H. sapiens ZNF770	.	TF ChIP-seq	EFO:0001187	HepG2	cell_line	child		encode	single	True	0.7096234560012817	chip_tf	ZNF770	
EFO:0001187 TF ChIP-seq ZNF772 genetically modified (insertion) using CRISPR targeting H. sapiens ZNF772	.	TF ChIP-seq	EFO:0001187	HepG2	cell_line	child		encode	single	True	0.8330786824226379	chip_tf	ZNF772	
EFO:0001187 TF ChIP-seq ZNF776 genetically modified (insertion) using CRISPR targeting H. sapiens ZNF776	.	TF ChIP-seq	EFO:0001187	HepG2	cell_line	child		encode	single	True	0.8303529620170593	chip_tf	ZNF776	
EFO:0001187 TF ChIP-seq ZNF777 genetically modified (insertion) using CRISPR targeting H. sapiens ZNF777	.	TF ChIP-seq	EFO:0001187	HepG2	cell_line	child		encode	single	True	0.8118537664413452	chip_tf	ZNF777	
EFO:0001187 TF ChIP-seq ZNF780A genetically modified (insertion) using CRISPR targeting H. sapiens ZNF780A	.	TF ChIP-seq	EFO:0001187	HepG2	cell_line	child		encode	single	True	0.8805251121520996	chip_tf	ZNF780A	
EFO:0001187 TF ChIP-seq ZNF782 genetically modified (insertion) using CRISPR targeting H. sapiens ZNF782	.	TF ChIP-seq	EFO:0001187	HepG2	cell_line	child		encode	single	True	0.8793777823448181	chip_tf	ZNF782	
EFO:0001187 TF ChIP-seq ZNF784 genetically modified (insertion) using CRISPR targeting H. sapiens ZNF784	.	TF ChIP-seq	EFO:0001187	HepG2	cell_line	child		encode	single	True	0.9371065497398376	chip_tf	ZNF784	
EFO:0001187 TF ChIP-seq ZNF786 genetically modified (insertion) using CRISPR targeting H. sapiens ZNF786	.	TF ChIP-seq	EFO:0001187	HepG2	cell_line	child		encode	single	True	0.8060355186462402	chip_tf	ZNF786	
EFO:0001187 TF ChIP-seq ZNF788 genetically modified (insertion) using CRISPR targeting H. sapiens ZNF788P	.	TF ChIP-seq	EFO:0001187	HepG2	cell_line	child		encode	single	True	0.9144960641860962	chip_tf	ZNF788	
EFO:0001187 TF ChIP-seq ZNF790 genetically modified (insertion) using CRISPR targeting H. sapiens ZNF790	.	TF ChIP-seq	EFO:0001187	HepG2	cell_line	child		encode	single	True	0.9407778382301331	chip_tf	ZNF790	
EFO:0001187 TF ChIP-seq ZNF792 genetically modified (insertion) using CRISPR targeting H. sapiens ZNF792	.	TF ChIP-seq	EFO:0001187	HepG2	cell_line	child		encode	single	True	0.9787392616271973	chip_tf	ZNF792	
EFO:0001187 TF ChIP-seq ZNF800 genetically modified (insertion) using CRISPR targeting H. sapiens ZNF800	.	TF ChIP-seq	EFO:0001187	HepG2	cell_line	child		encode	single	True	0.8069673776626587	chip_tf	ZNF800	
EFO:0001187 TF ChIP-seq ZNF816 genetically modified (insertion) using CRISPR targeting H. sapiens ZNF816	.	TF ChIP-seq	EFO:0001187	HepG2	cell_line	child		encode	single	True	0.7978860139846802	chip_tf	ZNF816	
EFO:0001187 TF ChIP-seq ZNF827 genetically modified (insertion) using CRISPR targeting H. sapiens ZNF827	.	TF ChIP-seq	EFO:0001187	HepG2	cell_line	child		encode	single	True	0.8446609973907471	chip_tf	ZNF827	
EFO:0001187 TF ChIP-seq ZNF83 genetically modified (insertion) using CRISPR targeting H. sapiens ZNF83	.	TF ChIP-seq	EFO:0001187	HepG2	cell_line	child		encode	single	True	0.9917730093002319	chip_tf	ZNF83	
EFO:0001187 TF ChIP-seq ZNF839 genetically modified (insertion) using CRISPR targeting H. sapiens ZNF839	.	TF ChIP-seq	EFO:0001187	HepG2	cell_line	child		encode	single	True	0.9501646757125854	chip_tf	ZNF839	
EFO:0001187 TF ChIP-seq ZNF865 genetically modified (insertion) using CRISPR targeting H. sapiens ZNF865	.	TF ChIP-seq	EFO:0001187	HepG2	cell_line	child		encode	single	True	0.8291120529174805	chip_tf	ZNF865	
EFO:0001187 TF ChIP-seq ZNF878 genetically modified (insertion) using CRISPR targeting H. sapiens ZNF878	.	TF ChIP-seq	EFO:0001187	HepG2	cell_line	child		encode	single	True	0.7349171042442322	chip_tf	ZNF878	
EFO:0001187 TF ChIP-seq ZNF879 genetically modified (insertion) using CRISPR targeting H. sapiens ZNF879	.	TF ChIP-seq	EFO:0001187	HepG2	cell_line	child		encode	single	True	0.9142216444015503	chip_tf	ZNF879	
EFO:0001187 TF ChIP-seq ZNF891 genetically modified (insertion) using CRISPR targeting H. sapiens ZNF891	.	TF ChIP-seq	EFO:0001187	HepG2	cell_line	child		encode	single	True	0.9974570274353027	chip_tf	ZNF891	
EFO:0001187 TF ChIP-seq ZSCAN20 genetically modified (insertion) using CRISPR targeting H. sapiens ZSCAN20	.	TF ChIP-seq	EFO:0001187	HepG2	cell_line	child		encode	single	True	0.9458503723144531	chip_tf	ZSCAN20	
EFO:0001187 TF ChIP-seq ZSCAN21 genetically modified (insertion) using CRISPR targeting H. sapiens ZSCAN21	.	TF ChIP-seq	EFO:0001187	HepG2	cell_line	child		encode	single	True	0.8776640892028809	chip_tf	ZSCAN21	
EFO:0001187 TF ChIP-seq ZSCAN22 genetically modified (insertion) using CRISPR targeting H. sapiens ZSCAN22	.	TF ChIP-seq	EFO:0001187	HepG2	cell_line	child		encode	single	True	1.0058757066726685	chip_tf	ZSCAN22	
EFO:0001187 TF ChIP-seq ZSCAN25 genetically modified (insertion) using CRISPR targeting H. sapiens ZSCAN25	.	TF ChIP-seq	EFO:0001187	HepG2	cell_line	child		encode	single	True	0.8357770442962646	chip_tf	ZSCAN25	
EFO:0001187 TF ChIP-seq ZSCAN29 genetically modified (insertion) using CRISPR targeting H. sapiens ZSCAN29	.	TF ChIP-seq	EFO:0001187	HepG2	cell_line	child		encode	single	True	0.9239325523376465	chip_tf	ZSCAN29	
EFO:0001187 TF ChIP-seq ZSCAN31 genetically modified (insertion) using CRISPR targeting H. sapiens ZSCAN31	.	TF ChIP-seq	EFO:0001187	HepG2	cell_line	child		encode	single	True	0.8395699262619019	chip_tf	ZSCAN31	
EFO:0001187 TF ChIP-seq ZSCAN5A genetically modified (insertion) using CRISPR targeting H. sapiens ZSCAN5A	.	TF ChIP-seq	EFO:0001187	HepG2	cell_line	child		encode	single	True	0.7614693641662598	chip_tf	ZSCAN5A	
EFO:0001187 TF ChIP-seq ZSCAN9 genetically modified (insertion) using CRISPR targeting H. sapiens ZSCAN9	.	TF ChIP-seq	EFO:0001187	HepG2	cell_line	child		encode	single	True	0.9975289106369019	chip_tf	ZSCAN9	
EFO:0001187 TF ChIP-seq ZXDC genetically modified (insertion) using CRISPR targeting H. sapiens ZXDC	.	TF ChIP-seq	EFO:0001187	HepG2	cell_line	child		encode	single	True	0.7688897252082825	chip_tf	ZXDC	
EFO:0001187 TF ChIP-seq ZZZ3 genetically modified (insertion) using CRISPR targeting H. sapiens ZZZ3	.	TF ChIP-seq	EFO:0001187	HepG2	cell_line	child		encode	single	True	0.889116108417511	chip_tf	ZZZ3	
EFO:0001196 TF ChIP-seq BHLHE40	.	TF ChIP-seq	EFO:0001196	IMR-90	cell_line	embryonic		encode	single	False	0.9617088437080383	chip_tf	BHLHE40	
EFO:0001196 TF ChIP-seq CEBPB	.	TF ChIP-seq	EFO:0001196	IMR-90	cell_line	embryonic		encode	single	False	1.1773030757904053	chip_tf	CEBPB	
EFO:0001196 TF ChIP-seq CTCF	.	TF ChIP-seq	EFO:0001196	IMR-90	cell_line	embryonic		encode	single	False	1.046344518661499	chip_tf	CTCF	
EFO:0001196 TF ChIP-seq FOS	.	TF ChIP-seq	EFO:0001196	IMR-90	cell_line	embryonic		encode	single	False	0.999296247959137	chip_tf	FOS	
EFO:0001196 TF ChIP-seq MAFK	.	TF ChIP-seq	EFO:0001196	IMR-90	cell_line	embryonic		encode	single	False	0.959997296333313	chip_tf	MAFK	
EFO:0001196 TF ChIP-seq MAZ	.	TF ChIP-seq	EFO:0001196	IMR-90	cell_line	embryonic		encode	single	False	1.0771269798278809	chip_tf	MAZ	
EFO:0001196 TF ChIP-seq MXI1	.	TF ChIP-seq	EFO:0001196	IMR-90	cell_line	embryonic		encode	single	False	1.1126296520233154	chip_tf	MXI1	
EFO:0001196 TF ChIP-seq NFE2L2	.	TF ChIP-seq	EFO:0001196	IMR-90	cell_line	embryonic		encode	single	False	1.0751221179962158	chip_tf	NFE2L2	
EFO:0001196 TF ChIP-seq POLR2A	.	TF ChIP-seq	EFO:0001196	IMR-90	cell_line	embryonic		encode	single	False	0.9650447964668274	chip_tf	POLR2A	
EFO:0001196 TF ChIP-seq RAD21	.	TF ChIP-seq	EFO:0001196	IMR-90	cell_line	embryonic		encode	single	False	0.949391782283783	chip_tf	RAD21	
EFO:0001196 TF ChIP-seq SMC3	.	TF ChIP-seq	EFO:0001196	IMR-90	cell_line	embryonic		encode	single	False	1.1166452169418335	chip_tf	SMC3	
EFO:0001196 TF ChIP-seq USF2	.	TF ChIP-seq	EFO:0001196	IMR-90	cell_line	embryonic		encode	single	False	1.0029001235961914	chip_tf	USF2	
EFO:0001200 TF ChIP-seq CTCF	.	TF ChIP-seq	EFO:0001200	MCF 10A	cell_line	adult		encode	single	False	1.318040370941162	chip_tf	CTCF	
EFO:0001203 TF ChIP-seq ATF7	.	TF ChIP-seq	EFO:0001203	MCF-7	cell_line	adult		encode	paired	False	0.8176344633102417	chip_tf	ATF7	
EFO:0001203 TF ChIP-seq BMI1	.	TF ChIP-seq	EFO:0001203	MCF-7	cell_line	adult		encode	paired	False	0.7774032354354858	chip_tf	BMI1	
EFO:0001203 TF ChIP-seq CEBPB	.	TF ChIP-seq	EFO:0001203	MCF-7	cell_line	adult		encode	single	False	1.019426703453064	chip_tf	CEBPB	
EFO:0001203 TF ChIP-seq CEBPG stably expressing C-terminal eGFP-tagged CEBPG	.	TF ChIP-seq	EFO:0001203	MCF-7	cell_line	adult		encode	single	True	0.726031482219696	chip_tf	CEBPG	
EFO:0001203 TF ChIP-seq CHD1	.	TF ChIP-seq	EFO:0001203	MCF-7	cell_line	adult		encode	paired	False	0.7837904691696167	chip_tf	CHD1	
EFO:0001203 TF ChIP-seq CLOCK	.	TF ChIP-seq	EFO:0001203	MCF-7	cell_line	adult		encode	paired	False	0.769209623336792	chip_tf	CLOCK	
EFO:0001203 TF ChIP-seq CREB1	.	TF ChIP-seq	EFO:0001203	MCF-7	cell_line	adult		encode	paired	False	0.7267917990684509	chip_tf	CREB1	
EFO:0001203 TF ChIP-seq CTBP1	.	TF ChIP-seq	EFO:0001203	MCF-7	cell_line	adult		encode	paired	False	0.7824333906173706	chip_tf	CTBP1	
EFO:0001203 TF ChIP-seq CTCF	.	TF ChIP-seq	EFO:0001203	MCF-7	cell_line	adult		encode	single	False	0.6123906373977661	chip_tf	CTCF	
EFO:0001203 TF ChIP-seq CUX1	.	TF ChIP-seq	EFO:0001203	MCF-7	cell_line	adult		encode	paired	False	0.7772772312164307	chip_tf	CUX1	
EFO:0001203 TF ChIP-seq DPF2	.	TF ChIP-seq	EFO:0001203	MCF-7	cell_line	adult		encode	paired	False	0.7945062518119812	chip_tf	DPF2	
EFO:0001203 TF ChIP-seq E2F1 stably expressing N-terminal HA-tagged E2F1	.	TF ChIP-seq	EFO:0001203	MCF-7	cell_line	adult		encode	single	True	0.9911985993385315	chip_tf	E2F1	
EFO:0001203 TF ChIP-seq EGR1	.	TF ChIP-seq	EFO:0001203	MCF-7	cell_line	adult		encode	single	False	0.9216676354408264	chip_tf	EGR1	
EFO:0001203 TF ChIP-seq ELF1	.	TF ChIP-seq	EFO:0001203	MCF-7	cell_line	adult		encode	paired	False	0.7576064467430115	chip_tf	ELF1	
EFO:0001203 TF ChIP-seq ELK1	.	TF ChIP-seq	EFO:0001203	MCF-7	cell_line	adult		encode	paired	False	0.8122826218605042	chip_tf	ELK1	
EFO:0001203 TF ChIP-seq EP300	.	TF ChIP-seq	EFO:0001203	MCF-7	cell_line	adult		encode	single	False	0.9734253287315369	chip_tf	EP300	
EFO:0001203 TF ChIP-seq ESR1 genetically modified (insertion) using CRISPR targeting H. sapiens ESR1	.	TF ChIP-seq	EFO:0001203	MCF-7	cell_line	adult		encode	paired	True	0.7734440565109253	chip_tf	ESR1	
EFO:0001203 TF ChIP-seq FOS	.	TF ChIP-seq	EFO:0001203	MCF-7	cell_line	adult		encode	paired	False	0.769516110420227	chip_tf	FOS	
EFO:0001203 TF ChIP-seq FOSL2	.	TF ChIP-seq	EFO:0001203	MCF-7	cell_line	adult		encode	single	False	0.9447552561759949	chip_tf	FOSL2	
EFO:0001203 TF ChIP-seq FOSL2 stably expressing C-terminal eGFP-tagged FOSL2	.	TF ChIP-seq	EFO:0001203	MCF-7	cell_line	adult		encode	single	True	0.7520132064819336	chip_tf	FOSL2	
EFO:0001203 TF ChIP-seq FOXA1	.	TF ChIP-seq	EFO:0001203	MCF-7	cell_line	adult		encode	paired	False	0.833102822303772	chip_tf	FOXA1	
EFO:0001203 TF ChIP-seq FOXM1	.	TF ChIP-seq	EFO:0001203	MCF-7	cell_line	adult		encode	single	False	0.8846643567085266	chip_tf	FOXM1	
EFO:0001203 TF ChIP-seq GABPA	.	TF ChIP-seq	EFO:0001203	MCF-7	cell_line	adult		encode	single	False	0.8911364078521729	chip_tf	GABPA	
EFO:0001203 TF ChIP-seq GATA3	.	TF ChIP-seq	EFO:0001203	MCF-7	cell_line	adult		encode	single	False	0.6778743267059326	chip_tf	GATA3	
EFO:0001203 TF ChIP-seq HCFC1	.	TF ChIP-seq	EFO:0001203	MCF-7	cell_line	adult		encode	paired	False	0.7765213251113892	chip_tf	HCFC1	
EFO:0001203 TF ChIP-seq HDAC2	.	TF ChIP-seq	EFO:0001203	MCF-7	cell_line	adult		encode	single	False	0.9472036361694336	chip_tf	HDAC2	
EFO:0001203 TF ChIP-seq JUND	.	TF ChIP-seq	EFO:0001203	MCF-7	cell_line	adult		encode	single	False	1.0421855449676514	chip_tf	JUND	
EFO:0001203 TF ChIP-seq KLF4 stably expressing C-terminal eGFP-tagged KLF4	.	TF ChIP-seq	EFO:0001203	MCF-7	cell_line	adult		encode	single	True	0.7486674785614014	chip_tf	KLF4	
EFO:0001203 TF ChIP-seq KLF9 stably expressing C-terminal eGFP-tagged KLF9	.	TF ChIP-seq	EFO:0001203	MCF-7	cell_line	adult		encode	single	True	0.7397853136062622	chip_tf	KLF9	
EFO:0001203 TF ChIP-seq MAFK	.	TF ChIP-seq	EFO:0001203	MCF-7	cell_line	adult		encode	paired	False	0.8119218349456787	chip_tf	MAFK	
EFO:0001203 TF ChIP-seq MAX	.	TF ChIP-seq	EFO:0001203	MCF-7	cell_line	adult		encode	single	False	0.9116843342781067	chip_tf	MAX	
EFO:0001203 TF ChIP-seq MAZ	.	TF ChIP-seq	EFO:0001203	MCF-7	cell_line	adult		encode	paired	False	0.7832379341125488	chip_tf	MAZ	
EFO:0001203 TF ChIP-seq MBD2	.	TF ChIP-seq	EFO:0001203	MCF-7	cell_line	adult		encode	single	False	1.005852460861206	chip_tf	MBD2	
EFO:0001203 TF ChIP-seq MNT	.	TF ChIP-seq	EFO:0001203	MCF-7	cell_line	adult		encode	paired	False	0.7784186005592346	chip_tf	MNT	
EFO:0001203 TF ChIP-seq MSX2 genetically modified (insertion) using CRISPR targeting H. sapiens MSX2	.	TF ChIP-seq	EFO:0001203	MCF-7	cell_line	adult		encode	paired	True	0.7632767558097839	chip_tf	MSX2	
EFO:0001203 TF ChIP-seq MYC	.	TF ChIP-seq	EFO:0001203	MCF-7	cell_line	adult		encode	single	False	0.9957280158996582	chip_tf	MYC	
EFO:0001203 TF ChIP-seq NCOA3	.	TF ChIP-seq	EFO:0001203	MCF-7	cell_line	adult		encode	paired	False	0.7867421507835388	chip_tf	NCOA3	
EFO:0001203 TF ChIP-seq NFIB	.	TF ChIP-seq	EFO:0001203	MCF-7	cell_line	adult		encode	paired	False	0.7570257782936096	chip_tf	NFIB	
EFO:0001203 TF ChIP-seq NR2F2	.	TF ChIP-seq	EFO:0001203	MCF-7	cell_line	adult		encode	single	False	0.9276756644248962	chip_tf	NR2F2	
EFO:0001203 TF ChIP-seq NRF1	.	TF ChIP-seq	EFO:0001203	MCF-7	cell_line	adult		encode	paired	False	0.8003023266792297	chip_tf	NRF1	
EFO:0001203 TF ChIP-seq OVOL1 genetically modified (insertion) using CRISPR targeting H. sapiens OVOL1	.	TF ChIP-seq	EFO:0001203	MCF-7	cell_line	adult		encode	paired	True	0.7753540873527527	chip_tf	OVOL1	
EFO:0001203 TF ChIP-seq PKNOX1	.	TF ChIP-seq	EFO:0001203	MCF-7	cell_line	adult		encode	paired	False	0.7598346471786499	chip_tf	PKNOX1	
EFO:0001203 TF ChIP-seq PML	.	TF ChIP-seq	EFO:0001203	MCF-7	cell_line	adult		encode	single	False	1.0142064094543457	chip_tf	PML	
EFO:0001203 TF ChIP-seq POLR2A	.	TF ChIP-seq	EFO:0001203	MCF-7	cell_line	adult		encode	single	False	0.821164608001709	chip_tf	POLR2A	
EFO:0001203 TF ChIP-seq RAD21	.	TF ChIP-seq	EFO:0001203	MCF-7	cell_line	adult		encode	single	False	1.1115342378616333	chip_tf	RAD21	
EFO:0001203 TF ChIP-seq RAD21 genetically modified (insertion) using CRISPR targeting H. sapiens RAD21	.	TF ChIP-seq	EFO:0001203	MCF-7	cell_line	adult		encode	single	True	0.8442668914794922	chip_tf	RAD21	
EFO:0001203 TF ChIP-seq RAD51	.	TF ChIP-seq	EFO:0001203	MCF-7	cell_line	adult		encode	paired	False	0.8033204674720764	chip_tf	RAD51	
EFO:0001203 TF ChIP-seq REST	.	TF ChIP-seq	EFO:0001203	MCF-7	cell_line	adult		encode	single	False	0.9930796027183533	chip_tf	REST	
EFO:0001203 TF ChIP-seq RFX1	.	TF ChIP-seq	EFO:0001203	MCF-7	cell_line	adult		encode	paired	False	0.7430601119995117	chip_tf	RFX1	
EFO:0001203 TF ChIP-seq RFX5	.	TF ChIP-seq	EFO:0001203	MCF-7	cell_line	adult		encode	paired	False	0.7860402464866638	chip_tf	RFX5	
EFO:0001203 TF ChIP-seq SIN3A	.	TF ChIP-seq	EFO:0001203	MCF-7	cell_line	adult		encode	paired	False	0.7774294018745422	chip_tf	SIN3A	
EFO:0001203 TF ChIP-seq SMARCE1	.	TF ChIP-seq	EFO:0001203	MCF-7	cell_line	adult		encode	paired	False	0.8304082155227661	chip_tf	SMARCE1	
EFO:0001203 TF ChIP-seq SPDEF genetically modified (insertion) using CRISPR targeting H. sapiens SPDEF	.	TF ChIP-seq	EFO:0001203	MCF-7	cell_line	adult		encode	paired	True	0.7863720655441284	chip_tf	SPDEF	
EFO:0001203 TF ChIP-seq SRF	.	TF ChIP-seq	EFO:0001203	MCF-7	cell_line	adult		encode	single	False	0.8488399386405945	chip_tf	SRF	
EFO:0001203 TF ChIP-seq SUZ12	.	TF ChIP-seq	EFO:0001203	MCF-7	cell_line	adult		encode	paired	False	0.777270495891571	chip_tf	SUZ12	
EFO:0001203 TF ChIP-seq TAF1	.	TF ChIP-seq	EFO:0001203	MCF-7	cell_line	adult		encode	single	False	0.9325705766677856	chip_tf	TAF1	
EFO:0001203 TF ChIP-seq TARDBP	.	TF ChIP-seq	EFO:0001203	MCF-7	cell_line	adult		encode	paired	False	0.7913354635238647	chip_tf	TARDBP	
EFO:0001203 TF ChIP-seq TCF12	.	TF ChIP-seq	EFO:0001203	MCF-7	cell_line	adult		encode	single	False	0.9399077296257019	chip_tf	TCF12	
EFO:0001203 TF ChIP-seq TCF7L2	.	TF ChIP-seq	EFO:0001203	MCF-7	cell_line	adult		encode	single	False	0.7937309741973877	chip_tf	TCF7L2	
EFO:0001203 TF ChIP-seq TEAD4	.	TF ChIP-seq	EFO:0001203	MCF-7	cell_line	adult		encode	single	False	0.9880518317222595	chip_tf	TEAD4	
EFO:0001203 TF ChIP-seq TOE1	.	TF ChIP-seq	EFO:0001203	MCF-7	cell_line	adult		encode	paired	False	0.7869079113006592	chip_tf	TOE1	
EFO:0001203 TF ChIP-seq TRIM22	.	TF ChIP-seq	EFO:0001203	MCF-7	cell_line	adult		encode	paired	False	0.7673547267913818	chip_tf	TRIM22	
EFO:0001203 TF ChIP-seq ZBTB40	.	TF ChIP-seq	EFO:0001203	MCF-7	cell_line	adult		encode	paired	False	0.7475370168685913	chip_tf	ZBTB40	
EFO:0001203 TF ChIP-seq ZFX	.	TF ChIP-seq	EFO:0001203	MCF-7	cell_line	adult		encode	paired	False	0.596068799495697	chip_tf	ZFX	
EFO:0001203 TF ChIP-seq ZHX2	.	TF ChIP-seq	EFO:0001203	MCF-7	cell_line	adult		encode	single	False	0.9741707444190979	chip_tf	ZHX2	
EFO:0001203 TF ChIP-seq ZNF217	.	TF ChIP-seq	EFO:0001203	MCF-7	cell_line	adult		encode	paired	False	0.7476333379745483	chip_tf	ZNF217	
EFO:0001203 TF ChIP-seq ZNF24	.	TF ChIP-seq	EFO:0001203	MCF-7	cell_line	adult		encode	paired	False	0.7968990206718445	chip_tf	ZNF24	
EFO:0001203 TF ChIP-seq ZNF444	.	TF ChIP-seq	EFO:0001203	MCF-7	cell_line	adult		encode	paired	False	0.7804219126701355	chip_tf	ZNF444	
EFO:0001203 TF ChIP-seq ZNF574	.	TF ChIP-seq	EFO:0001203	MCF-7	cell_line	adult		encode	paired	False	0.7526801228523254	chip_tf	ZNF574	
EFO:0001203 TF ChIP-seq ZNF579	.	TF ChIP-seq	EFO:0001203	MCF-7	cell_line	adult		encode	paired	False	0.7732386589050293	chip_tf	ZNF579	
EFO:0001203 TF ChIP-seq ZNF687	.	TF ChIP-seq	EFO:0001203	MCF-7	cell_line	adult		encode	paired	False	0.7778093218803406	chip_tf	ZNF687	
EFO:0001247 TF ChIP-seq JUND	.	TF ChIP-seq	EFO:0001247	T47D	cell_line	adult		encode	single	False	0.8883627653121948	chip_tf	JUND	
EFO:0001260 TF ChIP-seq CTCF	.	TF ChIP-seq	EFO:0001260	WI38	cell_line	unknown		encode	single	False	1.2429898977279663	chip_tf	CTCF	
EFO:0002067 TF ChIP-seq ADNP stably expressing C-terminal eGFP-tagged ADNP	.	TF ChIP-seq	EFO:0002067	K562	cell_line	adult		encode	single	True	0.6634426712989807	chip_tf	ADNP	
EFO:0002067 TF ChIP-seq AFF1	.	TF ChIP-seq	EFO:0002067	K562	cell_line	adult		encode	paired	False	0.6918033361434937	chip_tf	AFF1	
EFO:0002067 TF ChIP-seq AFF4 genetically modified (insertion) using CRISPR targeting H. sapiens AFF4	.	TF ChIP-seq	EFO:0002067	K562	cell_line	adult		encode	single	True	0.8278899192810059	chip_tf	AFF4	
EFO:0002067 TF ChIP-seq AGO1	.	TF ChIP-seq	EFO:0002067	K562	cell_line	adult		encode	single	False	1.2430368661880493	chip_tf	AGO1	
EFO:0002067 TF ChIP-seq ARID1B	.	TF ChIP-seq	EFO:0002067	K562	cell_line	adult		encode	paired	False	0.6704846620559692	chip_tf	ARID1B	
EFO:0002067 TF ChIP-seq ARID3A	.	TF ChIP-seq	EFO:0002067	K562	cell_line	adult		encode	single	False	1.01883864402771	chip_tf	ARID3A	
EFO:0002067 TF ChIP-seq ARID4B genetically modified (insertion) using CRISPR targeting H. sapiens ARID4B	.	TF ChIP-seq	EFO:0002067	K562	cell_line	adult		encode	single	True	0.7715880870819092	chip_tf	ARID4B	
EFO:0002067 TF ChIP-seq ARNT	.	TF ChIP-seq	EFO:0002067	K562	cell_line	adult		encode	paired	False	0.7356583476066589	chip_tf	ARNT	
EFO:0002067 TF ChIP-seq ASH1L	.	TF ChIP-seq	EFO:0002067	K562	cell_line	adult		encode	paired	False	0.7389912605285645	chip_tf	ASH1L	
EFO:0002067 TF ChIP-seq ATF1	.	TF ChIP-seq	EFO:0002067	K562	cell_line	adult		encode	single	False	0.932928204536438	chip_tf	ATF1	
EFO:0002067 TF ChIP-seq ATF1 genetically modified (insertion) using CRISPR targeting H. sapiens ATF1	.	TF ChIP-seq	EFO:0002067	K562	cell_line	adult		encode	single	True	0.8346529006958008	chip_tf	ATF1	
EFO:0002067 TF ChIP-seq ATF1 stably expressing C-terminal eGFP-tagged ATF1	.	TF ChIP-seq	EFO:0002067	K562	cell_line	adult		encode	paired	True	0.717806339263916	chip_tf	ATF1	
EFO:0002067 TF ChIP-seq ATF2	.	TF ChIP-seq	EFO:0002067	K562	cell_line	adult		encode	paired	False	0.8051930665969849	chip_tf	ATF2	
EFO:0002067 TF ChIP-seq ATF3	.	TF ChIP-seq	EFO:0002067	K562	cell_line	adult		encode	paired	False	0.6938161849975586	chip_tf	ATF3	
EFO:0002067 TF ChIP-seq ATF3 genetically modified (insertion) using CRISPR targeting H. sapiens ATF3	.	TF ChIP-seq	EFO:0002067	K562	cell_line	adult		encode	single	True	0.7645806670188904	chip_tf	ATF3	
EFO:0002067 TF ChIP-seq ATF3 stably expressing C-terminal eGFP-tagged ATF3	.	TF ChIP-seq	EFO:0002067	K562	cell_line	adult		encode	paired	True	0.6668583154678345	chip_tf	ATF3	
EFO:0002067 TF ChIP-seq ATF4	.	TF ChIP-seq	EFO:0002067	K562	cell_line	adult		encode	paired	False	0.7492426037788391	chip_tf	ATF4	
EFO:0002067 TF ChIP-seq ATF4 genetically modified (insertion) using CRISPR targeting H. sapiens ATF4	.	TF ChIP-seq	EFO:0002067	K562	cell_line	adult		encode	paired	True	0.7662009596824646	chip_tf	ATF4	
EFO:0002067 TF ChIP-seq ATF7	.	TF ChIP-seq	EFO:0002067	K562	cell_line	adult		encode	paired	False	0.7061840891838074	chip_tf	ATF7	
EFO:0002067 TF ChIP-seq BACH1 stably expressing N-terminal eGFP-tagged BACH1	.	TF ChIP-seq	EFO:0002067	K562	cell_line	adult		encode	single	True	0.7325031757354736	chip_tf	BACH1	
EFO:0002067 TF ChIP-seq BCLAF1	.	TF ChIP-seq	EFO:0002067	K562	cell_line	adult		encode	single	False	1.0183888673782349	chip_tf	BCLAF1	
EFO:0002067 TF ChIP-seq BCOR	.	TF ChIP-seq	EFO:0002067	K562	cell_line	adult		encode	paired	False	0.7481292486190796	chip_tf	BCOR	
EFO:0002067 TF ChIP-seq BHLHE40	.	TF ChIP-seq	EFO:0002067	K562	cell_line	adult		encode	single	False	0.8574661612510681	chip_tf	BHLHE40	
EFO:0002067 TF ChIP-seq BRD4	.	TF ChIP-seq	EFO:0002067	K562	cell_line	adult		encode	single	False	0.7786976099014282	chip_tf	BRD4	
EFO:0002067 TF ChIP-seq BRD9	.	TF ChIP-seq	EFO:0002067	K562	cell_line	adult		encode	paired	False	0.7714842557907104	chip_tf	BRD9	
EFO:0002067 TF ChIP-seq BRF2	.	TF ChIP-seq	EFO:0002067	K562	cell_line	adult		encode	single	False	1.5193694829940796	chip_tf	BRF2	
EFO:0002067 TF ChIP-seq C11orf30	.	TF ChIP-seq	EFO:0002067	K562	cell_line	adult		encode	paired	False	0.6974469423294067	chip_tf	C11orf30	
EFO:0002067 TF ChIP-seq CBFA2T2	.	TF ChIP-seq	EFO:0002067	K562	cell_line	adult		encode	paired	False	0.7172864675521851	chip_tf	CBFA2T2	
EFO:0002067 TF ChIP-seq CBFA2T3	.	TF ChIP-seq	EFO:0002067	K562	cell_line	adult		encode	paired	False	0.6633472442626953	chip_tf	CBFA2T3	
EFO:0002067 TF ChIP-seq CBFB genetically modified (insertion) using CRISPR targeting H. sapiens CBFB	.	TF ChIP-seq	EFO:0002067	K562	cell_line	adult		encode	single	True	0.8151785731315613	chip_tf	CBFB	
EFO:0002067 TF ChIP-seq CBX1	.	TF ChIP-seq	EFO:0002067	K562	cell_line	adult		encode	single	False	1.170633316040039	chip_tf	CBX1	
EFO:0002067 TF ChIP-seq CBX3	.	TF ChIP-seq	EFO:0002067	K562	cell_line	adult		encode	single	False	0.8604418635368347	chip_tf	CBX3	
EFO:0002067 TF ChIP-seq CC2D1A	.	TF ChIP-seq	EFO:0002067	K562	cell_line	adult		encode	paired	False	0.7487345933914185	chip_tf	CC2D1A	
EFO:0002067 TF ChIP-seq CEBPB	.	TF ChIP-seq	EFO:0002067	K562	cell_line	adult		encode	single	False	0.9962054491043091	chip_tf	CEBPB	
EFO:0002067 TF ChIP-seq CEBPB stably expressing C-terminal eGFP-tagged CEBPB	.	TF ChIP-seq	EFO:0002067	K562	cell_line	adult		encode	paired	True	0.7347829937934875	chip_tf	CEBPB	
EFO:0002067 TF ChIP-seq CEBPG genetically modified (insertion) using CRISPR targeting H. sapiens CEBPG	.	TF ChIP-seq	EFO:0002067	K562	cell_line	adult		encode	single	True	0.7904068231582642	chip_tf	CEBPG	
EFO:0002067 TF ChIP-seq CEBPG stably expressing C-terminal eGFP-tagged CEBPG	.	TF ChIP-seq	EFO:0002067	K562	cell_line	adult		encode	paired	True	0.7784750461578369	chip_tf	CEBPG	
EFO:0002067 TF ChIP-seq CHAMP1	.	TF ChIP-seq	EFO:0002067	K562	cell_line	adult		encode	paired	False	0.6980448961257935	chip_tf	CHAMP1	
EFO:0002067 TF ChIP-seq CHD1	.	TF ChIP-seq	EFO:0002067	K562	cell_line	adult		encode	single	False	1.0253654718399048	chip_tf	CHD1	
EFO:0002067 TF ChIP-seq CHD2	.	TF ChIP-seq	EFO:0002067	K562	cell_line	adult		encode	single	False	0.9787920713424683	chip_tf	CHD2	
EFO:0002067 TF ChIP-seq COPS2	.	TF ChIP-seq	EFO:0002067	K562	cell_line	adult		encode	paired	False	0.7520030736923218	chip_tf	COPS2	
EFO:0002067 TF ChIP-seq CREB1	.	TF ChIP-seq	EFO:0002067	K562	cell_line	adult		encode	single	False	0.8838227987289429	chip_tf	CREB1	
EFO:0002067 TF ChIP-seq CREB1 genetically modified (insertion) using CRISPR targeting H. sapiens CREB1	.	TF ChIP-seq	EFO:0002067	K562	cell_line	adult		encode	single	True	0.7677785158157349	chip_tf	CREB1	
EFO:0002067 TF ChIP-seq CREB3 stably expressing C-terminal eGFP-tagged CREB3	.	TF ChIP-seq	EFO:0002067	K562	cell_line	adult		encode	paired	True	0.7995487451553345	chip_tf	CREB3	
EFO:0002067 TF ChIP-seq CREB3L1	.	TF ChIP-seq	EFO:0002067	K562	cell_line	adult		encode	paired	False	0.7718307971954346	chip_tf	CREB3L1	
EFO:0002067 TF ChIP-seq CREM	.	TF ChIP-seq	EFO:0002067	K562	cell_line	adult		encode	single	False	0.9987030625343323	chip_tf	CREM	
EFO:0002067 TF ChIP-seq CTBP1	.	TF ChIP-seq	EFO:0002067	K562	cell_line	adult		encode	paired	False	0.7195405960083008	chip_tf	CTBP1	
EFO:0002067 TF ChIP-seq CTCF	.	TF ChIP-seq	EFO:0002067	K562	cell_line	adult		encode	single	False	0.9440202116966248	chip_tf	CTCF	
EFO:0002067 TF ChIP-seq CUX1 genetically modified (insertion) using CRISPR targeting H. sapiens CUX1	.	TF ChIP-seq	EFO:0002067	K562	cell_line	adult		encode	single	True	0.7541698813438416	chip_tf	CUX1	
EFO:0002067 TF ChIP-seq CXXC5 genetically modified (insertion) using CRISPR targeting H. sapiens CXXC5	.	TF ChIP-seq	EFO:0002067	K562	cell_line	adult		encode	paired	True	0.7240854501724243	chip_tf	CXXC5	
EFO:0002067 TF ChIP-seq DACH1	.	TF ChIP-seq	EFO:0002067	K562	cell_line	adult		encode	paired	False	0.7435398697853088	chip_tf	DACH1	
EFO:0002067 TF ChIP-seq DDX20	.	TF ChIP-seq	EFO:0002067	K562	cell_line	adult		encode	paired	False	0.7894079685211182	chip_tf	DDX20	
EFO:0002067 TF ChIP-seq DEAF1	.	TF ChIP-seq	EFO:0002067	K562	cell_line	adult		encode	single	False	0.9108900427818298	chip_tf	DEAF1	
EFO:0002067 TF ChIP-seq DEAF1 genetically modified (insertion) using CRISPR targeting H. sapiens DEAF1	.	TF ChIP-seq	EFO:0002067	K562	cell_line	adult		encode	paired	True	0.7383613586425781	chip_tf	DEAF1	
EFO:0002067 TF ChIP-seq DIDO1 stably expressing C-terminal eGFP-tagged DIDO1	.	TF ChIP-seq	EFO:0002067	K562	cell_line	adult		encode	paired	True	0.8126928806304932	chip_tf	DIDO1	
EFO:0002067 TF ChIP-seq DMBX1 genetically modified (insertion) using CRISPR targeting H. sapiens DMBX1	.	TF ChIP-seq	EFO:0002067	K562	cell_line	adult		encode	paired	True	0.7401677966117859	chip_tf	DMBX1	
EFO:0002067 TF ChIP-seq DPF2	.	TF ChIP-seq	EFO:0002067	K562	cell_line	adult		encode	paired	False	0.7370565533638	chip_tf	DPF2	
EFO:0002067 TF ChIP-seq E2F1	.	TF ChIP-seq	EFO:0002067	K562	cell_line	adult		encode	paired	False	0.7955290675163269	chip_tf	E2F1	
EFO:0002067 TF ChIP-seq E2F1 genetically modified (insertion) using CRISPR targeting H. sapiens E2F1	.	TF ChIP-seq	EFO:0002067	K562	cell_line	adult		encode	single	True	0.7711313366889954	chip_tf	E2F1	
EFO:0002067 TF ChIP-seq E2F5 genetically modified (insertion) using CRISPR targeting H. sapiens E2F5	.	TF ChIP-seq	EFO:0002067	K562	cell_line	adult		encode	single	True	0.7133623957633972	chip_tf	E2F5	
EFO:0002067 TF ChIP-seq E2F8	.	TF ChIP-seq	EFO:0002067	K562	cell_line	adult		encode	paired	False	0.7671574950218201	chip_tf	E2F8	
EFO:0002067 TF ChIP-seq E4F1	.	TF ChIP-seq	EFO:0002067	K562	cell_line	adult		encode	paired	False	0.6868494749069214	chip_tf	E4F1	
EFO:0002067 TF ChIP-seq EGR1	.	TF ChIP-seq	EFO:0002067	K562	cell_line	adult		encode	paired	False	0.702231228351593	chip_tf	EGR1	
EFO:0002067 TF ChIP-seq EHMT2	.	TF ChIP-seq	EFO:0002067	K562	cell_line	adult		encode	paired	False	0.7712700963020325	chip_tf	EHMT2	
EFO:0002067 TF ChIP-seq ELF1	.	TF ChIP-seq	EFO:0002067	K562	cell_line	adult		encode	paired	False	0.7661129236221313	chip_tf	ELF1	
EFO:0002067 TF ChIP-seq ELF1 genetically modified (insertion) using CRISPR targeting H. sapiens ELF1	.	TF ChIP-seq	EFO:0002067	K562	cell_line	adult		encode	single	True	0.748539388179779	chip_tf	ELF1	
EFO:0002067 TF ChIP-seq ELF1 stably expressing C-terminal eGFP-tagged ELF1	.	TF ChIP-seq	EFO:0002067	K562	cell_line	adult		encode	single	True	0.676923930644989	chip_tf	ELF1	
EFO:0002067 TF ChIP-seq ELF4	.	TF ChIP-seq	EFO:0002067	K562	cell_line	adult		encode	paired	False	0.8105013966560364	chip_tf	ELF4	
EFO:0002067 TF ChIP-seq ELF4 genetically modified (insertion) using CRISPR targeting H. sapiens ELF4	.	TF ChIP-seq	EFO:0002067	K562	cell_line	adult		encode	paired	True	0.73857182264328	chip_tf	ELF4	
EFO:0002067 TF ChIP-seq EP300	.	TF ChIP-seq	EFO:0002067	K562	cell_line	adult		encode	single	False	0.8454356789588928	chip_tf	EP300	
EFO:0002067 TF ChIP-seq EP400	.	TF ChIP-seq	EFO:0002067	K562	cell_line	adult		encode	paired	False	0.6764782667160034	chip_tf	EP400	
EFO:0002067 TF ChIP-seq ESRRA	.	TF ChIP-seq	EFO:0002067	K562	cell_line	adult		encode	paired	False	0.7577141523361206	chip_tf	ESRRA	
EFO:0002067 TF ChIP-seq ETS1	.	TF ChIP-seq	EFO:0002067	K562	cell_line	adult		encode	single	False	1.0958163738250732	chip_tf	ETS1	
EFO:0002067 TF ChIP-seq ETV1 stably expressing C-terminal eGFP-tagged ETV1	.	TF ChIP-seq	EFO:0002067	K562	cell_line	adult		encode	paired	True	0.7398883700370789	chip_tf	ETV1	
EFO:0002067 TF ChIP-seq ETV5 genetically modified (insertion) using CRISPR targeting H. sapiens ETV5	.	TF ChIP-seq	EFO:0002067	K562	cell_line	adult		encode	single	True	0.7966878414154053	chip_tf	ETV5	
EFO:0002067 TF ChIP-seq ETV6	.	TF ChIP-seq	EFO:0002067	K562	cell_line	adult		encode	single	False	0.9625654220581055	chip_tf	ETV6	
EFO:0002067 TF ChIP-seq FOSL1	.	TF ChIP-seq	EFO:0002067	K562	cell_line	adult		encode	single	False	1.1641149520874023	chip_tf	FOSL1	
EFO:0002067 TF ChIP-seq FOSL1 stably expressing C-terminal eGFP-tagged FOSL1	.	TF ChIP-seq	EFO:0002067	K562	cell_line	adult		encode	single	True	0.6668928861618042	chip_tf	FOSL1	
EFO:0002067 TF ChIP-seq FOXA3 genetically modified (insertion) using CRISPR targeting H. sapiens FOXA3	.	TF ChIP-seq	EFO:0002067	K562	cell_line	adult		encode	paired	True	0.7465325593948364	chip_tf	FOXA3	
EFO:0002067 TF ChIP-seq FOXJ2 stably expressing C-terminal eGFP-tagged FOXJ2	.	TF ChIP-seq	EFO:0002067	K562	cell_line	adult		encode	single	True	0.7091917395591736	chip_tf	FOXJ2	
EFO:0002067 TF ChIP-seq FOXK2	.	TF ChIP-seq	EFO:0002067	K562	cell_line	adult		encode	paired	False	0.7183144092559814	chip_tf	FOXK2	
EFO:0002067 TF ChIP-seq FOXM1	.	TF ChIP-seq	EFO:0002067	K562	cell_line	adult		encode	paired	False	0.8042746782302856	chip_tf	FOXM1	
EFO:0002067 TF ChIP-seq FOXM1 genetically modified (insertion) using CRISPR targeting H. sapiens FOXM1	.	TF ChIP-seq	EFO:0002067	K562	cell_line	adult		encode	single	True	1.0309560298919678	chip_tf	FOXM1	
EFO:0002067 TF ChIP-seq FOXP1 genetically modified (insertion) using CRISPR targeting H. sapiens FOXP1	.	TF ChIP-seq	EFO:0002067	K562	cell_line	adult		encode	single	True	0.7975869178771973	chip_tf	FOXP1	
EFO:0002067 TF ChIP-seq GABPA stably expressing C-terminal eGFP-tagged GABPA	.	TF ChIP-seq	EFO:0002067	K562	cell_line	adult		encode	single	True	0.6643872261047363	chip_tf	GABPA	
EFO:0002067 TF ChIP-seq GABPB1	.	TF ChIP-seq	EFO:0002067	K562	cell_line	adult		encode	paired	False	0.6490437388420105	chip_tf	GABPB1	
EFO:0002067 TF ChIP-seq GABPB1 genetically modified (insertion) using CRISPR targeting H. sapiens GABPB1	.	TF ChIP-seq	EFO:0002067	K562	cell_line	adult		encode	single	True	0.7636831402778625	chip_tf	GABPB1	
EFO:0002067 TF ChIP-seq GATA1	.	TF ChIP-seq	EFO:0002067	K562	cell_line	adult		encode	single	False	1.0354952812194824	chip_tf	GATA1	
EFO:0002067 TF ChIP-seq GATA2	.	TF ChIP-seq	EFO:0002067	K562	cell_line	adult		encode	single	False	0.9373100399971008	chip_tf	GATA2	
EFO:0002067 TF ChIP-seq GATA2 genetically modified (insertion) using CRISPR targeting H. sapiens GATA2	.	TF ChIP-seq	EFO:0002067	K562	cell_line	adult		encode	single	True	0.7242790460586548	chip_tf	GATA2	
EFO:0002067 TF ChIP-seq GATAD2A	.	TF ChIP-seq	EFO:0002067	K562	cell_line	adult		encode	paired	False	0.7230340242385864	chip_tf	GATAD2A	
EFO:0002067 TF ChIP-seq GATAD2B	.	TF ChIP-seq	EFO:0002067	K562	cell_line	adult		encode	paired	False	0.7301141619682312	chip_tf	GATAD2B	
EFO:0002067 TF ChIP-seq GMEB1	.	TF ChIP-seq	EFO:0002067	K562	cell_line	adult		encode	paired	False	0.6824285984039307	chip_tf	GMEB1	
EFO:0002067 TF ChIP-seq GMEB1 genetically modified (insertion) using CRISPR targeting H. sapiens GMEB1	.	TF ChIP-seq	EFO:0002067	K562	cell_line	adult		encode	paired	True	0.7540484070777893	chip_tf	GMEB1	
EFO:0002067 TF ChIP-seq GTF2E2 stably expressing C-terminal eGFP-tagged GTF2E2	.	TF ChIP-seq	EFO:0002067	K562	cell_line	adult		encode	single	True	0.6712646484375	chip_tf	GTF2E2	
EFO:0002067 TF ChIP-seq GTF2F1	.	TF ChIP-seq	EFO:0002067	K562	cell_line	adult		encode	paired	False	0.7162723541259766	chip_tf	GTF2F1	
EFO:0002067 TF ChIP-seq GTF2I genetically modified (insertion) using CRISPR targeting H. sapiens GTF2I	.	TF ChIP-seq	EFO:0002067	K562	cell_line	adult		encode	paired	True	0.7511771321296692	chip_tf	GTF2I	
EFO:0002067 TF ChIP-seq HCFC1	.	TF ChIP-seq	EFO:0002067	K562	cell_line	adult		encode	single	False	0.9511324167251587	chip_tf	HCFC1	
EFO:0002067 TF ChIP-seq HDAC1	.	TF ChIP-seq	EFO:0002067	K562	cell_line	adult		encode	paired	False	0.7381196022033691	chip_tf	HDAC1	
EFO:0002067 TF ChIP-seq HDAC2	.	TF ChIP-seq	EFO:0002067	K562	cell_line	adult		encode	paired	False	0.7467041611671448	chip_tf	HDAC2	
EFO:0002067 TF ChIP-seq HDAC3	.	TF ChIP-seq	EFO:0002067	K562	cell_line	adult		encode	paired	False	0.7150280475616455	chip_tf	HDAC3	
EFO:0002067 TF ChIP-seq HDGF	.	TF ChIP-seq	EFO:0002067	K562	cell_line	adult		encode	paired	False	0.7410951852798462	chip_tf	HDGF	
EFO:0002067 TF ChIP-seq HES1	.	TF ChIP-seq	EFO:0002067	K562	cell_line	adult		encode	paired	False	0.7935094833374023	chip_tf	HES1	
EFO:0002067 TF ChIP-seq HINFP stably expressing C-terminal eGFP-tagged HINFP	.	TF ChIP-seq	EFO:0002067	K562	cell_line	adult		encode	paired	True	0.763461172580719	chip_tf	HINFP	
EFO:0002067 TF ChIP-seq HLTF	.	TF ChIP-seq	EFO:0002067	K562	cell_line	adult		encode	paired	False	0.7460907101631165	chip_tf	HLTF	
EFO:0002067 TF ChIP-seq HMBOX1	.	TF ChIP-seq	EFO:0002067	K562	cell_line	adult		encode	single	False	0.8168128132820129	chip_tf	HMBOX1	
EFO:0002067 TF ChIP-seq HMG20A genetically modified (insertion) using CRISPR targeting H. sapiens HMG20A	.	TF ChIP-seq	EFO:0002067	K562	cell_line	adult		encode	single	True	0.7397764325141907	chip_tf	HMG20A	
EFO:0002067 TF ChIP-seq HMGXB4 genetically modified (insertion) using CRISPR targeting H. sapiens HMGXB4	.	TF ChIP-seq	EFO:0002067	K562	cell_line	adult		encode	single	True	1.0159698724746704	chip_tf	HMGXB4	
EFO:0002067 TF ChIP-seq HNRNPL	.	TF ChIP-seq	EFO:0002067	K562	cell_line	adult		encode	single	False	1.0656288862228394	chip_tf	HNRNPL	
EFO:0002067 TF ChIP-seq ID3 stably expressing C-terminal eGFP-tagged ID3	.	TF ChIP-seq	EFO:0002067	K562	cell_line	adult		encode	paired	True	0.730577290058136	chip_tf	ID3	
EFO:0002067 TF ChIP-seq IKZF1	.	TF ChIP-seq	EFO:0002067	K562	cell_line	adult		encode	paired	False	0.72087162733078	chip_tf	IKZF1	
EFO:0002067 TF ChIP-seq IRF1 stably expressing C-terminal eGFP-tagged IRF1	.	TF ChIP-seq	EFO:0002067	K562	cell_line	adult		encode	paired	True	0.7621214389801025	chip_tf	IRF1	
EFO:0002067 TF ChIP-seq IRF2	.	TF ChIP-seq	EFO:0002067	K562	cell_line	adult		encode	single	False	0.8517116904258728	chip_tf	IRF2	
EFO:0002067 TF ChIP-seq JUN	.	TF ChIP-seq	EFO:0002067	K562	cell_line	adult		encode	single	False	1.085750699043274	chip_tf	JUN	
EFO:0002067 TF ChIP-seq JUND	.	TF ChIP-seq	EFO:0002067	K562	cell_line	adult		encode	single	False	0.9986217021942139	chip_tf	JUND	
EFO:0002067 TF ChIP-seq JUND stably expressing JUND	.	TF ChIP-seq	EFO:0002067	K562	cell_line	adult		encode	single	True	0.7568706274032593	chip_tf	JUND	
EFO:0002067 TF ChIP-seq KAT7 genetically modified (insertion) using CRISPR targeting H. sapiens KAT7	.	TF ChIP-seq	EFO:0002067	K562	cell_line	adult		encode	single	True	0.7973722219467163	chip_tf	KAT7	
EFO:0002067 TF ChIP-seq KDM1A	.	TF ChIP-seq	EFO:0002067	K562	cell_line	adult		encode	paired	False	0.6856185793876648	chip_tf	KDM1A	
EFO:0002067 TF ChIP-seq KDM4B	.	TF ChIP-seq	EFO:0002067	K562	cell_line	adult		encode	single	False	1.1400146484375	chip_tf	KDM4B	
EFO:0002067 TF ChIP-seq KLF16	.	TF ChIP-seq	EFO:0002067	K562	cell_line	adult		encode	single	False	0.8529425263404846	chip_tf	KLF16	
EFO:0002067 TF ChIP-seq L3MBTL2	.	TF ChIP-seq	EFO:0002067	K562	cell_line	adult		encode	paired	False	0.7028407454490662	chip_tf	L3MBTL2	
EFO:0002067 TF ChIP-seq LCOR genetically modified (insertion) using CRISPR targeting H. sapiens LCOR	.	TF ChIP-seq	EFO:0002067	K562	cell_line	adult		encode	single	True	0.8215567469596863	chip_tf	LCOR	
EFO:0002067 TF ChIP-seq LEF1	.	TF ChIP-seq	EFO:0002067	K562	cell_line	adult		encode	paired	False	0.7407509088516235	chip_tf	LEF1	
EFO:0002067 TF ChIP-seq MAFF	.	TF ChIP-seq	EFO:0002067	K562	cell_line	adult		encode	single	False	0.9088340401649475	chip_tf	MAFF	
EFO:0002067 TF ChIP-seq MAFG stably expressing C-terminal eGFP-tagged MAFG	.	TF ChIP-seq	EFO:0002067	K562	cell_line	adult		encode	paired	True	0.7313457727432251	chip_tf	MAFG	
EFO:0002067 TF ChIP-seq MAFK	.	TF ChIP-seq	EFO:0002067	K562	cell_line	adult		encode	single	False	0.8063668012619019	chip_tf	MAFK	
EFO:0002067 TF ChIP-seq MAX	.	TF ChIP-seq	EFO:0002067	K562	cell_line	adult		encode	single	False	1.3992334604263306	chip_tf	MAX	
EFO:0002067 TF ChIP-seq MAX genetically modified (insertion) using CRISPR targeting H. sapiens MAX	.	TF ChIP-seq	EFO:0002067	K562	cell_line	adult		encode	single	True	0.872469425201416	chip_tf	MAX	
EFO:0002067 TF ChIP-seq MAZ	.	TF ChIP-seq	EFO:0002067	K562	cell_line	adult		encode	single	False	1.0348985195159912	chip_tf	MAZ	
EFO:0002067 TF ChIP-seq MAZ genetically modified (insertion) using CRISPR targeting H. sapiens MAZ	.	TF ChIP-seq	EFO:0002067	K562	cell_line	adult		encode	paired	True	0.735535204410553	chip_tf	MAZ	
EFO:0002067 TF ChIP-seq MBD2	.	TF ChIP-seq	EFO:0002067	K562	cell_line	adult		encode	single	False	0.8956447839736938	chip_tf	MBD2	
EFO:0002067 TF ChIP-seq MCM5	.	TF ChIP-seq	EFO:0002067	K562	cell_line	adult		encode	paired	False	0.8113334774971008	chip_tf	MCM5	
EFO:0002067 TF ChIP-seq MEF2A	.	TF ChIP-seq	EFO:0002067	K562	cell_line	adult		encode	single	False	0.9906611442565918	chip_tf	MEF2A	
EFO:0002067 TF ChIP-seq MEF2D stably expressing C-terminal eGFP-tagged MEF2D	.	TF ChIP-seq	EFO:0002067	K562	cell_line	adult		encode	paired	True	0.7657760381698608	chip_tf	MEF2D	
EFO:0002067 TF ChIP-seq MEIS2	.	TF ChIP-seq	EFO:0002067	K562	cell_line	adult		encode	paired	False	0.7263625860214233	chip_tf	MEIS2	
EFO:0002067 TF ChIP-seq MGA	.	TF ChIP-seq	EFO:0002067	K562	cell_line	adult		encode	paired	False	0.6909405589103699	chip_tf	MGA	
EFO:0002067 TF ChIP-seq MIER1	.	TF ChIP-seq	EFO:0002067	K562	cell_line	adult		encode	paired	False	0.7461676597595215	chip_tf	MIER1	
EFO:0002067 TF ChIP-seq MITF	.	TF ChIP-seq	EFO:0002067	K562	cell_line	adult		encode	single	False	0.9986672401428223	chip_tf	MITF	
EFO:0002067 TF ChIP-seq MLLT1	.	TF ChIP-seq	EFO:0002067	K562	cell_line	adult		encode	paired	False	0.7123726010322571	chip_tf	MLLT1	
EFO:0002067 TF ChIP-seq MNT	.	TF ChIP-seq	EFO:0002067	K562	cell_line	adult		encode	paired	False	0.6763564944267273	chip_tf	MNT	
EFO:0002067 TF ChIP-seq MTA1	.	TF ChIP-seq	EFO:0002067	K562	cell_line	adult		encode	paired	False	0.7559935450553894	chip_tf	MTA1	
EFO:0002067 TF ChIP-seq MTA2	.	TF ChIP-seq	EFO:0002067	K562	cell_line	adult		encode	paired	False	0.7650761008262634	chip_tf	MTA2	
EFO:0002067 TF ChIP-seq MTA3	.	TF ChIP-seq	EFO:0002067	K562	cell_line	adult		encode	paired	False	0.7320027351379395	chip_tf	MTA3	
EFO:0002067 TF ChIP-seq MXI1	.	TF ChIP-seq	EFO:0002067	K562	cell_line	adult		encode	single	False	0.9615965485572815	chip_tf	MXI1	
EFO:0002067 TF ChIP-seq MYC	.	TF ChIP-seq	EFO:0002067	K562	cell_line	adult		encode	single	False	1.0358119010925293	chip_tf	MYC	
EFO:0002067 TF ChIP-seq MYC genetically modified (insertion) using CRISPR targeting H. sapiens MYC	.	TF ChIP-seq	EFO:0002067	K562	cell_line	adult		encode	paired	True	0.7483974099159241	chip_tf	MYC	
EFO:0002067 TF ChIP-seq MYNN	.	TF ChIP-seq	EFO:0002067	K562	cell_line	adult		encode	single	False	0.9493129253387451	chip_tf	MYNN	
EFO:0002067 TF ChIP-seq NBN	.	TF ChIP-seq	EFO:0002067	K562	cell_line	adult		encode	paired	False	0.7579705119132996	chip_tf	NBN	
EFO:0002067 TF ChIP-seq NCOA1	.	TF ChIP-seq	EFO:0002067	K562	cell_line	adult		encode	paired	False	0.7958565950393677	chip_tf	NCOA1	
EFO:0002067 TF ChIP-seq NCOR1	.	TF ChIP-seq	EFO:0002067	K562	cell_line	adult		encode	paired	False	0.6930427551269531	chip_tf	NCOR1	
EFO:0002067 TF ChIP-seq NEUROD1	.	TF ChIP-seq	EFO:0002067	K562	cell_line	adult		encode	single	False	1.0804558992385864	chip_tf	NEUROD1	
EFO:0002067 TF ChIP-seq NFATC3	.	TF ChIP-seq	EFO:0002067	K562	cell_line	adult		encode	paired	False	0.764166533946991	chip_tf	NFATC3	
EFO:0002067 TF ChIP-seq NFE2	.	TF ChIP-seq	EFO:0002067	K562	cell_line	adult		encode	single	False	0.9422093033790588	chip_tf	NFE2	
EFO:0002067 TF ChIP-seq NFE2 stably expressing C-terminal eGFP-tagged NFE2	.	TF ChIP-seq	EFO:0002067	K562	cell_line	adult		encode	paired	True	0.791631281375885	chip_tf	NFE2	
EFO:0002067 TF ChIP-seq NFIC	.	TF ChIP-seq	EFO:0002067	K562	cell_line	adult		encode	paired	False	0.6981591582298279	chip_tf	NFIC	
EFO:0002067 TF ChIP-seq NFRKB	.	TF ChIP-seq	EFO:0002067	K562	cell_line	adult		encode	paired	False	0.813463032245636	chip_tf	NFRKB	
EFO:0002067 TF ChIP-seq NFYA genetically modified (insertion) using CRISPR targeting H. sapiens NFYA	.	TF ChIP-seq	EFO:0002067	K562	cell_line	adult		encode	single	True	0.7262218594551086	chip_tf	NFYA	
EFO:0002067 TF ChIP-seq NKRF	.	TF ChIP-seq	EFO:0002067	K562	cell_line	adult		encode	paired	False	0.7450549006462097	chip_tf	NKRF	
EFO:0002067 TF ChIP-seq NONO	.	TF ChIP-seq	EFO:0002067	K562	cell_line	adult		encode	paired	False	0.8359594941139221	chip_tf	NONO	
EFO:0002067 TF ChIP-seq NR0B1	.	TF ChIP-seq	EFO:0002067	K562	cell_line	adult		encode	paired	False	0.7410502433776855	chip_tf	NR0B1	
EFO:0002067 TF ChIP-seq NR2C1	.	TF ChIP-seq	EFO:0002067	K562	cell_line	adult		encode	paired	False	0.7046119570732117	chip_tf	NR2C1	
EFO:0002067 TF ChIP-seq NR2C1 stably expressing C-terminal eGFP-tagged NR2C1	.	TF ChIP-seq	EFO:0002067	K562	cell_line	adult		encode	paired	True	0.7335824370384216	chip_tf	NR2C1	
EFO:0002067 TF ChIP-seq NR2C2 genetically modified (insertion) using CRISPR targeting H. sapiens NR2C2	.	TF ChIP-seq	EFO:0002067	K562	cell_line	adult		encode	single	True	0.7981119751930237	chip_tf	NR2C2	
EFO:0002067 TF ChIP-seq NR2C2 stably expressing C-terminal eGFP-tagged NR2C2	.	TF ChIP-seq	EFO:0002067	K562	cell_line	adult		encode	single	True	0.6366416215896606	chip_tf	NR2C2	
EFO:0002067 TF ChIP-seq NR2F1	.	TF ChIP-seq	EFO:0002067	K562	cell_line	adult		encode	paired	False	0.775092601776123	chip_tf	NR2F1	
EFO:0002067 TF ChIP-seq NR2F2	.	TF ChIP-seq	EFO:0002067	K562	cell_line	adult		encode	single	False	0.8620637655258179	chip_tf	NR2F2	
EFO:0002067 TF ChIP-seq NR2F6	.	TF ChIP-seq	EFO:0002067	K562	cell_line	adult		encode	single	False	0.8323673009872437	chip_tf	NR2F6	
EFO:0002067 TF ChIP-seq NR4A1 stably expressing C-terminal eGFP-tagged NR4A1	.	TF ChIP-seq	EFO:0002067	K562	cell_line	adult		encode	paired	True	0.74551922082901	chip_tf	NR4A1	
EFO:0002067 TF ChIP-seq NRF1	.	TF ChIP-seq	EFO:0002067	K562	cell_line	adult		encode	paired	False	0.557276725769043	chip_tf	NRF1	
EFO:0002067 TF ChIP-seq PBX2 stably expressing C-terminal eGFP-tagged PBX2	.	TF ChIP-seq	EFO:0002067	K562	cell_line	adult		encode	paired	True	0.7694199085235596	chip_tf	PBX2	
EFO:0002067 TF ChIP-seq PHF20	.	TF ChIP-seq	EFO:0002067	K562	cell_line	adult		encode	paired	False	0.7365843653678894	chip_tf	PHF20	
EFO:0002067 TF ChIP-seq PHF8	.	TF ChIP-seq	EFO:0002067	K562	cell_line	adult		encode	single	False	0.8206332325935364	chip_tf	PHF8	
EFO:0002067 TF ChIP-seq PKNOX1	.	TF ChIP-seq	EFO:0002067	K562	cell_line	adult		encode	paired	False	0.67368084192276	chip_tf	PKNOX1	
EFO:0002067 TF ChIP-seq PML	.	TF ChIP-seq	EFO:0002067	K562	cell_line	adult		encode	single	False	0.8834584355354309	chip_tf	PML	
EFO:0002067 TF ChIP-seq POLR2A	.	TF ChIP-seq	EFO:0002067	K562	cell_line	adult		encode	paired	False	0.759458601474762	chip_tf	POLR2A	
EFO:0002067 TF ChIP-seq POLR2AphosphoS2	.	TF ChIP-seq	EFO:0002067	K562	cell_line	adult		encode	single	False	1.2719284296035767	chip_tf	POLR2AphosphoS2	
EFO:0002067 TF ChIP-seq POLR2AphosphoS5	.	TF ChIP-seq	EFO:0002067	K562	cell_line	adult		encode	single	False	1.4186197519302368	chip_tf	POLR2AphosphoS5	
EFO:0002067 TF ChIP-seq POLR2B	.	TF ChIP-seq	EFO:0002067	K562	cell_line	adult		encode	paired	False	0.7824667692184448	chip_tf	POLR2B	
EFO:0002067 TF ChIP-seq POLR2G	.	TF ChIP-seq	EFO:0002067	K562	cell_line	adult		encode	single	False	2.0446512699127197	chip_tf	POLR2G	
EFO:0002067 TF ChIP-seq POLR2H stably expressing C-terminal eGFP-tagged POLR2H	.	TF ChIP-seq	EFO:0002067	K562	cell_line	adult		encode	paired	True	0.6736092567443848	chip_tf	POLR2H	
EFO:0002067 TF ChIP-seq PRDM10	.	TF ChIP-seq	EFO:0002067	K562	cell_line	adult		encode	paired	False	0.6672884821891785	chip_tf	PRDM10	
EFO:0002067 TF ChIP-seq RAD21	.	TF ChIP-seq	EFO:0002067	K562	cell_line	adult		encode	single	False	1.2329366207122803	chip_tf	RAD21	
EFO:0002067 TF ChIP-seq RAD21 genetically modified (insertion) using CRISPR targeting H. sapiens RAD21	.	TF ChIP-seq	EFO:0002067	K562	cell_line	adult		encode	paired	True	0.6996537446975708	chip_tf	RAD21	
EFO:0002067 TF ChIP-seq RAD51	.	TF ChIP-seq	EFO:0002067	K562	cell_line	adult		encode	paired	False	0.7685008645057678	chip_tf	RAD51	
EFO:0002067 TF ChIP-seq RB1	.	TF ChIP-seq	EFO:0002067	K562	cell_line	adult		encode	paired	False	0.8225354552268982	chip_tf	RB1	
EFO:0002067 TF ChIP-seq RBFOX2	.	TF ChIP-seq	EFO:0002067	K562	cell_line	adult		encode	single	False	1.26873779296875	chip_tf	RBFOX2	
EFO:0002067 TF ChIP-seq RBM17	.	TF ChIP-seq	EFO:0002067	K562	cell_line	adult		encode	single	False	1.2743581533432007	chip_tf	RBM17	
EFO:0002067 TF ChIP-seq RCOR1	.	TF ChIP-seq	EFO:0002067	K562	cell_line	adult		encode	single	False	0.7984618544578552	chip_tf	RCOR1	
EFO:0002067 TF ChIP-seq REST	.	TF ChIP-seq	EFO:0002067	K562	cell_line	adult		encode	paired	False	0.7299304604530334	chip_tf	REST	
EFO:0002067 TF ChIP-seq REST genetically modified (insertion) using CRISPR targeting H. sapiens REST	.	TF ChIP-seq	EFO:0002067	K562	cell_line	adult		encode	paired	True	0.780738115310669	chip_tf	REST	
EFO:0002067 TF ChIP-seq RFX1	.	TF ChIP-seq	EFO:0002067	K562	cell_line	adult		encode	paired	False	0.6859816312789917	chip_tf	RFX1	
EFO:0002067 TF ChIP-seq RNF2	.	TF ChIP-seq	EFO:0002067	K562	cell_line	adult		encode	single	False	0.8719428777694702	chip_tf	RNF2	
EFO:0002067 TF ChIP-seq SAFB	.	TF ChIP-seq	EFO:0002067	K562	cell_line	adult		encode	single	False	1.0520373582839966	chip_tf	SAFB	
EFO:0002067 TF ChIP-seq SAFB2	.	TF ChIP-seq	EFO:0002067	K562	cell_line	adult		encode	single	False	1.139084815979004	chip_tf	SAFB2	
EFO:0002067 TF ChIP-seq SIN3A	.	TF ChIP-seq	EFO:0002067	K562	cell_line	adult		encode	single	False	1.0979924201965332	chip_tf	SIN3A	
EFO:0002067 TF ChIP-seq SIN3B	.	TF ChIP-seq	EFO:0002067	K562	cell_line	adult		encode	paired	False	0.8410826921463013	chip_tf	SIN3B	
EFO:0002067 TF ChIP-seq SIX5	.	TF ChIP-seq	EFO:0002067	K562	cell_line	adult		encode	single	False	1.1674801111221313	chip_tf	SIX5	
EFO:0002067 TF ChIP-seq SKIL	.	TF ChIP-seq	EFO:0002067	K562	cell_line	adult		encode	paired	False	0.7350330948829651	chip_tf	SKIL	
EFO:0002067 TF ChIP-seq SMAD1	.	TF ChIP-seq	EFO:0002067	K562	cell_line	adult		encode	single	False	0.9776855707168579	chip_tf	SMAD1	
EFO:0002067 TF ChIP-seq SMAD2	.	TF ChIP-seq	EFO:0002067	K562	cell_line	adult		encode	single	False	0.9434632062911987	chip_tf	SMAD2	
EFO:0002067 TF ChIP-seq SMAD4 genetically modified (insertion) using CRISPR targeting H. sapiens SMAD4	.	TF ChIP-seq	EFO:0002067	K562	cell_line	adult		encode	paired	True	0.720896303653717	chip_tf	SMAD4	
EFO:0002067 TF ChIP-seq SMAD5	.	TF ChIP-seq	EFO:0002067	K562	cell_line	adult		encode	single	False	0.9608269333839417	chip_tf	SMAD5	
EFO:0002067 TF ChIP-seq SMARCA4	.	TF ChIP-seq	EFO:0002067	K562	cell_line	adult		encode	paired	False	0.7394760251045227	chip_tf	SMARCA4	
EFO:0002067 TF ChIP-seq SMARCA5	.	TF ChIP-seq	EFO:0002067	K562	cell_line	adult		encode	paired	False	0.7277631163597107	chip_tf	SMARCA5	
EFO:0002067 TF ChIP-seq SMARCC2	.	TF ChIP-seq	EFO:0002067	K562	cell_line	adult		encode	paired	False	0.7676258087158203	chip_tf	SMARCC2	
EFO:0002067 TF ChIP-seq SMARCE1	.	TF ChIP-seq	EFO:0002067	K562	cell_line	adult		encode	paired	False	0.7398307919502258	chip_tf	SMARCE1	
EFO:0002067 TF ChIP-seq SMC3	.	TF ChIP-seq	EFO:0002067	K562	cell_line	adult		encode	single	False	1.3644468784332275	chip_tf	SMC3	
EFO:0002067 TF ChIP-seq SOX6	.	TF ChIP-seq	EFO:0002067	K562	cell_line	adult		encode	paired	False	0.7324685454368591	chip_tf	SOX6	
EFO:0002067 TF ChIP-seq SP1	.	TF ChIP-seq	EFO:0002067	K562	cell_line	adult		encode	paired	False	0.7654118537902832	chip_tf	SP1	
EFO:0002067 TF ChIP-seq SP1 genetically modified (insertion) using CRISPR targeting H. sapiens SP1	.	TF ChIP-seq	EFO:0002067	K562	cell_line	adult		encode	single	True	0.742745578289032	chip_tf	SP1	
EFO:0002067 TF ChIP-seq SPI1	.	TF ChIP-seq	EFO:0002067	K562	cell_line	adult		encode	single	False	1.3911668062210083	chip_tf	SPI1	
EFO:0002067 TF ChIP-seq SRF genetically modified (insertion) using CRISPR targeting H. sapiens SRF	.	TF ChIP-seq	EFO:0002067	K562	cell_line	adult		encode	single	True	0.7424814105033875	chip_tf	SRF	
EFO:0002067 TF ChIP-seq SRSF9	.	TF ChIP-seq	EFO:0002067	K562	cell_line	adult		encode	single	False	1.172098994255066	chip_tf	SRSF9	
EFO:0002067 TF ChIP-seq STAG1 genetically modified (insertion) using CRISPR targeting H. sapiens STAG1	.	TF ChIP-seq	EFO:0002067	K562	cell_line	adult		encode	single	True	0.9183357954025269	chip_tf	STAG1	
EFO:0002067 TF ChIP-seq STAT5A	.	TF ChIP-seq	EFO:0002067	K562	cell_line	adult		encode	single	False	0.8073445558547974	chip_tf	STAT5A	
EFO:0002067 TF ChIP-seq SUPT5H	.	TF ChIP-seq	EFO:0002067	K562	cell_line	adult		encode	paired	False	0.7458620667457581	chip_tf	SUPT5H	
EFO:0002067 TF ChIP-seq TAF7	.	TF ChIP-seq	EFO:0002067	K562	cell_line	adult		encode	single	False	1.1500465869903564	chip_tf	TAF7	
EFO:0002067 TF ChIP-seq TAF7 stably expressing C-terminal eGFP-tagged TAF7	.	TF ChIP-seq	EFO:0002067	K562	cell_line	adult		encode	paired	True	0.7590504884719849	chip_tf	TAF7	
EFO:0002067 TF ChIP-seq TAF9B	.	TF ChIP-seq	EFO:0002067	K562	cell_line	adult		encode	paired	False	0.7239880561828613	chip_tf	TAF9B	
EFO:0002067 TF ChIP-seq TAL1	.	TF ChIP-seq	EFO:0002067	K562	cell_line	adult		encode	paired	False	0.7490862011909485	chip_tf	TAL1	
EFO:0002067 TF ChIP-seq TARDBP	.	TF ChIP-seq	EFO:0002067	K562	cell_line	adult		encode	single	False	0.875562846660614	chip_tf	TARDBP	
EFO:0002067 TF ChIP-seq TBL1XR1	.	TF ChIP-seq	EFO:0002067	K562	cell_line	adult		encode	single	False	0.8442903161048889	chip_tf	TBL1XR1	
EFO:0002067 TF ChIP-seq TCF12	.	TF ChIP-seq	EFO:0002067	K562	cell_line	adult		encode	paired	False	0.7103191018104553	chip_tf	TCF12	
EFO:0002067 TF ChIP-seq TCF3 genetically modified (insertion) using CRISPR targeting H. sapiens TCF3	.	TF ChIP-seq	EFO:0002067	K562	cell_line	adult		encode	single	True	0.7727130651473999	chip_tf	TCF3	
EFO:0002067 TF ChIP-seq TEAD1 genetically modified (insertion) using CRISPR targeting H. sapiens TEAD1	.	TF ChIP-seq	EFO:0002067	K562	cell_line	adult		encode	paired	True	0.760358452796936	chip_tf	TEAD1	
EFO:0002067 TF ChIP-seq TEAD4	.	TF ChIP-seq	EFO:0002067	K562	cell_line	adult		encode	single	False	0.7910444736480713	chip_tf	TEAD4	
EFO:0002067 TF ChIP-seq TFAP4 genetically modified (insertion) using CRISPR targeting H. sapiens TFAP4	.	TF ChIP-seq	EFO:0002067	K562	cell_line	adult		encode	single	True	0.800918459892273	chip_tf	TFAP4	
EFO:0002067 TF ChIP-seq TFCP2 genetically modified (insertion) using CRISPR targeting H. sapiens TFCP2	.	TF ChIP-seq	EFO:0002067	K562	cell_line	adult		encode	paired	True	0.7610214948654175	chip_tf	TFCP2	
EFO:0002067 TF ChIP-seq TFDP1 genetically modified (insertion) using CRISPR targeting H. sapiens TFDP1	.	TF ChIP-seq	EFO:0002067	K562	cell_line	adult		encode	single	True	0.7725210785865784	chip_tf	TFDP1	
EFO:0002067 TF ChIP-seq TFDP1 stably expressing C-terminal eGFP-tagged TFDP1	.	TF ChIP-seq	EFO:0002067	K562	cell_line	adult		encode	single	True	0.686795175075531	chip_tf	TFDP1	
EFO:0002067 TF ChIP-seq TFE3 genetically modified (insertion) using CRISPR targeting H. sapiens TFE3	.	TF ChIP-seq	EFO:0002067	K562	cell_line	adult		encode	paired	True	0.7611032724380493	chip_tf	TFE3	
EFO:0002067 TF ChIP-seq THAP1	.	TF ChIP-seq	EFO:0002067	K562	cell_line	adult		encode	single	False	1.4245359897613525	chip_tf	THAP1	
EFO:0002067 TF ChIP-seq THAP12 genetically modified (insertion) using CRISPR targeting H. sapiens THAP12	.	TF ChIP-seq	EFO:0002067	K562	cell_line	adult		encode	paired	True	0.7734336256980896	chip_tf	THAP12	
EFO:0002067 TF ChIP-seq TOE1	.	TF ChIP-seq	EFO:0002067	K562	cell_line	adult		encode	paired	False	0.7115976810455322	chip_tf	TOE1	
EFO:0002067 TF ChIP-seq TRIM24	.	TF ChIP-seq	EFO:0002067	K562	cell_line	adult		encode	paired	False	0.7081927061080933	chip_tf	TRIM24	
EFO:0002067 TF ChIP-seq TRIM28	.	TF ChIP-seq	EFO:0002067	K562	cell_line	adult		encode	paired	False	0.7611648440361023	chip_tf	TRIM28	
EFO:0002067 TF ChIP-seq U2AF2	.	TF ChIP-seq	EFO:0002067	K562	cell_line	adult		encode	single	False	1.2891260385513306	chip_tf	U2AF2	
EFO:0002067 TF ChIP-seq UBTF	.	TF ChIP-seq	EFO:0002067	K562	cell_line	adult		encode	single	False	0.8744702935218811	chip_tf	UBTF	
EFO:0002067 TF ChIP-seq USF1 genetically modified (insertion) using CRISPR targeting H. sapiens USF1	.	TF ChIP-seq	EFO:0002067	K562	cell_line	adult		encode	single	True	0.8369629979133606	chip_tf	USF1	
EFO:0002067 TF ChIP-seq USF2 genetically modified (insertion) using CRISPR targeting H. sapiens USF2	.	TF ChIP-seq	EFO:0002067	K562	cell_line	adult		encode	single	True	0.681108295917511	chip_tf	USF2	
EFO:0002067 TF ChIP-seq VEZF1 genetically modified (insertion) using CRISPR targeting H. sapiens VEZF1	.	TF ChIP-seq	EFO:0002067	K562	cell_line	adult		encode	single	True	0.6542762517929077	chip_tf	VEZF1	
EFO:0002067 TF ChIP-seq XRCC4	.	TF ChIP-seq	EFO:0002067	K562	cell_line	adult		encode	single	False	2.3625569343566895	chip_tf	XRCC4	
EFO:0002067 TF ChIP-seq XRCC5	.	TF ChIP-seq	EFO:0002067	K562	cell_line	adult		encode	single	False	1.0818839073181152	chip_tf	XRCC5	
EFO:0002067 TF ChIP-seq YY1	.	TF ChIP-seq	EFO:0002067	K562	cell_line	adult		encode	single	False	2.0809175968170166	chip_tf	YY1	
EFO:0002067 TF ChIP-seq ZBTB1 genetically modified (insertion) using CRISPR targeting H. sapiens ZBTB1	.	TF ChIP-seq	EFO:0002067	K562	cell_line	adult		encode	single	True	0.8036295771598816	chip_tf	ZBTB1	
EFO:0002067 TF ChIP-seq ZBTB11	.	TF ChIP-seq	EFO:0002067	K562	cell_line	adult		encode	single	False	0.9554795026779175	chip_tf	ZBTB11	
EFO:0002067 TF ChIP-seq ZBTB11 genetically modified (insertion) using CRISPR targeting H. sapiens ZBTB11	.	TF ChIP-seq	EFO:0002067	K562	cell_line	adult		encode	paired	True	0.7504832744598389	chip_tf	ZBTB11	
EFO:0002067 TF ChIP-seq ZBTB12 genetically modified (insertion) using CRISPR targeting H. sapiens ZBTB12	.	TF ChIP-seq	EFO:0002067	K562	cell_line	adult		encode	paired	True	0.7808088064193726	chip_tf	ZBTB12	
EFO:0002067 TF ChIP-seq ZBTB17 genetically modified (insertion) using CRISPR targeting H. sapiens ZBTB17	.	TF ChIP-seq	EFO:0002067	K562	cell_line	adult		encode	paired	True	0.7335343956947327	chip_tf	ZBTB17	
EFO:0002067 TF ChIP-seq ZBTB2	.	TF ChIP-seq	EFO:0002067	K562	cell_line	adult		encode	paired	False	0.7584373354911804	chip_tf	ZBTB2	
EFO:0002067 TF ChIP-seq ZBTB33	.	TF ChIP-seq	EFO:0002067	K562	cell_line	adult		encode	paired	False	0.7912142872810364	chip_tf	ZBTB33	
EFO:0002067 TF ChIP-seq ZBTB33 genetically modified (insertion) using CRISPR targeting H. sapiens ZBTB33	.	TF ChIP-seq	EFO:0002067	K562	cell_line	adult		encode	single	True	0.7409558892250061	chip_tf	ZBTB33	
EFO:0002067 TF ChIP-seq ZBTB40	.	TF ChIP-seq	EFO:0002067	K562	cell_line	adult		encode	paired	False	0.6905468106269836	chip_tf	ZBTB40	
EFO:0002067 TF ChIP-seq ZBTB40 genetically modified (insertion) using CRISPR targeting H. sapiens ZBTB40	.	TF ChIP-seq	EFO:0002067	K562	cell_line	adult		encode	single	True	0.6986982226371765	chip_tf	ZBTB40	
EFO:0002067 TF ChIP-seq ZBTB7A	.	TF ChIP-seq	EFO:0002067	K562	cell_line	adult		encode	single	False	1.208380937576294	chip_tf	ZBTB7A	
EFO:0002067 TF ChIP-seq ZBTB9 genetically modified (insertion) using CRISPR targeting H. sapiens ZBTB9	.	TF ChIP-seq	EFO:0002067	K562	cell_line	adult		encode	paired	True	0.7413772344589233	chip_tf	ZBTB9	
EFO:0002067 TF ChIP-seq ZC3H8	.	TF ChIP-seq	EFO:0002067	K562	cell_line	adult		encode	paired	False	0.7503007650375366	chip_tf	ZC3H8	
EFO:0002067 TF ChIP-seq ZEB2	.	TF ChIP-seq	EFO:0002067	K562	cell_line	adult		encode	paired	False	0.7449125051498413	chip_tf	ZEB2	
EFO:0002067 TF ChIP-seq ZFP36	.	TF ChIP-seq	EFO:0002067	K562	cell_line	adult		encode	single	False	1.143924593925476	chip_tf	ZFP36	
EFO:0002067 TF ChIP-seq ZFP91	.	TF ChIP-seq	EFO:0002067	K562	cell_line	adult		encode	paired	False	0.7139805555343628	chip_tf	ZFP91	
EFO:0002067 TF ChIP-seq ZFX genetically modified (insertion) using CRISPR targeting H. sapiens ZFX	.	TF ChIP-seq	EFO:0002067	K562	cell_line	adult		encode	single	True	0.6198107600212097	chip_tf	ZFX	
EFO:0002067 TF ChIP-seq ZKSCAN1	.	TF ChIP-seq	EFO:0002067	K562	cell_line	adult		encode	single	False	1.0362964868545532	chip_tf	ZKSCAN1	
EFO:0002067 TF ChIP-seq ZKSCAN8 genetically modified (insertion) using CRISPR targeting H. sapiens ZKSCAN8	.	TF ChIP-seq	EFO:0002067	K562	cell_line	adult		encode	single	True	0.7075083255767822	chip_tf	ZKSCAN8	
EFO:0002067 TF ChIP-seq ZMIZ1	.	TF ChIP-seq	EFO:0002067	K562	cell_line	adult		encode	single	False	0.9531635642051697	chip_tf	ZMIZ1	
EFO:0002067 TF ChIP-seq ZMYM3	.	TF ChIP-seq	EFO:0002067	K562	cell_line	adult		encode	single	False	0.8098875880241394	chip_tf	ZMYM3	
EFO:0002067 TF ChIP-seq ZNF12 genetically modified (insertion) using CRISPR targeting H. sapiens ZNF12	.	TF ChIP-seq	EFO:0002067	K562	cell_line	adult		encode	single	True	0.8228415846824646	chip_tf	ZNF12	
EFO:0002067 TF ChIP-seq ZNF121 genetically modified (insertion) using CRISPR targeting H. sapiens ZNF121	.	TF ChIP-seq	EFO:0002067	K562	cell_line	adult		encode	single	True	0.7805959582328796	chip_tf	ZNF121	
EFO:0002067 TF ChIP-seq ZNF134 genetically modified (insertion) using CRISPR targeting H. sapiens ZNF134	.	TF ChIP-seq	EFO:0002067	K562	cell_line	adult		encode	paired	True	0.7654262781143188	chip_tf	ZNF134	
EFO:0002067 TF ChIP-seq ZNF143 genetically modified (insertion) using CRISPR targeting H. sapiens ZNF143	.	TF ChIP-seq	EFO:0002067	K562	cell_line	adult		encode	single	True	0.7785401344299316	chip_tf	ZNF143	
EFO:0002067 TF ChIP-seq ZNF146 genetically modified (insertion) using CRISPR targeting H. sapiens ZNF146	.	TF ChIP-seq	EFO:0002067	K562	cell_line	adult		encode	single	True	1.1091911792755127	chip_tf	ZNF146	
EFO:0002067 TF ChIP-seq ZNF148 stably expressing C-terminal eGFP-tagged ZNF148	.	TF ChIP-seq	EFO:0002067	K562	cell_line	adult		encode	single	True	0.727380096912384	chip_tf	ZNF148	
EFO:0002067 TF ChIP-seq ZNF175 genetically modified (insertion) using CRISPR targeting H. sapiens ZNF175	.	TF ChIP-seq	EFO:0002067	K562	cell_line	adult		encode	single	True	0.7586915493011475	chip_tf	ZNF175	
EFO:0002067 TF ChIP-seq ZNF184	.	TF ChIP-seq	EFO:0002067	K562	cell_line	adult		encode	paired	False	0.7603538632392883	chip_tf	ZNF184	
EFO:0002067 TF ChIP-seq ZNF197 genetically modified (insertion) using CRISPR targeting H. sapiens ZNF197	.	TF ChIP-seq	EFO:0002067	K562	cell_line	adult		encode	single	True	0.8466202616691589	chip_tf	ZNF197	
EFO:0002067 TF ChIP-seq ZNF239 genetically modified (insertion) using CRISPR targeting H. sapiens ZNF239	.	TF ChIP-seq	EFO:0002067	K562	cell_line	adult		encode	paired	True	0.7505562901496887	chip_tf	ZNF239	
EFO:0002067 TF ChIP-seq ZNF24	.	TF ChIP-seq	EFO:0002067	K562	cell_line	adult		encode	paired	False	0.7610437273979187	chip_tf	ZNF24	
EFO:0002067 TF ChIP-seq ZNF24 stably expressing C-terminal eGFP-tagged ZNF24	.	TF ChIP-seq	EFO:0002067	K562	cell_line	adult		encode	paired	True	0.7622102499008179	chip_tf	ZNF24	
EFO:0002067 TF ChIP-seq ZNF263 genetically modified (insertion) using CRISPR targeting H. sapiens ZNF263	.	TF ChIP-seq	EFO:0002067	K562	cell_line	adult		encode	single	True	0.8663104176521301	chip_tf	ZNF263	
EFO:0002067 TF ChIP-seq ZNF274	.	TF ChIP-seq	EFO:0002067	K562	cell_line	adult		encode	single	False	0.8948808908462524	chip_tf	ZNF274	
EFO:0002067 TF ChIP-seq ZNF281 genetically modified (insertion) using CRISPR targeting H. sapiens ZNF281	.	TF ChIP-seq	EFO:0002067	K562	cell_line	adult		encode	paired	True	0.7336156368255615	chip_tf	ZNF281	
EFO:0002067 TF ChIP-seq ZNF282	.	TF ChIP-seq	EFO:0002067	K562	cell_line	adult		encode	paired	False	0.7545889616012573	chip_tf	ZNF282	
EFO:0002067 TF ChIP-seq ZNF316	.	TF ChIP-seq	EFO:0002067	K562	cell_line	adult		encode	paired	False	0.7226758599281311	chip_tf	ZNF316	
EFO:0002067 TF ChIP-seq ZNF317 genetically modified (insertion) using CRISPR targeting H. sapiens ZNF317	.	TF ChIP-seq	EFO:0002067	K562	cell_line	adult		encode	single	True	0.7820757031440735	chip_tf	ZNF317	
EFO:0002067 TF ChIP-seq ZNF318	.	TF ChIP-seq	EFO:0002067	K562	cell_line	adult		encode	paired	False	0.816116452217102	chip_tf	ZNF318	
EFO:0002067 TF ChIP-seq ZNF319 genetically modified (insertion) using CRISPR targeting H. sapiens ZNF319	.	TF ChIP-seq	EFO:0002067	K562	cell_line	adult		encode	paired	True	0.7530524730682373	chip_tf	ZNF319	
EFO:0002067 TF ChIP-seq ZNF384	.	TF ChIP-seq	EFO:0002067	K562	cell_line	adult		encode	single	False	1.01952064037323	chip_tf	ZNF384	
EFO:0002067 TF ChIP-seq ZNF395 genetically modified (insertion) using CRISPR targeting H. sapiens ZNF395	.	TF ChIP-seq	EFO:0002067	K562	cell_line	adult		encode	single	True	0.6599109172821045	chip_tf	ZNF395	
EFO:0002067 TF ChIP-seq ZNF407	.	TF ChIP-seq	EFO:0002067	K562	cell_line	adult		encode	paired	False	0.7549965381622314	chip_tf	ZNF407	
EFO:0002067 TF ChIP-seq ZNF431 genetically modified (insertion) using CRISPR targeting H. sapiens ZNF431	.	TF ChIP-seq	EFO:0002067	K562	cell_line	adult		encode	single	True	0.8988416790962219	chip_tf	ZNF431	
EFO:0002067 TF ChIP-seq ZNF507 genetically modified (insertion) using CRISPR targeting H. sapiens ZNF507	.	TF ChIP-seq	EFO:0002067	K562	cell_line	adult		encode	paired	True	0.8188410401344299	chip_tf	ZNF507	
EFO:0002067 TF ChIP-seq ZNF507 stably expressing C-terminal eGFP-tagged ZNF507	.	TF ChIP-seq	EFO:0002067	K562	cell_line	adult		encode	paired	True	0.7451781034469604	chip_tf	ZNF507	
EFO:0002067 TF ChIP-seq ZNF511 genetically modified (insertion) using CRISPR targeting H. sapiens ZNF511	.	TF ChIP-seq	EFO:0002067	K562	cell_line	adult		encode	single	True	0.9621068239212036	chip_tf	ZNF511	
EFO:0002067 TF ChIP-seq ZNF512 stably expressing C-terminal eGFP-tagged ZNF512	.	TF ChIP-seq	EFO:0002067	K562	cell_line	adult		encode	paired	True	0.7735694050788879	chip_tf	ZNF512	
EFO:0002067 TF ChIP-seq ZNF584 genetically modified (insertion) using CRISPR targeting H. sapiens ZNF584	.	TF ChIP-seq	EFO:0002067	K562	cell_line	adult		encode	single	True	0.7588493227958679	chip_tf	ZNF584	
EFO:0002067 TF ChIP-seq ZNF589 genetically modified (insertion) using CRISPR targeting H. sapiens ZNF589	.	TF ChIP-seq	EFO:0002067	K562	cell_line	adult		encode	single	True	0.7043750882148743	chip_tf	ZNF589	
EFO:0002067 TF ChIP-seq ZNF592	.	TF ChIP-seq	EFO:0002067	K562	cell_line	adult		encode	paired	False	0.6934133768081665	chip_tf	ZNF592	
EFO:0002067 TF ChIP-seq ZNF639	.	TF ChIP-seq	EFO:0002067	K562	cell_line	adult		encode	paired	False	0.7604506611824036	chip_tf	ZNF639	
EFO:0002067 TF ChIP-seq ZNF639 genetically modified (insertion) using CRISPR targeting H. sapiens ZNF639	.	TF ChIP-seq	EFO:0002067	K562	cell_line	adult		encode	single	True	0.7275359034538269	chip_tf	ZNF639	
EFO:0002067 TF ChIP-seq ZNF644 stably expressing C-terminal eGFP-tagged ZNF644	.	TF ChIP-seq	EFO:0002067	K562	cell_line	adult		encode	single	True	0.7421042323112488	chip_tf	ZNF644	
EFO:0002067 TF ChIP-seq ZNF7 genetically modified (insertion) using CRISPR targeting H. sapiens ZNF7	.	TF ChIP-seq	EFO:0002067	K562	cell_line	adult		encode	single	True	0.9929322600364685	chip_tf	ZNF7	
EFO:0002067 TF ChIP-seq ZNF740 genetically modified (insertion) using CRISPR targeting H. sapiens ZNF740	.	TF ChIP-seq	EFO:0002067	K562	cell_line	adult		encode	single	True	0.8395931124687195	chip_tf	ZNF740	
EFO:0002067 TF ChIP-seq ZNF740 stably expressing C-terminal eGFP-tagged ZNF740	.	TF ChIP-seq	EFO:0002067	K562	cell_line	adult		encode	single	True	0.7609802484512329	chip_tf	ZNF740	
EFO:0002067 TF ChIP-seq ZNF766 genetically modified (insertion) using CRISPR targeting H. sapiens ZNF766	.	TF ChIP-seq	EFO:0002067	K562	cell_line	adult		encode	single	True	0.6957311034202576	chip_tf	ZNF766	
EFO:0002067 TF ChIP-seq ZNF778 genetically modified (insertion) using CRISPR targeting H. sapiens ZNF778	.	TF ChIP-seq	EFO:0002067	K562	cell_line	adult		encode	paired	True	0.7747440338134766	chip_tf	ZNF778	
EFO:0002067 TF ChIP-seq ZNF83 stably expressing C-terminal eGFP-tagged ZNF83	.	TF ChIP-seq	EFO:0002067	K562	cell_line	adult		encode	single	True	0.7454000115394592	chip_tf	ZNF83	
EFO:0002067 TF ChIP-seq ZSCAN29	.	TF ChIP-seq	EFO:0002067	K562	cell_line	adult		encode	paired	False	0.7692245244979858	chip_tf	ZSCAN29	
EFO:0002071 TF ChIP-seq CTCF	.	TF ChIP-seq	EFO:0002071	LNCAP	cell_line	adult		encode	paired	False	0.8256818056106567	chip_tf	CTCF	
EFO:0002074 TF ChIP-seq CTCF	.	TF ChIP-seq	EFO:0002074	PC-3	cell_line	adult		encode	single	False	0.7678418755531311	chip_tf	CTCF	
EFO:0002095 TF ChIP-seq CTCF	.	TF ChIP-seq	EFO:0002095	22Rv1	cell_line	unknown		encode	paired	False	0.8047417998313904	chip_tf	CTCF	
EFO:0002106 TF ChIP-seq CTCF	.	TF ChIP-seq	EFO:0002106	A673	cell_line	child		encode	single	False	0.9041909575462341	chip_tf	CTCF	
EFO:0002167 TF ChIP-seq CTCF	.	TF ChIP-seq	EFO:0002167	DOHH2	cell_line	adult		encode	single	False	0.9119095802307129	chip_tf	CTCF	
EFO:0002323 TF ChIP-seq CTCF	.	TF ChIP-seq	EFO:0002323	RWPE1	cell_line	adult		encode	paired	False	0.7968147397041321	chip_tf	CTCF	
EFO:0002324 TF ChIP-seq POLR2A	.	TF ChIP-seq	EFO:0002324	Raji	cell_line	child		encode	single	False	1.6285711526870728	chip_tf	POLR2A	
EFO:0002713 TF ChIP-seq CTCF	.	TF ChIP-seq	EFO:0002713	Panc1	cell_line	adult		encode	paired	False	0.6075640320777893	chip_tf	CTCF	
EFO:0002713 TF ChIP-seq POLR2AphosphoS5	.	TF ChIP-seq	EFO:0002713	Panc1	cell_line	adult		encode	single	False	1.0583422183990479	chip_tf	POLR2AphosphoS5	
EFO:0002713 TF ChIP-seq REST	.	TF ChIP-seq	EFO:0002713	Panc1	cell_line	adult		encode	single	False	0.9162997603416443	chip_tf	REST	
EFO:0002713 TF ChIP-seq SIN3A	.	TF ChIP-seq	EFO:0002713	Panc1	cell_line	adult		encode	single	False	1.2874321937561035	chip_tf	SIN3A	
EFO:0002713 TF ChIP-seq TCF7L2	.	TF ChIP-seq	EFO:0002713	Panc1	cell_line	adult		encode	single	False	0.9237092137336731	chip_tf	TCF7L2	
EFO:0002717 TF ChIP-seq GATA2	.	TF ChIP-seq	EFO:0002717	SH-SY5Y	cell_line	child		encode	single	False	0.8370505571365356	chip_tf	GATA2	
EFO:0002717 TF ChIP-seq GATA3	.	TF ChIP-seq	EFO:0002717	SH-SY5Y	cell_line	child		encode	single	False	0.8342966437339783	chip_tf	GATA3	
EFO:0002779 TF ChIP-seq CTCF	.	TF ChIP-seq	EFO:0002779	BJ	cell_line	newborn		encode	single	False	1.5481891632080078	chip_tf	CTCF	
EFO:0002782 TF ChIP-seq CTCF	.	TF ChIP-seq	EFO:0002782	H54	cell_line	adult		encode	single	False	0.8849052786827087	chip_tf	CTCF	
EFO:0002782 TF ChIP-seq POLR2A	.	TF ChIP-seq	EFO:0002782	H54	cell_line	adult		encode	single	False	1.3881546258926392	chip_tf	POLR2A	
EFO:0002783 TF ChIP-seq CTCF	.	TF ChIP-seq	EFO:0002783	GM06990	cell_line	unknown		encode	single	False	1.6623926162719727	chip_tf	CTCF	
EFO:0002784 TF ChIP-seq ARID3A	.	TF ChIP-seq	EFO:0002784	GM12878	cell_line	adult		encode	paired	False	0.8466317653656006	chip_tf	ARID3A	
EFO:0002784 TF ChIP-seq ARNT	.	TF ChIP-seq	EFO:0002784	GM12878	cell_line	adult		encode	paired	False	0.763182520866394	chip_tf	ARNT	
EFO:0002784 TF ChIP-seq ATF2	.	TF ChIP-seq	EFO:0002784	GM12878	cell_line	adult		encode	single	False	0.8114324808120728	chip_tf	ATF2	
EFO:0002784 TF ChIP-seq ATF7	.	TF ChIP-seq	EFO:0002784	GM12878	cell_line	adult		encode	paired	False	0.8121883869171143	chip_tf	ATF7	
EFO:0002784 TF ChIP-seq BACH1	.	TF ChIP-seq	EFO:0002784	GM12878	cell_line	adult		encode	paired	False	0.8098840117454529	chip_tf	BACH1	
EFO:0002784 TF ChIP-seq BATF	.	TF ChIP-seq	EFO:0002784	GM12878	cell_line	adult		encode	single	False	1.2688853740692139	chip_tf	BATF	
EFO:0002784 TF ChIP-seq BCL11A	.	TF ChIP-seq	EFO:0002784	GM12878	cell_line	adult		encode	single	False	1.2637768983840942	chip_tf	BCL11A	
EFO:0002784 TF ChIP-seq BCLAF1	.	TF ChIP-seq	EFO:0002784	GM12878	cell_line	adult		encode	single	False	0.8979194164276123	chip_tf	BCLAF1	
EFO:0002784 TF ChIP-seq BHLHE40	.	TF ChIP-seq	EFO:0002784	GM12878	cell_line	adult		encode	paired	False	0.8036395907402039	chip_tf	BHLHE40	
EFO:0002784 TF ChIP-seq BMI1	.	TF ChIP-seq	EFO:0002784	GM12878	cell_line	adult		encode	paired	False	0.7649086713790894	chip_tf	BMI1	
EFO:0002784 TF ChIP-seq CBFB	.	TF ChIP-seq	EFO:0002784	GM12878	cell_line	adult		encode	single	False	0.9959642887115479	chip_tf	CBFB	
EFO:0002784 TF ChIP-seq CBX5	.	TF ChIP-seq	EFO:0002784	GM12878	cell_line	adult		encode	single	False	1.2796146869659424	chip_tf	CBX5	
EFO:0002784 TF ChIP-seq CHD2	.	TF ChIP-seq	EFO:0002784	GM12878	cell_line	adult		encode	single	False	1.0071414709091187	chip_tf	CHD2	
EFO:0002784 TF ChIP-seq CREB1	.	TF ChIP-seq	EFO:0002784	GM12878	cell_line	adult		encode	single	False	1.0426172018051147	chip_tf	CREB1	
EFO:0002784 TF ChIP-seq CREM	.	TF ChIP-seq	EFO:0002784	GM12878	cell_line	adult		encode	single	False	0.9329168796539307	chip_tf	CREM	
EFO:0002784 TF ChIP-seq CTCF	.	TF ChIP-seq	EFO:0002784	GM12878	cell_line	adult		encode	single	False	0.6975416541099548	chip_tf	CTCF	
EFO:0002784 TF ChIP-seq DPF2	.	TF ChIP-seq	EFO:0002784	GM12878	cell_line	adult		encode	paired	False	0.765080451965332	chip_tf	DPF2	
EFO:0002784 TF ChIP-seq E4F1	.	TF ChIP-seq	EFO:0002784	GM12878	cell_line	adult		encode	paired	False	0.8697091937065125	chip_tf	E4F1	
EFO:0002784 TF ChIP-seq EBF1	.	TF ChIP-seq	EFO:0002784	GM12878	cell_line	adult		encode	single	False	1.1038413047790527	chip_tf	EBF1	
EFO:0002784 TF ChIP-seq EED	.	TF ChIP-seq	EFO:0002784	GM12878	cell_line	adult		encode	single	False	0.9315423965454102	chip_tf	EED	
EFO:0002784 TF ChIP-seq EGR1	.	TF ChIP-seq	EFO:0002784	GM12878	cell_line	adult		encode	single	False	1.2793463468551636	chip_tf	EGR1	
EFO:0002784 TF ChIP-seq ELF1	.	TF ChIP-seq	EFO:0002784	GM12878	cell_line	adult		encode	paired	False	0.7402936816215515	chip_tf	ELF1	
EFO:0002784 TF ChIP-seq ELK1	.	TF ChIP-seq	EFO:0002784	GM12878	cell_line	adult		encode	single	False	0.9147463440895081	chip_tf	ELK1	
EFO:0002784 TF ChIP-seq EP300	.	TF ChIP-seq	EFO:0002784	GM12878	cell_line	adult		encode	single	False	0.8372145295143127	chip_tf	EP300	
EFO:0002784 TF ChIP-seq ETS1	.	TF ChIP-seq	EFO:0002784	GM12878	cell_line	adult		encode	single	False	1.1213937997817993	chip_tf	ETS1	
EFO:0002784 TF ChIP-seq ETV6	.	TF ChIP-seq	EFO:0002784	GM12878	cell_line	adult		encode	single	False	0.8782020211219788	chip_tf	ETV6	
EFO:0002784 TF ChIP-seq FOXK2	.	TF ChIP-seq	EFO:0002784	GM12878	cell_line	adult		encode	paired	False	0.7933183908462524	chip_tf	FOXK2	
EFO:0002784 TF ChIP-seq FOXM1	.	TF ChIP-seq	EFO:0002784	GM12878	cell_line	adult		encode	single	False	0.8194576501846313	chip_tf	FOXM1	
EFO:0002784 TF ChIP-seq GABPA	.	TF ChIP-seq	EFO:0002784	GM12878	cell_line	adult		encode	single	False	1.061450719833374	chip_tf	GABPA	
EFO:0002784 TF ChIP-seq GATAD2B	.	TF ChIP-seq	EFO:0002784	GM12878	cell_line	adult		encode	paired	False	0.8049954771995544	chip_tf	GATAD2B	
EFO:0002784 TF ChIP-seq HCFC1	.	TF ChIP-seq	EFO:0002784	GM12878	cell_line	adult		encode	single	False	0.9453191757202148	chip_tf	HCFC1	
EFO:0002784 TF ChIP-seq HDGF	.	TF ChIP-seq	EFO:0002784	GM12878	cell_line	adult		encode	paired	False	0.7890187501907349	chip_tf	HDGF	
EFO:0002784 TF ChIP-seq IKZF1	.	TF ChIP-seq	EFO:0002784	GM12878	cell_line	adult		encode	paired	False	0.6800206899642944	chip_tf	IKZF1	
EFO:0002784 TF ChIP-seq IKZF2	.	TF ChIP-seq	EFO:0002784	GM12878	cell_line	adult		encode	paired	False	0.7160203456878662	chip_tf	IKZF2	
EFO:0002784 TF ChIP-seq IRF4	.	TF ChIP-seq	EFO:0002784	GM12878	cell_line	adult		encode	single	False	1.0405197143554688	chip_tf	IRF4	
EFO:0002784 TF ChIP-seq JUNB	.	TF ChIP-seq	EFO:0002784	GM12878	cell_line	adult		encode	single	False	0.8688349723815918	chip_tf	JUNB	
EFO:0002784 TF ChIP-seq JUND	.	TF ChIP-seq	EFO:0002784	GM12878	cell_line	adult		encode	single	False	1.0850448608398438	chip_tf	JUND	
EFO:0002784 TF ChIP-seq KLF5	.	TF ChIP-seq	EFO:0002784	GM12878	cell_line	adult		encode	paired	False	0.8311827182769775	chip_tf	KLF5	
EFO:0002784 TF ChIP-seq LARP7	.	TF ChIP-seq	EFO:0002784	GM12878	cell_line	adult		encode	paired	False	0.7827554941177368	chip_tf	LARP7	
EFO:0002784 TF ChIP-seq MAFK	.	TF ChIP-seq	EFO:0002784	GM12878	cell_line	adult		encode	single	False	0.9885203242301941	chip_tf	MAFK	
EFO:0002784 TF ChIP-seq MAX	.	TF ChIP-seq	EFO:0002784	GM12878	cell_line	adult		encode	single	False	0.9872282147407532	chip_tf	MAX	
EFO:0002784 TF ChIP-seq MAZ	.	TF ChIP-seq	EFO:0002784	GM12878	cell_line	adult		encode	single	False	0.9108998775482178	chip_tf	MAZ	
EFO:0002784 TF ChIP-seq MAZ genetically modified (insertion) using CRISPR targeting H. sapiens MAZ	.	TF ChIP-seq	EFO:0002784	GM12878	cell_line	adult		encode	paired	True	0.796148419380188	chip_tf	MAZ	
EFO:0002784 TF ChIP-seq MEF2A	.	TF ChIP-seq	EFO:0002784	GM12878	cell_line	adult		encode	single	False	1.2698980569839478	chip_tf	MEF2A	
EFO:0002784 TF ChIP-seq MLLT1	.	TF ChIP-seq	EFO:0002784	GM12878	cell_line	adult		encode	paired	False	0.7722062468528748	chip_tf	MLLT1	
EFO:0002784 TF ChIP-seq MTA2	.	TF ChIP-seq	EFO:0002784	GM12878	cell_line	adult		encode	paired	False	0.7164093852043152	chip_tf	MTA2	
EFO:0002784 TF ChIP-seq MTA3	.	TF ChIP-seq	EFO:0002784	GM12878	cell_line	adult		encode	single	False	0.7905999422073364	chip_tf	MTA3	
EFO:0002784 TF ChIP-seq MXI1	.	TF ChIP-seq	EFO:0002784	GM12878	cell_line	adult		encode	single	False	0.842041015625	chip_tf	MXI1	
EFO:0002784 TF ChIP-seq NBN	.	TF ChIP-seq	EFO:0002784	GM12878	cell_line	adult		encode	paired	False	0.7843272686004639	chip_tf	NBN	
EFO:0002784 TF ChIP-seq NFATC1	.	TF ChIP-seq	EFO:0002784	GM12878	cell_line	adult		encode	single	False	0.8092830777168274	chip_tf	NFATC1	
EFO:0002784 TF ChIP-seq NFIC	.	TF ChIP-seq	EFO:0002784	GM12878	cell_line	adult		encode	single	False	0.8510435223579407	chip_tf	NFIC	
EFO:0002784 TF ChIP-seq NFYB	.	TF ChIP-seq	EFO:0002784	GM12878	cell_line	adult		encode	single	False	1.1820787191390991	chip_tf	NFYB	
EFO:0002784 TF ChIP-seq NKRF	.	TF ChIP-seq	EFO:0002784	GM12878	cell_line	adult		encode	paired	False	0.7874102592468262	chip_tf	NKRF	
EFO:0002784 TF ChIP-seq NR2C1	.	TF ChIP-seq	EFO:0002784	GM12878	cell_line	adult		encode	paired	False	0.801044225692749	chip_tf	NR2C1	
EFO:0002784 TF ChIP-seq NR2F1	.	TF ChIP-seq	EFO:0002784	GM12878	cell_line	adult		encode	paired	False	0.7675148248672485	chip_tf	NR2F1	
EFO:0002784 TF ChIP-seq NRF1	.	TF ChIP-seq	EFO:0002784	GM12878	cell_line	adult		encode	single	False	1.0393208265304565	chip_tf	NRF1	
EFO:0002784 TF ChIP-seq PAX5	.	TF ChIP-seq	EFO:0002784	GM12878	cell_line	adult		encode	single	False	0.9504730701446533	chip_tf	PAX5	
EFO:0002784 TF ChIP-seq PKNOX1	.	TF ChIP-seq	EFO:0002784	GM12878	cell_line	adult		encode	paired	False	0.7586695551872253	chip_tf	PKNOX1	
EFO:0002784 TF ChIP-seq PML	.	TF ChIP-seq	EFO:0002784	GM12878	cell_line	adult		encode	single	False	0.823505163192749	chip_tf	PML	
EFO:0002784 TF ChIP-seq POLR2A	.	TF ChIP-seq	EFO:0002784	GM12878	cell_line	adult		encode	single	False	1.2061704397201538	chip_tf	POLR2A	
EFO:0002784 TF ChIP-seq POLR2AphosphoS2	.	TF ChIP-seq	EFO:0002784	GM12878	cell_line	adult		encode	single	False	1.3626943826675415	chip_tf	POLR2AphosphoS2	
EFO:0002784 TF ChIP-seq POLR2AphosphoS5	.	TF ChIP-seq	EFO:0002784	GM12878	cell_line	adult		encode	single	False	1.2224026918411255	chip_tf	POLR2AphosphoS5	
EFO:0002784 TF ChIP-seq POU2F2	.	TF ChIP-seq	EFO:0002784	GM12878	cell_line	adult		encode	single	False	0.8817843198776245	chip_tf	POU2F2	
EFO:0002784 TF ChIP-seq RAD21	.	TF ChIP-seq	EFO:0002784	GM12878	cell_line	adult		encode	single	False	0.8497679829597473	chip_tf	RAD21	
EFO:0002784 TF ChIP-seq RAD51	.	TF ChIP-seq	EFO:0002784	GM12878	cell_line	adult		encode	paired	False	0.7854951024055481	chip_tf	RAD51	
EFO:0002784 TF ChIP-seq RB1	.	TF ChIP-seq	EFO:0002784	GM12878	cell_line	adult		encode	paired	False	0.8058056831359863	chip_tf	RB1	
EFO:0002784 TF ChIP-seq RELA	.	TF ChIP-seq	EFO:0002784	GM12878	cell_line	adult		encode	paired	False	0.8275986313819885	chip_tf	RELA	
EFO:0002784 TF ChIP-seq RELB	.	TF ChIP-seq	EFO:0002784	GM12878	cell_line	adult		encode	paired	False	0.7890749573707581	chip_tf	RELB	
EFO:0002784 TF ChIP-seq REST	.	TF ChIP-seq	EFO:0002784	GM12878	cell_line	adult		encode	single	False	1.3281280994415283	chip_tf	REST	
EFO:0002784 TF ChIP-seq RFX5	.	TF ChIP-seq	EFO:0002784	GM12878	cell_line	adult		encode	single	False	0.927302360534668	chip_tf	RFX5	
EFO:0002784 TF ChIP-seq RUNX3	.	TF ChIP-seq	EFO:0002784	GM12878	cell_line	adult		encode	single	False	0.7395882606506348	chip_tf	RUNX3	
EFO:0002784 TF ChIP-seq SIN3A	.	TF ChIP-seq	EFO:0002784	GM12878	cell_line	adult		encode	single	False	0.9674800038337708	chip_tf	SIN3A	
EFO:0002784 TF ChIP-seq SMAD1	.	TF ChIP-seq	EFO:0002784	GM12878	cell_line	adult		encode	paired	False	0.8233011960983276	chip_tf	SMAD1	
EFO:0002784 TF ChIP-seq SMAD5	.	TF ChIP-seq	EFO:0002784	GM12878	cell_line	adult		encode	single	False	1.0011628866195679	chip_tf	SMAD5	
EFO:0002784 TF ChIP-seq SMARCA5	.	TF ChIP-seq	EFO:0002784	GM12878	cell_line	adult		encode	paired	False	0.7688422203063965	chip_tf	SMARCA5	
EFO:0002784 TF ChIP-seq SMC3	.	TF ChIP-seq	EFO:0002784	GM12878	cell_line	adult		encode	single	False	0.8684404492378235	chip_tf	SMC3	
EFO:0002784 TF ChIP-seq SP1	.	TF ChIP-seq	EFO:0002784	GM12878	cell_line	adult		encode	single	False	1.6579777002334595	chip_tf	SP1	
EFO:0002784 TF ChIP-seq SPI1	.	TF ChIP-seq	EFO:0002784	GM12878	cell_line	adult		encode	single	False	1.0628377199172974	chip_tf	SPI1	
EFO:0002784 TF ChIP-seq SRF	.	TF ChIP-seq	EFO:0002784	GM12878	cell_line	adult		encode	single	False	1.4463177919387817	chip_tf	SRF	
EFO:0002784 TF ChIP-seq STAT5A	.	TF ChIP-seq	EFO:0002784	GM12878	cell_line	adult		encode	single	False	0.8305513858795166	chip_tf	STAT5A	
EFO:0002784 TF ChIP-seq SUPT20H	.	TF ChIP-seq	EFO:0002784	GM12878	cell_line	adult		encode	single	False	1.0135798454284668	chip_tf	SUPT20H	
EFO:0002784 TF ChIP-seq TAF1	.	TF ChIP-seq	EFO:0002784	GM12878	cell_line	adult		encode	single	False	1.1568516492843628	chip_tf	TAF1	
EFO:0002784 TF ChIP-seq TARDBP	.	TF ChIP-seq	EFO:0002784	GM12878	cell_line	adult		encode	paired	False	0.801723062992096	chip_tf	TARDBP	
EFO:0002784 TF ChIP-seq TBL1XR1	.	TF ChIP-seq	EFO:0002784	GM12878	cell_line	adult		encode	single	False	0.9644992351531982	chip_tf	TBL1XR1	
EFO:0002784 TF ChIP-seq TBP	.	TF ChIP-seq	EFO:0002784	GM12878	cell_line	adult		encode	single	False	0.8730894923210144	chip_tf	TBP	
EFO:0002784 TF ChIP-seq TBX21	.	TF ChIP-seq	EFO:0002784	GM12878	cell_line	adult		encode	paired	False	0.8617342114448547	chip_tf	TBX21	
EFO:0002784 TF ChIP-seq TCF12	.	TF ChIP-seq	EFO:0002784	GM12878	cell_line	adult		encode	paired	False	0.8118125796318054	chip_tf	TCF12	
EFO:0002784 TF ChIP-seq TCF3	.	TF ChIP-seq	EFO:0002784	GM12878	cell_line	adult		encode	single	False	1.753556489944458	chip_tf	TCF3	
EFO:0002784 TF ChIP-seq TCF7	.	TF ChIP-seq	EFO:0002784	GM12878	cell_line	adult		encode	single	False	0.8476194143295288	chip_tf	TCF7	
EFO:0002784 TF ChIP-seq TRIM22	.	TF ChIP-seq	EFO:0002784	GM12878	cell_line	adult		encode	paired	False	0.779391884803772	chip_tf	TRIM22	
EFO:0002784 TF ChIP-seq USF2	.	TF ChIP-seq	EFO:0002784	GM12878	cell_line	adult		encode	single	False	1.0036530494689941	chip_tf	USF2	
EFO:0002784 TF ChIP-seq YY1	.	TF ChIP-seq	EFO:0002784	GM12878	cell_line	adult		encode	single	False	1.254370093345642	chip_tf	YY1	
EFO:0002784 TF ChIP-seq ZBED1	.	TF ChIP-seq	EFO:0002784	GM12878	cell_line	adult		encode	single	False	0.8435477018356323	chip_tf	ZBED1	
EFO:0002784 TF ChIP-seq ZBTB11 genetically modified (insertion) using CRISPR targeting H. sapiens ZBTB11	.	TF ChIP-seq	EFO:0002784	GM12878	cell_line	adult		encode	paired	True	0.7937339544296265	chip_tf	ZBTB11	
EFO:0002784 TF ChIP-seq ZBTB40	.	TF ChIP-seq	EFO:0002784	GM12878	cell_line	adult		encode	paired	False	0.7015077471733093	chip_tf	ZBTB40	
EFO:0002784 TF ChIP-seq ZFP36	.	TF ChIP-seq	EFO:0002784	GM12878	cell_line	adult		encode	single	False	0.8901944756507874	chip_tf	ZFP36	
EFO:0002784 TF ChIP-seq ZNF207	.	TF ChIP-seq	EFO:0002784	GM12878	cell_line	adult		encode	paired	False	0.805801272392273	chip_tf	ZNF207	
EFO:0002784 TF ChIP-seq ZNF217	.	TF ChIP-seq	EFO:0002784	GM12878	cell_line	adult		encode	paired	False	0.7593768239021301	chip_tf	ZNF217	
EFO:0002784 TF ChIP-seq ZNF24	.	TF ChIP-seq	EFO:0002784	GM12878	cell_line	adult		encode	paired	False	0.7822429537773132	chip_tf	ZNF24	
EFO:0002784 TF ChIP-seq ZNF384	.	TF ChIP-seq	EFO:0002784	GM12878	cell_line	adult		encode	single	False	0.9425265789031982	chip_tf	ZNF384	
EFO:0002784 TF ChIP-seq ZNF687	.	TF ChIP-seq	EFO:0002784	GM12878	cell_line	adult		encode	paired	False	0.766869306564331	chip_tf	ZNF687	
EFO:0002785 TF ChIP-seq POLR2A	.	TF ChIP-seq	EFO:0002785	GM12891	cell_line	unknown		encode	single	False	1.0440921783447266	chip_tf	POLR2A	
EFO:0002785 TF ChIP-seq POLR2AphosphoS5	.	TF ChIP-seq	EFO:0002785	GM12891	cell_line	unknown		encode	single	False	1.2004681825637817	chip_tf	POLR2AphosphoS5	
EFO:0002785 TF ChIP-seq POU2F2	.	TF ChIP-seq	EFO:0002785	GM12891	cell_line	unknown		encode	single	False	0.886300802230835	chip_tf	POU2F2	
EFO:0002785 TF ChIP-seq SPI1	.	TF ChIP-seq	EFO:0002785	GM12891	cell_line	unknown		encode	single	False	1.0274730920791626	chip_tf	SPI1	
EFO:0002785 TF ChIP-seq TAF1	.	TF ChIP-seq	EFO:0002785	GM12891	cell_line	unknown		encode	single	False	0.994174599647522	chip_tf	TAF1	
EFO:0002785 TF ChIP-seq YY1	.	TF ChIP-seq	EFO:0002785	GM12891	cell_line	unknown		encode	single	False	1.1923378705978394	chip_tf	YY1	
EFO:0002786 TF ChIP-seq POLR2A	.	TF ChIP-seq	EFO:0002786	GM12892	cell_line	unknown		encode	single	False	0.917452335357666	chip_tf	POLR2A	
EFO:0002786 TF ChIP-seq POLR2AphosphoS5	.	TF ChIP-seq	EFO:0002786	GM12892	cell_line	unknown		encode	single	False	1.1861841678619385	chip_tf	POLR2AphosphoS5	
EFO:0002786 TF ChIP-seq TAF1	.	TF ChIP-seq	EFO:0002786	GM12892	cell_line	unknown		encode	single	False	1.083040714263916	chip_tf	TAF1	
EFO:0002786 TF ChIP-seq YY1	.	TF ChIP-seq	EFO:0002786	GM12892	cell_line	unknown		encode	single	False	1.0295073986053467	chip_tf	YY1	
EFO:0002791 TF ChIP-seq BRCA1	.	TF ChIP-seq	EFO:0002791	HeLa-S3	cell_line	adult		encode	single	False	0.9932080507278442	chip_tf	BRCA1	
EFO:0002791 TF ChIP-seq BRF2	.	TF ChIP-seq	EFO:0002791	HeLa-S3	cell_line	adult		encode	single	False	1.1048264503479004	chip_tf	BRF2	
EFO:0002791 TF ChIP-seq CEBPB	.	TF ChIP-seq	EFO:0002791	HeLa-S3	cell_line	adult		encode	single	False	1.1624259948730469	chip_tf	CEBPB	
EFO:0002791 TF ChIP-seq CHD2	.	TF ChIP-seq	EFO:0002791	HeLa-S3	cell_line	adult		encode	single	False	1.2239834070205688	chip_tf	CHD2	
EFO:0002791 TF ChIP-seq CTCF	.	TF ChIP-seq	EFO:0002791	HeLa-S3	cell_line	adult		encode	single	False	1.0624818801879883	chip_tf	CTCF	
EFO:0002791 TF ChIP-seq E2F1	.	TF ChIP-seq	EFO:0002791	HeLa-S3	cell_line	adult		encode	single	False	1.106582522392273	chip_tf	E2F1	
EFO:0002791 TF ChIP-seq E2F4	.	TF ChIP-seq	EFO:0002791	HeLa-S3	cell_line	adult		encode	single	False	1.1643184423446655	chip_tf	E2F4	
EFO:0002791 TF ChIP-seq ELK1	.	TF ChIP-seq	EFO:0002791	HeLa-S3	cell_line	adult		encode	single	False	1.0448529720306396	chip_tf	ELK1	
EFO:0002791 TF ChIP-seq ELK4	.	TF ChIP-seq	EFO:0002791	HeLa-S3	cell_line	adult		encode	single	False	1.0486832857131958	chip_tf	ELK4	
EFO:0002791 TF ChIP-seq EP300	.	TF ChIP-seq	EFO:0002791	HeLa-S3	cell_line	adult		encode	single	False	0.7627109885215759	chip_tf	EP300	
EFO:0002791 TF ChIP-seq GABPA	.	TF ChIP-seq	EFO:0002791	HeLa-S3	cell_line	adult		encode	single	False	1.1946576833724976	chip_tf	GABPA	
EFO:0002791 TF ChIP-seq GTF2F1	.	TF ChIP-seq	EFO:0002791	HeLa-S3	cell_line	adult		encode	single	False	1.0831323862075806	chip_tf	GTF2F1	
EFO:0002791 TF ChIP-seq HCFC1	.	TF ChIP-seq	EFO:0002791	HeLa-S3	cell_line	adult		encode	single	False	0.9613363742828369	chip_tf	HCFC1	
EFO:0002791 TF ChIP-seq JUN	.	TF ChIP-seq	EFO:0002791	HeLa-S3	cell_line	adult		encode	single	False	1.0540261268615723	chip_tf	JUN	
EFO:0002791 TF ChIP-seq JUND	.	TF ChIP-seq	EFO:0002791	HeLa-S3	cell_line	adult		encode	single	False	1.106735348701477	chip_tf	JUND	
EFO:0002791 TF ChIP-seq MAFF	.	TF ChIP-seq	EFO:0002791	HeLa-S3	cell_line	adult		encode	single	False	0.9096593260765076	chip_tf	MAFF	
EFO:0002791 TF ChIP-seq MAFK	.	TF ChIP-seq	EFO:0002791	HeLa-S3	cell_line	adult		encode	single	False	0.9504102468490601	chip_tf	MAFK	
EFO:0002791 TF ChIP-seq MAX	.	TF ChIP-seq	EFO:0002791	HeLa-S3	cell_line	adult		encode	single	False	1.0167754888534546	chip_tf	MAX	
EFO:0002791 TF ChIP-seq MAZ	.	TF ChIP-seq	EFO:0002791	HeLa-S3	cell_line	adult		encode	single	False	1.0946065187454224	chip_tf	MAZ	
EFO:0002791 TF ChIP-seq MXI1	.	TF ChIP-seq	EFO:0002791	HeLa-S3	cell_line	adult		encode	single	False	1.1129454374313354	chip_tf	MXI1	
EFO:0002791 TF ChIP-seq NFE2L2	.	TF ChIP-seq	EFO:0002791	HeLa-S3	cell_line	adult		encode	single	False	0.9645558595657349	chip_tf	NFE2L2	
EFO:0002791 TF ChIP-seq NFYA	.	TF ChIP-seq	EFO:0002791	HeLa-S3	cell_line	adult		encode	single	False	1.1656769514083862	chip_tf	NFYA	
EFO:0002791 TF ChIP-seq NFYB	.	TF ChIP-seq	EFO:0002791	HeLa-S3	cell_line	adult		encode	single	False	1.1003735065460205	chip_tf	NFYB	
EFO:0002791 TF ChIP-seq NR2C2	.	TF ChIP-seq	EFO:0002791	HeLa-S3	cell_line	adult		encode	single	False	1.1807140111923218	chip_tf	NR2C2	
EFO:0002791 TF ChIP-seq POLR2A	.	TF ChIP-seq	EFO:0002791	HeLa-S3	cell_line	adult		encode	single	False	1.2115081548690796	chip_tf	POLR2A	
EFO:0002791 TF ChIP-seq POLR2AphosphoS2	.	TF ChIP-seq	EFO:0002791	HeLa-S3	cell_line	adult		encode	single	False	1.3249441385269165	chip_tf	POLR2AphosphoS2	
EFO:0002791 TF ChIP-seq POLR3A	.	TF ChIP-seq	EFO:0002791	HeLa-S3	cell_line	adult		encode	single	False	1.0765990018844604	chip_tf	POLR3A	
EFO:0002791 TF ChIP-seq PRDM1	.	TF ChIP-seq	EFO:0002791	HeLa-S3	cell_line	adult		encode	single	False	1.0881224870681763	chip_tf	PRDM1	
EFO:0002791 TF ChIP-seq RAD21	.	TF ChIP-seq	EFO:0002791	HeLa-S3	cell_line	adult		encode	single	False	1.2690222263336182	chip_tf	RAD21	
EFO:0002791 TF ChIP-seq REST	.	TF ChIP-seq	EFO:0002791	HeLa-S3	cell_line	adult		encode	single	False	1.284610629081726	chip_tf	REST	
EFO:0002791 TF ChIP-seq RFX5	.	TF ChIP-seq	EFO:0002791	HeLa-S3	cell_line	adult		encode	single	False	0.9827273488044739	chip_tf	RFX5	
EFO:0002791 TF ChIP-seq SMARCB1	.	TF ChIP-seq	EFO:0002791	HeLa-S3	cell_line	adult		encode	single	False	1.3108223676681519	chip_tf	SMARCB1	
EFO:0002791 TF ChIP-seq SMARCC1	.	TF ChIP-seq	EFO:0002791	HeLa-S3	cell_line	adult		encode	single	False	0.9797285795211792	chip_tf	SMARCC1	
EFO:0002791 TF ChIP-seq SMC3	.	TF ChIP-seq	EFO:0002791	HeLa-S3	cell_line	adult		encode	single	False	0.8709062933921814	chip_tf	SMC3	
EFO:0002791 TF ChIP-seq STAT3	.	TF ChIP-seq	EFO:0002791	HeLa-S3	cell_line	adult		encode	single	False	1.042009711265564	chip_tf	STAT3	
EFO:0002791 TF ChIP-seq SUPT20H	.	TF ChIP-seq	EFO:0002791	HeLa-S3	cell_line	adult		encode	single	False	1.1725451946258545	chip_tf	SUPT20H	
EFO:0002791 TF ChIP-seq TAF1	.	TF ChIP-seq	EFO:0002791	HeLa-S3	cell_line	adult		encode	single	False	1.2314451932907104	chip_tf	TAF1	
EFO:0002791 TF ChIP-seq TBP	.	TF ChIP-seq	EFO:0002791	HeLa-S3	cell_line	adult		encode	single	False	1.1317002773284912	chip_tf	TBP	
EFO:0002791 TF ChIP-seq TCF7L2	.	TF ChIP-seq	EFO:0002791	HeLa-S3	cell_line	adult		encode	single	False	0.7594085931777954	chip_tf	TCF7L2	
EFO:0002791 TF ChIP-seq USF2	.	TF ChIP-seq	EFO:0002791	HeLa-S3	cell_line	adult		encode	single	False	1.055086374282837	chip_tf	USF2	
EFO:0002793 TF ChIP-seq CTCF	.	TF ChIP-seq	EFO:0002793	HL-60	cell_line	adult		encode	single	False	2.708632707595825	chip_tf	CTCF	
EFO:0002793 TF ChIP-seq GABPA	.	TF ChIP-seq	EFO:0002793	HL-60	cell_line	adult		encode	single	False	0.9271953105926514	chip_tf	GABPA	
EFO:0002793 TF ChIP-seq POLR2AphosphoS5	.	TF ChIP-seq	EFO:0002793	HL-60	cell_line	adult		encode	single	False	0.9963319897651672	chip_tf	POLR2AphosphoS5	
EFO:0002793 TF ChIP-seq SPI1	.	TF ChIP-seq	EFO:0002793	HL-60	cell_line	adult		encode	single	False	1.103271484375	chip_tf	SPI1	
EFO:0002798 TF ChIP-seq CTCF	.	TF ChIP-seq	EFO:0002798	NB4	cell_line	adult		encode	single	False	1.6413131952285767	chip_tf	CTCF	
EFO:0002798 TF ChIP-seq MAX	.	TF ChIP-seq	EFO:0002798	NB4	cell_line	adult		encode	single	False	0.9357728362083435	chip_tf	MAX	
EFO:0002798 TF ChIP-seq MYC	.	TF ChIP-seq	EFO:0002798	NB4	cell_line	adult		encode	single	False	1.040799856185913	chip_tf	MYC	
EFO:0002798 TF ChIP-seq POLR2A	.	TF ChIP-seq	EFO:0002798	NB4	cell_line	adult		encode	single	False	3.8026444911956787	chip_tf	POLR2A	
EFO:0002819 TF ChIP-seq CTCF	.	TF ChIP-seq	EFO:0002819	Calu3	cell_line	adult		encode	single	False	1.0283527374267578	chip_tf	CTCF	
EFO:0002824 TF ChIP-seq CBX3	.	TF ChIP-seq	EFO:0002824	HCT116	cell_line	adult		encode	single	False	0.8107402324676514	chip_tf	CBX3	
EFO:0002824 TF ChIP-seq CEBPB	.	TF ChIP-seq	EFO:0002824	HCT116	cell_line	adult		encode	single	False	0.8486549258232117	chip_tf	CEBPB	
EFO:0002824 TF ChIP-seq CTCF	.	TF ChIP-seq	EFO:0002824	HCT116	cell_line	adult		encode	single	False	0.7808284759521484	chip_tf	CTCF	
EFO:0002824 TF ChIP-seq CTCF genetically modified (insertion) using CRISPR inserting O. sativa LOC4335696, genetically modified (insertion) using CRISPR targeting H. sapiens BRD4	.	TF ChIP-seq	EFO:0002824	HCT116	cell_line	unknown		encode	single	True	0.905817449092865	chip_tf	CTCF	
EFO:0002824 TF ChIP-seq CTCF genetically modified (insertion) using CRISPR inserting O. sativa LOC4335696, genetically modified (insertion) using CRISPR targeting H. sapiens CDK7	.	TF ChIP-seq	EFO:0002824	HCT116	cell_line	unknown		encode	single	True	0.8943561911582947	chip_tf	CTCF	
EFO:0002824 TF ChIP-seq CTCF genetically modified (insertion) using CRISPR inserting O. sativa LOC4335696, genetically modified (insertion) using CRISPR targeting H. sapiens CTCF	.	TF ChIP-seq	EFO:0002824	HCT116	cell_line	unknown		encode	single	True	0.8630810379981995	chip_tf	CTCF	
EFO:0002824 TF ChIP-seq CTCF genetically modified (insertion) using CRISPR inserting O. sativa LOC4335696, genetically modified (insertion) using CRISPR targeting H. sapiens MED14	.	TF ChIP-seq	EFO:0002824	HCT116	cell_line	unknown		encode	single	True	0.8493778109550476	chip_tf	CTCF	
EFO:0002824 TF ChIP-seq CTCF genetically modified (insertion) using CRISPR inserting O. sativa LOC4335696, genetically modified (insertion) using CRISPR targeting H. sapiens POLR2A	.	TF ChIP-seq	EFO:0002824	HCT116	cell_line	unknown		encode	single	True	0.9976716637611389	chip_tf	CTCF	
EFO:0002824 TF ChIP-seq CTCF genetically modified (insertion) using CRISPR inserting O. sativa LOC4335696, genetically modified (insertion) using CRISPR targeting H. sapiens RAD21	.	TF ChIP-seq	EFO:0002824	HCT116	cell_line	unknown		encode	single	True	0.8882262706756592	chip_tf	CTCF	
EFO:0002824 TF ChIP-seq CTCF genetically modified (insertion) using CRISPR inserting O. sativa LOC4335696, genetically modified (insertion) using CRISPR targeting H. sapiens SMARCA5	.	TF ChIP-seq	EFO:0002824	HCT116	cell_line	unknown		encode	single	True	0.9290798306465149	chip_tf	CTCF	
EFO:0002824 TF ChIP-seq CTCF genetically modified (insertion) using CRISPR inserting O. sativa LOC4335696, genetically modified (insertion) using CRISPR targeting H. sapiens SUPT16H	.	TF ChIP-seq	EFO:0002824	HCT116	cell_line	unknown		encode	single	True	0.8583889603614807	chip_tf	CTCF	
EFO:0002824 TF ChIP-seq EGR1	.	TF ChIP-seq	EFO:0002824	HCT116	cell_line	adult		encode	single	False	0.905482828617096	chip_tf	EGR1	
EFO:0002824 TF ChIP-seq ELF1	.	TF ChIP-seq	EFO:0002824	HCT116	cell_line	adult		encode	single	False	0.7631033658981323	chip_tf	ELF1	
EFO:0002824 TF ChIP-seq FOSL1	.	TF ChIP-seq	EFO:0002824	HCT116	cell_line	adult		encode	single	False	0.8530905246734619	chip_tf	FOSL1	
EFO:0002824 TF ChIP-seq JUND	.	TF ChIP-seq	EFO:0002824	HCT116	cell_line	adult		encode	single	False	0.8062629699707031	chip_tf	JUND	
EFO:0002824 TF ChIP-seq MAX	.	TF ChIP-seq	EFO:0002824	HCT116	cell_line	adult		encode	single	False	0.7656803131103516	chip_tf	MAX	
EFO:0002824 TF ChIP-seq POLR2AphosphoS5	.	TF ChIP-seq	EFO:0002824	HCT116	cell_line	adult		encode	single	False	1.198488473892212	chip_tf	POLR2AphosphoS5	
EFO:0002824 TF ChIP-seq RAD21	.	TF ChIP-seq	EFO:0002824	HCT116	cell_line	adult		encode	single	False	0.8312313556671143	chip_tf	RAD21	
EFO:0002824 TF ChIP-seq REST	.	TF ChIP-seq	EFO:0002824	HCT116	cell_line	adult		encode	single	False	1.0221929550170898	chip_tf	REST	
EFO:0002824 TF ChIP-seq SIN3A	.	TF ChIP-seq	EFO:0002824	HCT116	cell_line	adult		encode	single	False	0.8258180022239685	chip_tf	SIN3A	
EFO:0002824 TF ChIP-seq SP1	.	TF ChIP-seq	EFO:0002824	HCT116	cell_line	adult		encode	single	False	0.7625074982643127	chip_tf	SP1	
EFO:0002824 TF ChIP-seq SRF	.	TF ChIP-seq	EFO:0002824	HCT116	cell_line	adult		encode	single	False	0.8278483152389526	chip_tf	SRF	
EFO:0002824 TF ChIP-seq TEAD4	.	TF ChIP-seq	EFO:0002824	HCT116	cell_line	adult		encode	single	False	1.1584789752960205	chip_tf	TEAD4	
EFO:0002824 TF ChIP-seq USF1	.	TF ChIP-seq	EFO:0002824	HCT116	cell_line	adult		encode	single	False	0.9145222902297974	chip_tf	USF1	
EFO:0002824 TF ChIP-seq ZFX	.	TF ChIP-seq	EFO:0002824	HCT116	cell_line	adult		encode	paired	False	0.7386897802352905	chip_tf	ZFX	
EFO:0002847 TF ChIP-seq CTCF	.	TF ChIP-seq	EFO:0002847	PC-9	cell_line	unknown		encode	single	False	0.8348439931869507	chip_tf	CTCF	
EFO:0002860 TF ChIP-seq POLR2AphosphoS5	.	TF ChIP-seq	EFO:0002860	SK-N-MC	cell_line	child		encode	single	False	0.8760678172111511	chip_tf	POLR2AphosphoS5	
EFO:0003042 TF ChIP-seq ASH2L	.	TF ChIP-seq	EFO:0003042	H1	cell_line	embryonic		encode	single	False	0.842970609664917	chip_tf	ASH2L	
EFO:0003042 TF ChIP-seq ATF2	.	TF ChIP-seq	EFO:0003042	H1	cell_line	embryonic		encode	single	False	0.8639265298843384	chip_tf	ATF2	
EFO:0003042 TF ChIP-seq ATF3	.	TF ChIP-seq	EFO:0003042	H1	cell_line	embryonic		encode	single	False	1.17824387550354	chip_tf	ATF3	
EFO:0003042 TF ChIP-seq BACH1	.	TF ChIP-seq	EFO:0003042	H1	cell_line	embryonic		encode	single	False	0.9036207795143127	chip_tf	BACH1	
EFO:0003042 TF ChIP-seq CEBPB	.	TF ChIP-seq	EFO:0003042	H1	cell_line	embryonic		encode	single	False	0.9610663056373596	chip_tf	CEBPB	
EFO:0003042 TF ChIP-seq CHD2	.	TF ChIP-seq	EFO:0003042	H1	cell_line	embryonic		encode	single	False	0.8938555717468262	chip_tf	CHD2	
EFO:0003042 TF ChIP-seq CREB1	.	TF ChIP-seq	EFO:0003042	H1	cell_line	embryonic		encode	single	False	0.9638521671295166	chip_tf	CREB1	
EFO:0003042 TF ChIP-seq CTBP2	.	TF ChIP-seq	EFO:0003042	H1	cell_line	embryonic		encode	single	False	1.2248488664627075	chip_tf	CTBP2	
EFO:0003042 TF ChIP-seq CTCF	.	TF ChIP-seq	EFO:0003042	H1	cell_line	embryonic		encode	single	False	0.8322102427482605	chip_tf	CTCF	
EFO:0003042 TF ChIP-seq E2F6	.	TF ChIP-seq	EFO:0003042	H1	cell_line	embryonic		encode	single	False	1.0027190446853638	chip_tf	E2F6	
EFO:0003042 TF ChIP-seq EGR1	.	TF ChIP-seq	EFO:0003042	H1	cell_line	embryonic		encode	single	False	0.9330720901489258	chip_tf	EGR1	
EFO:0003042 TF ChIP-seq EP300	.	TF ChIP-seq	EFO:0003042	H1	cell_line	embryonic		encode	single	False	1.056801676750183	chip_tf	EP300	
EFO:0003042 TF ChIP-seq GABPA	.	TF ChIP-seq	EFO:0003042	H1	cell_line	embryonic		encode	single	False	0.9392080307006836	chip_tf	GABPA	
EFO:0003042 TF ChIP-seq HDAC2	.	TF ChIP-seq	EFO:0003042	H1	cell_line	embryonic		encode	single	False	1.0041277408599854	chip_tf	HDAC2	
EFO:0003042 TF ChIP-seq JUND	.	TF ChIP-seq	EFO:0003042	H1	cell_line	embryonic		encode	single	False	0.9091247320175171	chip_tf	JUND	
EFO:0003042 TF ChIP-seq KDM1A	.	TF ChIP-seq	EFO:0003042	H1	cell_line	embryonic		encode	single	False	0.8637781143188477	chip_tf	KDM1A	
EFO:0003042 TF ChIP-seq MAFK	.	TF ChIP-seq	EFO:0003042	H1	cell_line	embryonic		encode	single	False	0.9398737549781799	chip_tf	MAFK	
EFO:0003042 TF ChIP-seq MAX	.	TF ChIP-seq	EFO:0003042	H1	cell_line	embryonic		encode	single	False	1.0176339149475098	chip_tf	MAX	
EFO:0003042 TF ChIP-seq MYC	.	TF ChIP-seq	EFO:0003042	H1	cell_line	embryonic		encode	single	False	1.4887027740478516	chip_tf	MYC	
EFO:0003042 TF ChIP-seq NRF1	.	TF ChIP-seq	EFO:0003042	H1	cell_line	embryonic		encode	single	False	0.9525008797645569	chip_tf	NRF1	
EFO:0003042 TF ChIP-seq PHF8	.	TF ChIP-seq	EFO:0003042	H1	cell_line	embryonic		encode	single	False	1.0374927520751953	chip_tf	PHF8	
EFO:0003042 TF ChIP-seq POLR2A	.	TF ChIP-seq	EFO:0003042	H1	cell_line	embryonic		encode	single	False	1.0551276206970215	chip_tf	POLR2A	
EFO:0003042 TF ChIP-seq POLR2AphosphoS5	.	TF ChIP-seq	EFO:0003042	H1	cell_line	embryonic		encode	single	False	1.5645101070404053	chip_tf	POLR2AphosphoS5	
EFO:0003042 TF ChIP-seq RAD21	.	TF ChIP-seq	EFO:0003042	H1	cell_line	embryonic		encode	single	False	0.7573587894439697	chip_tf	RAD21	
EFO:0003042 TF ChIP-seq RBBP5	.	TF ChIP-seq	EFO:0003042	H1	cell_line	embryonic		encode	single	False	1.4658613204956055	chip_tf	RBBP5	
EFO:0003042 TF ChIP-seq REST	.	TF ChIP-seq	EFO:0003042	H1	cell_line	embryonic		encode	single	False	0.7633985280990601	chip_tf	REST	
EFO:0003042 TF ChIP-seq SIN3A	.	TF ChIP-seq	EFO:0003042	H1	cell_line	embryonic		encode	single	False	0.782710075378418	chip_tf	SIN3A	
EFO:0003042 TF ChIP-seq SIX5	.	TF ChIP-seq	EFO:0003042	H1	cell_line	embryonic		encode	single	False	1.1115151643753052	chip_tf	SIX5	
EFO:0003042 TF ChIP-seq SP1	.	TF ChIP-seq	EFO:0003042	H1	cell_line	embryonic		encode	single	False	1.0101011991500854	chip_tf	SP1	
EFO:0003042 TF ChIP-seq SP4	.	TF ChIP-seq	EFO:0003042	H1	cell_line	embryonic		encode	single	False	0.9072044491767883	chip_tf	SP4	
EFO:0003042 TF ChIP-seq SRF	.	TF ChIP-seq	EFO:0003042	H1	cell_line	embryonic		encode	single	False	1.0989999771118164	chip_tf	SRF	
EFO:0003042 TF ChIP-seq SUZ12	.	TF ChIP-seq	EFO:0003042	H1	cell_line	embryonic		encode	single	False	0.8124634027481079	chip_tf	SUZ12	
EFO:0003042 TF ChIP-seq TAF1	.	TF ChIP-seq	EFO:0003042	H1	cell_line	embryonic		encode	single	False	1.2888585329055786	chip_tf	TAF1	
EFO:0003042 TF ChIP-seq TBP	.	TF ChIP-seq	EFO:0003042	H1	cell_line	embryonic		encode	single	False	0.9174953699111938	chip_tf	TBP	
EFO:0003042 TF ChIP-seq TCF12	.	TF ChIP-seq	EFO:0003042	H1	cell_line	embryonic		encode	single	False	1.3108755350112915	chip_tf	TCF12	
EFO:0003042 TF ChIP-seq TEAD4	.	TF ChIP-seq	EFO:0003042	H1	cell_line	embryonic		encode	single	False	1.1544599533081055	chip_tf	TEAD4	
EFO:0003042 TF ChIP-seq USF1	.	TF ChIP-seq	EFO:0003042	H1	cell_line	embryonic		encode	single	False	1.1435457468032837	chip_tf	USF1	
EFO:0003042 TF ChIP-seq USF2	.	TF ChIP-seq	EFO:0003042	H1	cell_line	embryonic		encode	single	False	0.8698755502700806	chip_tf	USF2	
EFO:0003042 TF ChIP-seq YY1	.	TF ChIP-seq	EFO:0003042	H1	cell_line	embryonic		encode	single	False	0.9756035804748535	chip_tf	YY1	
EFO:0003045 TF ChIP-seq CTCF	.	TF ChIP-seq	EFO:0003045	H9	cell_line	embryonic		encode	single	False	0.7956581115722656	chip_tf	CTCF	
EFO:0003072 TF ChIP-seq CHD2	.	TF ChIP-seq	EFO:0003072	SK-N-SH	cell_line	child		encode	single	False	0.9742451906204224	chip_tf	CHD2	
EFO:0003072 TF ChIP-seq CTCF	.	TF ChIP-seq	EFO:0003072	SK-N-SH	cell_line	child		encode	paired	False	0.8456477522850037	chip_tf	CTCF	
EFO:0003072 TF ChIP-seq ELF1	.	TF ChIP-seq	EFO:0003072	SK-N-SH	cell_line	child		encode	single	False	0.8833105564117432	chip_tf	ELF1	
EFO:0003072 TF ChIP-seq EP300	.	TF ChIP-seq	EFO:0003072	SK-N-SH	cell_line	child		encode	single	False	0.7020170092582703	chip_tf	EP300	
EFO:0003072 TF ChIP-seq FOSL2	.	TF ChIP-seq	EFO:0003072	SK-N-SH	cell_line	child		encode	single	False	1.0089168548583984	chip_tf	FOSL2	
EFO:0003072 TF ChIP-seq FOXJ3 genetically modified (insertion) using CRISPR targeting H. sapiens FOXJ3	.	TF ChIP-seq	EFO:0003072	SK-N-SH	cell_line	child		encode	single	True	0.8119322061538696	chip_tf	FOXJ3	
EFO:0003072 TF ChIP-seq FOXM1	.	TF ChIP-seq	EFO:0003072	SK-N-SH	cell_line	child		encode	single	False	0.9656786322593689	chip_tf	FOXM1	
EFO:0003072 TF ChIP-seq GABPA	.	TF ChIP-seq	EFO:0003072	SK-N-SH	cell_line	child		encode	single	False	0.8896772861480713	chip_tf	GABPA	
EFO:0003072 TF ChIP-seq GATA2 genetically modified (insertion) using CRISPR targeting H. sapiens GATA2	.	TF ChIP-seq	EFO:0003072	SK-N-SH	cell_line	child		encode	single	True	0.8109840750694275	chip_tf	GATA2	
EFO:0003072 TF ChIP-seq GATA3	.	TF ChIP-seq	EFO:0003072	SK-N-SH	cell_line	child		encode	single	False	0.7777391076087952	chip_tf	GATA3	
EFO:0003072 TF ChIP-seq JUND	.	TF ChIP-seq	EFO:0003072	SK-N-SH	cell_line	child		encode	single	False	0.7924953103065491	chip_tf	JUND	
EFO:0003072 TF ChIP-seq MAX	.	TF ChIP-seq	EFO:0003072	SK-N-SH	cell_line	child		encode	single	False	1.0120495557785034	chip_tf	MAX	
EFO:0003072 TF ChIP-seq MEF2A	.	TF ChIP-seq	EFO:0003072	SK-N-SH	cell_line	child		encode	single	False	1.1111558675765991	chip_tf	MEF2A	
EFO:0003072 TF ChIP-seq MXI1	.	TF ChIP-seq	EFO:0003072	SK-N-SH	cell_line	child		encode	single	False	0.8734278678894043	chip_tf	MXI1	
EFO:0003072 TF ChIP-seq NFIC	.	TF ChIP-seq	EFO:0003072	SK-N-SH	cell_line	child		encode	single	False	0.8446437120437622	chip_tf	NFIC	
EFO:0003072 TF ChIP-seq NRF1	.	TF ChIP-seq	EFO:0003072	SK-N-SH	cell_line	child		encode	single	False	1.1233887672424316	chip_tf	NRF1	
EFO:0003072 TF ChIP-seq PBX3	.	TF ChIP-seq	EFO:0003072	SK-N-SH	cell_line	child		encode	single	False	0.8124933838844299	chip_tf	PBX3	
EFO:0003072 TF ChIP-seq POLR2AphosphoS5	.	TF ChIP-seq	EFO:0003072	SK-N-SH	cell_line	child		encode	single	False	1.1615805625915527	chip_tf	POLR2AphosphoS5	
EFO:0003072 TF ChIP-seq RAD21	.	TF ChIP-seq	EFO:0003072	SK-N-SH	cell_line	child		encode	single	False	0.8885948061943054	chip_tf	RAD21	
EFO:0003072 TF ChIP-seq RCOR1	.	TF ChIP-seq	EFO:0003072	SK-N-SH	cell_line	child		encode	single	False	0.9580050706863403	chip_tf	RCOR1	
EFO:0003072 TF ChIP-seq REST	.	TF ChIP-seq	EFO:0003072	SK-N-SH	cell_line	child		encode	single	False	1.3145135641098022	chip_tf	REST	
EFO:0003072 TF ChIP-seq RFX5	.	TF ChIP-seq	EFO:0003072	SK-N-SH	cell_line	child		encode	single	False	0.852078914642334	chip_tf	RFX5	
EFO:0003072 TF ChIP-seq RXRA	.	TF ChIP-seq	EFO:0003072	SK-N-SH	cell_line	child		encode	single	False	0.9884690046310425	chip_tf	RXRA	
EFO:0003072 TF ChIP-seq SIN3A	.	TF ChIP-seq	EFO:0003072	SK-N-SH	cell_line	child		encode	single	False	1.1826077699661255	chip_tf	SIN3A	
EFO:0003072 TF ChIP-seq SMC3	.	TF ChIP-seq	EFO:0003072	SK-N-SH	cell_line	child		encode	single	False	0.9515026807785034	chip_tf	SMC3	
EFO:0003072 TF ChIP-seq TAF1	.	TF ChIP-seq	EFO:0003072	SK-N-SH	cell_line	child		encode	single	False	1.1323809623718262	chip_tf	TAF1	
EFO:0003072 TF ChIP-seq TCF12	.	TF ChIP-seq	EFO:0003072	SK-N-SH	cell_line	child		encode	single	False	0.7502463459968567	chip_tf	TCF12	
EFO:0003072 TF ChIP-seq TEAD4	.	TF ChIP-seq	EFO:0003072	SK-N-SH	cell_line	child		encode	single	False	0.9364314079284668	chip_tf	TEAD4	
EFO:0003072 TF ChIP-seq USF1	.	TF ChIP-seq	EFO:0003072	SK-N-SH	cell_line	child		encode	single	False	0.9616994261741638	chip_tf	USF1	
EFO:0003072 TF ChIP-seq YY1	.	TF ChIP-seq	EFO:0003072	SK-N-SH	cell_line	child		encode	single	False	1.0405064821243286	chip_tf	YY1	
EFO:0003072 TF ChIP-seq ZBTB33	.	TF ChIP-seq	EFO:0003072	SK-N-SH	cell_line	child		encode	single	False	1.0246238708496094	chip_tf	ZBTB33	
EFO:0005234 TF ChIP-seq POLR2AphosphoS5	.	TF ChIP-seq	EFO:0005234	PFSK-1	cell_line	child		encode	single	False	0.9849108457565308	chip_tf	POLR2AphosphoS5	
EFO:0005234 TF ChIP-seq REST	.	TF ChIP-seq	EFO:0005234	PFSK-1	cell_line	child		encode	single	False	1.0792768001556396	chip_tf	REST	
EFO:0005234 TF ChIP-seq SIN3A	.	TF ChIP-seq	EFO:0005234	PFSK-1	cell_line	child		encode	single	False	1.0426013469696045	chip_tf	SIN3A	
EFO:0005234 TF ChIP-seq TAF1	.	TF ChIP-seq	EFO:0005234	PFSK-1	cell_line	child		encode	single	False	0.8975558280944824	chip_tf	TAF1	
EFO:0005236 TF ChIP-seq YY1	.	TF ChIP-seq	EFO:0005236	NT2/D1	cell_line	unknown		encode	single	False	1.9750792980194092	chip_tf	YY1	
EFO:0005336 TF ChIP-seq POLR2A	.	TF ChIP-seq	EFO:0005336	GM10847	cell_line	unknown		encode	single	False	4.3972907066345215	chip_tf	POLR2A	
EFO:0005337 TF ChIP-seq CTCF	.	TF ChIP-seq	EFO:0005337	GM12864	cell_line	unknown		encode	single	False	1.3613603115081787	chip_tf	CTCF	
EFO:0005347 TF ChIP-seq POLR2A	.	TF ChIP-seq	EFO:0005347	GM15510	cell_line	unknown		encode	single	False	3.4360148906707764	chip_tf	POLR2A	
EFO:0005348 TF ChIP-seq POLR2A	.	TF ChIP-seq	EFO:0005348	GM18526	cell_line	unknown		encode	single	False	2.576261043548584	chip_tf	POLR2A	
EFO:0005349 TF ChIP-seq POLR2A	.	TF ChIP-seq	EFO:0005349	GM18951	cell_line	unknown		encode	single	False	1.881851315498352	chip_tf	POLR2A	
EFO:0005350 TF ChIP-seq POLR2A	.	TF ChIP-seq	EFO:0005350	GM19099	cell_line	unknown		encode	single	False	1.551389217376709	chip_tf	POLR2A	
EFO:0005351 TF ChIP-seq POLR2A	.	TF ChIP-seq	EFO:0005351	GM19193	cell_line	unknown		encode	single	False	1.7100838422775269	chip_tf	POLR2A	
EFO:0005694 TF ChIP-seq CTCF	.	TF ChIP-seq	EFO:0005694	KMS-11	cell_line	adult		encode	single	False	0.8624968528747559	chip_tf	CTCF	
EFO:0005715 TF ChIP-seq CTCF	.	TF ChIP-seq	EFO:0005715	WERI-Rb-1	cell_line	child		encode	single	False	1.5935550928115845	chip_tf	CTCF	
EFO:0005718 TF ChIP-seq CEBPB	.	TF ChIP-seq	EFO:0005718	Ishikawa	cell_line	adult		encode	single	False	0.9511106014251709	chip_tf	CEBPB	
EFO:0005718 TF ChIP-seq CREB1	.	TF ChIP-seq	EFO:0005718	Ishikawa	cell_line	adult		encode	single	False	0.9814600348472595	chip_tf	CREB1	
EFO:0005718 TF ChIP-seq EGR1	.	TF ChIP-seq	EFO:0005718	Ishikawa	cell_line	adult		encode	single	False	0.9563577175140381	chip_tf	EGR1	
EFO:0005718 TF ChIP-seq EP300	.	TF ChIP-seq	EFO:0005718	Ishikawa	cell_line	adult		encode	single	False	0.8913092613220215	chip_tf	EP300	
EFO:0005718 TF ChIP-seq FOXM1	.	TF ChIP-seq	EFO:0005718	Ishikawa	cell_line	adult		encode	single	False	0.9450280666351318	chip_tf	FOXM1	
EFO:0005718 TF ChIP-seq MAX	.	TF ChIP-seq	EFO:0005718	Ishikawa	cell_line	adult		encode	single	False	0.8833977580070496	chip_tf	MAX	
EFO:0005718 TF ChIP-seq NFIC	.	TF ChIP-seq	EFO:0005718	Ishikawa	cell_line	adult		encode	single	False	0.7946962714195251	chip_tf	NFIC	
EFO:0005718 TF ChIP-seq RAD21	.	TF ChIP-seq	EFO:0005718	Ishikawa	cell_line	adult		encode	single	False	0.9390239119529724	chip_tf	RAD21	
EFO:0005718 TF ChIP-seq REST	.	TF ChIP-seq	EFO:0005718	Ishikawa	cell_line	adult		encode	single	False	0.9868256449699402	chip_tf	REST	
EFO:0005718 TF ChIP-seq SRF	.	TF ChIP-seq	EFO:0005718	Ishikawa	cell_line	adult		encode	single	False	0.9551768898963928	chip_tf	SRF	
EFO:0005718 TF ChIP-seq TAF1	.	TF ChIP-seq	EFO:0005718	Ishikawa	cell_line	adult		encode	single	False	1.0146148204803467	chip_tf	TAF1	
EFO:0005718 TF ChIP-seq TCF12	.	TF ChIP-seq	EFO:0005718	Ishikawa	cell_line	adult		encode	single	False	0.8969955444335938	chip_tf	TCF12	
EFO:0005718 TF ChIP-seq TEAD4	.	TF ChIP-seq	EFO:0005718	Ishikawa	cell_line	adult		encode	single	False	0.8910366296768188	chip_tf	TEAD4	
EFO:0005718 TF ChIP-seq USF1	.	TF ChIP-seq	EFO:0005718	Ishikawa	cell_line	adult		encode	single	False	0.904041588306427	chip_tf	USF1	
EFO:0005718 TF ChIP-seq YY1	.	TF ChIP-seq	EFO:0005718	Ishikawa	cell_line	adult		encode	single	False	1.0843054056167603	chip_tf	YY1	
EFO:0005718 TF ChIP-seq ZBTB7A	.	TF ChIP-seq	EFO:0005718	Ishikawa	cell_line	adult		encode	single	False	1.0766043663024902	chip_tf	ZBTB7A	
EFO:0005723 TF ChIP-seq EZH2phosphoT487	.	TF ChIP-seq	EFO:0005723	GM23248	cell_line	adult		encode	single	False	1.0935393571853638	chip_tf	EZH2phosphoT487	
EFO:0005724 TF ChIP-seq CTCF	.	TF ChIP-seq	EFO:0005724	MM.1S	cell_line	adult		encode	single	False	0.7796716690063477	chip_tf	CTCF	
EFO:0005725 TF ChIP-seq CTCF	.	TF ChIP-seq	EFO:0005725	BE2C	cell_line	child		encode	single	False	0.9925174117088318	chip_tf	CTCF	
EFO:0005726 TF ChIP-seq CTCF	.	TF ChIP-seq	EFO:0005726	LNCaP clone FGC	cell_line	adult		encode	single	False	2.639800548553467	chip_tf	CTCF	
EFO:0005907 TF ChIP-seq CTCF	.	TF ChIP-seq	EFO:0005907	OCI-LY1	cell_line	adult		encode	single	False	0.7953213453292847	chip_tf	CTCF	
EFO:0005907 TF ChIP-seq EZH2	.	TF ChIP-seq	EFO:0005907	OCI-LY1	cell_line	adult		encode	single	False	0.8077881932258606	chip_tf	EZH2	
EFO:0006270 TF ChIP-seq CTCF	.	TF ChIP-seq	EFO:0006270	AG04450	cell_line	embryonic		encode	single	False	1.0772258043289185	chip_tf	CTCF	
EFO:0006365 TF ChIP-seq CTCF	.	TF ChIP-seq	EFO:0006365	C4-2B	cell_line	adult		encode	paired	False	0.7243074178695679	chip_tf	CTCF	
EFO:0006365 TF ChIP-seq ZFX	.	TF ChIP-seq	EFO:0006365	C4-2B	cell_line	adult		encode	paired	False	0.6865183115005493	chip_tf	ZFX	
EFO:0006710 TF ChIP-seq CTCF	.	TF ChIP-seq	EFO:0006710	OCI-LY3	cell_line	adult		encode	single	False	0.8906863927841187	chip_tf	CTCF	
EFO:0006711 TF ChIP-seq CTCF	.	TF ChIP-seq	EFO:0006711	OCI-LY7	cell_line	adult		encode	single	False	0.8017582297325134	chip_tf	CTCF	
EFO:0007074 TF ChIP-seq CTCF	.	TF ChIP-seq	EFO:0007074	DND-41	cell_line	child		encode	single	False	1.4056947231292725	chip_tf	CTCF	
EFO:0007112 TF ChIP-seq CTCF	.	TF ChIP-seq	EFO:0007112	Loucy	cell_line	adult		encode	single	False	0.8298217058181763	chip_tf	CTCF	
EFO:0007610 TF ChIP-seq CTCF	.	TF ChIP-seq	EFO:0007610	RWPE2	cell_line	adult		encode	paired	False	0.7856764197349548	chip_tf	CTCF	
EFO:0007752 TF ChIP-seq CTCF	.	TF ChIP-seq	EFO:0007752	VCaP	cell_line	adult		encode	paired	False	0.8078799247741699	chip_tf	CTCF	
EFO:0007950 TF ChIP-seq CREB1 genetically modified (insertion) using CRISPR targeting H. sapiens CREB1	.	TF ChIP-seq	EFO:0007950	GM23338	cell_line	adult		encode	paired	True	0.8036388158798218	chip_tf	CREB1	
EFO:0007950 TF ChIP-seq CTCF	.	TF ChIP-seq	EFO:0007950	GM23338	cell_line	adult		encode	paired	False	0.8083171844482422	chip_tf	CTCF	
EFO:0007950 TF ChIP-seq ETS1	.	TF ChIP-seq	EFO:0007950	GM23338	cell_line	adult		encode	single	False	0.9707803130149841	chip_tf	ETS1	
EFO:0007950 TF ChIP-seq EZH2	.	TF ChIP-seq	EFO:0007950	GM23338	cell_line	adult		encode	paired	False	1.146084189414978	chip_tf	EZH2	
EFO:0007950 TF ChIP-seq EZH2phosphoT487	.	TF ChIP-seq	EFO:0007950	GM23338	cell_line	adult		encode	paired	False	0.8361223936080933	chip_tf	EZH2phosphoT487	
EFO:0007950 TF ChIP-seq NANOG	.	TF ChIP-seq	EFO:0007950	GM23338	cell_line	adult		encode	single	False	0.9162593483924866	chip_tf	NANOG	
EFO:0007950 TF ChIP-seq POLR2AphosphoS5	.	TF ChIP-seq	EFO:0007950	GM23338	cell_line	adult		encode	single	False	1.1611675024032593	chip_tf	POLR2AphosphoS5	
EFO:0007950 TF ChIP-seq POU5F1	.	TF ChIP-seq	EFO:0007950	GM23338	cell_line	adult		encode	single	False	1.1079763174057007	chip_tf	POU5F1	
EFO:0007950 TF ChIP-seq REST	.	TF ChIP-seq	EFO:0007950	GM23338	cell_line	adult		encode	single	False	1.4345543384552002	chip_tf	REST	
EFO:0007950 TF ChIP-seq ZNF462 genetically modified (insertion) using CRISPR targeting H. sapiens ZNF462	.	TF ChIP-seq	EFO:0007950	GM23338	cell_line	adult		encode	paired	True	0.8206668496131897	chip_tf	ZNF462	
EFO:0009318 TF ChIP-seq CTCF	.	TF ChIP-seq	EFO:0009318	HFFc6	cell_line	newborn		encode	single	False	0.8199285864830017	chip_tf	CTCF	
EFO:0009747 TF ChIP-seq ARID4B genetically modified (insertion) using CRISPR targeting H. sapiens ARID4B	.	TF ChIP-seq	EFO:0009747	WTC11	cell_line	adult		encode	single	True	0.8452187180519104	chip_tf	ARID4B	
EFO:0009747 TF ChIP-seq CREM genetically modified (insertion) using CRISPR targeting H. sapiens CREM	.	TF ChIP-seq	EFO:0009747	WTC11	cell_line	adult		encode	single	True	0.8023584485054016	chip_tf	CREM	
EFO:0009747 TF ChIP-seq CTCF	.	TF ChIP-seq	EFO:0009747	WTC11	cell_line	adult		encode	single	False	0.9106705188751221	chip_tf	CTCF	
EFO:0009747 TF ChIP-seq E2F5 genetically modified (insertion) using CRISPR targeting H. sapiens E2F5	.	TF ChIP-seq	EFO:0009747	WTC11	cell_line	adult		encode	single	True	0.8668326139450073	chip_tf	E2F5	
EFO:0009747 TF ChIP-seq EGR1 genetically modified (insertion) using CRISPR targeting H. sapiens EGR1, genetically modified (insertion) using TALEN inserting M. musculus Neurog2	.	TF ChIP-seq	EFO:0009747	WTC11	cell_line	unknown		encode	paired	True	0.8311028480529785	chip_tf	EGR1	
EFO:0009747 TF ChIP-seq ETV6 genetically modified (insertion) using CRISPR targeting H. sapiens ETV6	.	TF ChIP-seq	EFO:0009747	WTC11	cell_line	adult		encode	single	True	0.8295696377754211	chip_tf	ETV6	
EFO:0009747 TF ChIP-seq FOS genetically modified (insertion) using CRISPR targeting H. sapiens FOS, genetically modified (insertion) using TALEN inserting M. musculus Neurog2	.	TF ChIP-seq	EFO:0009747	WTC11	cell_line	unknown		encode	paired	True	0.8117094039916992	chip_tf	FOS	
EFO:0009747 TF ChIP-seq FOXK1 genetically modified (insertion) using CRISPR targeting H. sapiens FOXK1	.	TF ChIP-seq	EFO:0009747	WTC11	cell_line	adult		encode	single	True	0.9543569684028625	chip_tf	FOXK1	
EFO:0009747 TF ChIP-seq FOXP1 genetically modified (insertion) using CRISPR targeting H. sapiens FOXP1	.	TF ChIP-seq	EFO:0009747	WTC11	cell_line	adult		encode	single	True	0.8792567849159241	chip_tf	FOXP1	
EFO:0009747 TF ChIP-seq FOXP4 genetically modified (insertion) using CRISPR targeting H. sapiens FOXP4	.	TF ChIP-seq	EFO:0009747	WTC11	cell_line	adult		encode	single	True	1.0199658870697021	chip_tf	FOXP4	
EFO:0009747 TF ChIP-seq GABPB1 genetically modified (insertion) using CRISPR targeting H. sapiens GABPB1	.	TF ChIP-seq	EFO:0009747	WTC11	cell_line	adult		encode	single	True	0.8360226154327393	chip_tf	GABPB1	
EFO:0009747 TF ChIP-seq GRHL2 genetically modified (insertion) using CRISPR targeting H. sapiens GRHL2	.	TF ChIP-seq	EFO:0009747	WTC11	cell_line	adult		encode	paired	True	0.8279081583023071	chip_tf	GRHL2	
EFO:0009747 TF ChIP-seq HMGA2 genetically modified (insertion) using CRISPR targeting H. sapiens HMGA2	.	TF ChIP-seq	EFO:0009747	WTC11	cell_line	adult		encode	paired	True	0.8182101845741272	chip_tf	HMGA2	
EFO:0009747 TF ChIP-seq HMGXB4 genetically modified (insertion) using CRISPR targeting H. sapiens HMGXB4	.	TF ChIP-seq	EFO:0009747	WTC11	cell_line	adult		encode	single	True	0.8219742774963379	chip_tf	HMGXB4	
EFO:0009747 TF ChIP-seq MAX genetically modified (insertion) using CRISPR targeting H. sapiens MAX	.	TF ChIP-seq	EFO:0009747	WTC11	cell_line	adult		encode	single	True	0.7492045760154724	chip_tf	MAX	
EFO:0009747 TF ChIP-seq MYBL2 genetically modified (insertion) using CRISPR targeting H. sapiens MYBL2	.	TF ChIP-seq	EFO:0009747	WTC11	cell_line	adult		encode	single	True	0.9276326298713684	chip_tf	MYBL2	
EFO:0009747 TF ChIP-seq NFE2L1 genetically modified (insertion) using CRISPR targeting H. sapiens NFE2L1	.	TF ChIP-seq	EFO:0009747	WTC11	cell_line	adult		encode	single	True	0.7811117768287659	chip_tf	NFE2L1	
EFO:0009747 TF ChIP-seq NFYB genetically modified (insertion) using CRISPR targeting H. sapiens NFYB	.	TF ChIP-seq	EFO:0009747	WTC11	cell_line	adult		encode	single	True	0.8625380992889404	chip_tf	NFYB	
EFO:0009747 TF ChIP-seq PRDM15 genetically modified (insertion) using CRISPR targeting H. sapiens PRDM15	.	TF ChIP-seq	EFO:0009747	WTC11	cell_line	adult		encode	single	True	0.8829250931739807	chip_tf	PRDM15	
EFO:0009747 TF ChIP-seq SOX15 genetically modified (insertion) using CRISPR targeting H. sapiens SOX15	.	TF ChIP-seq	EFO:0009747	WTC11	cell_line	adult		encode	paired	True	0.8144403696060181	chip_tf	SOX15	
EFO:0009747 TF ChIP-seq SP1 genetically modified (insertion) using CRISPR targeting H. sapiens SP1	.	TF ChIP-seq	EFO:0009747	WTC11	cell_line	adult		encode	single	True	0.8424248099327087	chip_tf	SP1	
EFO:0009747 TF ChIP-seq TEAD1 genetically modified (insertion) using CRISPR targeting H. sapiens TEAD1	.	TF ChIP-seq	EFO:0009747	WTC11	cell_line	adult		encode	single	True	0.8904772996902466	chip_tf	TEAD1	
EFO:0009747 TF ChIP-seq TGIF2 genetically modified (insertion) using CRISPR targeting H. sapiens TGIF2	.	TF ChIP-seq	EFO:0009747	WTC11	cell_line	adult		encode	single	True	0.9260721206665039	chip_tf	TGIF2	
EFO:0009747 TF ChIP-seq TOX4 genetically modified (insertion) using CRISPR targeting H. sapiens TOX4, genetically modified (insertion) using TALEN inserting M. musculus Neurog2	.	TF ChIP-seq	EFO:0009747	WTC11	cell_line	unknown		encode	paired	True	0.7982918620109558	chip_tf	TOX4	
EFO:0009747 TF ChIP-seq TP53 genetically modified (insertion) using CRISPR targeting H. sapiens TP53	.	TF ChIP-seq	EFO:0009747	WTC11	cell_line	adult		encode	single	True	0.9806338548660278	chip_tf	TP53	
EFO:0009747 TF ChIP-seq USF1 genetically modified (insertion) using CRISPR targeting H. sapiens USF1	.	TF ChIP-seq	EFO:0009747	WTC11	cell_line	adult		encode	single	True	0.78555828332901	chip_tf	USF1	
EFO:0009747 TF ChIP-seq USF2 genetically modified (insertion) using CRISPR targeting H. sapiens USF2	.	TF ChIP-seq	EFO:0009747	WTC11	cell_line	adult		encode	single	True	0.8767126202583313	chip_tf	USF2	
EFO:0009747 TF ChIP-seq ZBTB43 genetically modified (insertion) using CRISPR targeting H. sapiens ZBTB43	.	TF ChIP-seq	EFO:0009747	WTC11	cell_line	adult		encode	single	True	0.7904142737388611	chip_tf	ZBTB43	
EFO:0009747 TF ChIP-seq ZNF121 genetically modified (insertion) using CRISPR targeting H. sapiens ZNF121	.	TF ChIP-seq	EFO:0009747	WTC11	cell_line	adult		encode	single	True	1.011366605758667	chip_tf	ZNF121	
EFO:0009747 TF ChIP-seq ZNF143 genetically modified (insertion) using CRISPR targeting H. sapiens ZNF143	.	TF ChIP-seq	EFO:0009747	WTC11	cell_line	adult		encode	single	True	0.7727635502815247	chip_tf	ZNF143	
EFO:0009747 TF ChIP-seq ZNF184 genetically modified (insertion) using CRISPR targeting H. sapiens ZNF184	.	TF ChIP-seq	EFO:0009747	WTC11	cell_line	adult		encode	single	True	0.9689387083053589	chip_tf	ZNF184	
EFO:0009747 TF ChIP-seq ZNF232 genetically modified (insertion) using CRISPR targeting H. sapiens ZNF232	.	TF ChIP-seq	EFO:0009747	WTC11	cell_line	adult		encode	single	True	0.9380617737770081	chip_tf	ZNF232	
EFO:0009747 TF ChIP-seq ZNF263 genetically modified (insertion) using CRISPR targeting H. sapiens ZNF263	.	TF ChIP-seq	EFO:0009747	WTC11	cell_line	adult		encode	single	True	0.8680908679962158	chip_tf	ZNF263	
EFO:0009747 TF ChIP-seq ZNF423 genetically modified (insertion) using CRISPR targeting H. sapiens ZNF423	.	TF ChIP-seq	EFO:0009747	WTC11	cell_line	adult		encode	paired	True	0.8296818733215332	chip_tf	ZNF423	
EFO:0030018 TF ChIP-seq Cebpa	.	TF ChIP-seq	EFO:0030018	BLaER1	cell_line	unknown		encode	single	False	0.9356332421302795	chip_tf	Cebpa	
NTR:0000493 TF ChIP-seq CTCF	.	TF ChIP-seq	NTR:0000493	left ventricle myocardium inferior	tissue	adult		encode	single	False	0.8832361102104187	chip_tf	CTCF	
NTR:0000512 TF ChIP-seq CTCF	.	TF ChIP-seq	NTR:0000512	nephron progenitor cell	in_vitro_differentiated_cells	embryonic		encode	single	False	0.8379740118980408	chip_tf	CTCF	
NTR:0001226 TF ChIP-seq CTCF	.	TF ChIP-seq	NTR:0001226	parathyroid adenoma	tissue	adult		encode	single	False	0.7504282593727112	chip_tf	CTCF	
UBERON:0000317 TF ChIP-seq CTCF	.	TF ChIP-seq	UBERON:0000317	colonic mucosa	tissue	adult		encode	single	False	0.9057393670082092	chip_tf	CTCF	
UBERON:0000473 TF ChIP-seq CTCF	.	TF ChIP-seq	UBERON:0000473	testis	tissue	adult		encode	paired	False	0.7873856425285339	chip_tf	CTCF	
UBERON:0000945 TF ChIP-seq CTCF	.	TF ChIP-seq	UBERON:0000945	stomach	tissue	adult		encode	paired	False	0.7626453638076782	chip_tf	CTCF	
UBERON:0000945 TF ChIP-seq POLR2A	.	TF ChIP-seq	UBERON:0000945	stomach	tissue	adult		encode	paired	False	0.7864598631858826	chip_tf	POLR2A	
UBERON:0000945 TF ChIP-seq POLR2AphosphoS5	.	TF ChIP-seq	UBERON:0000945	stomach	tissue	adult		encode	paired	False	0.771416962146759	chip_tf	POLR2AphosphoS5	
UBERON:0000955 TF ChIP-seq CTCF	.	TF ChIP-seq	UBERON:0000955	brain	organoid	embryonic		encode	single	False	0.8069330453872681	chip_tf	CTCF	
UBERON:0000992 TF ChIP-seq CTCF	.	TF ChIP-seq	UBERON:0000992	ovary	tissue	adult		encode	paired	False	0.7582445740699768	chip_tf	CTCF	
UBERON:0000992 TF ChIP-seq POLR2A	.	TF ChIP-seq	UBERON:0000992	ovary	tissue	adult		encode	paired	False	0.8165345191955566	chip_tf	POLR2A	
UBERON:0000995 TF ChIP-seq CTCF	.	TF ChIP-seq	UBERON:0000995	uterus	tissue	adult		encode	paired	False	0.771110475063324	chip_tf	CTCF	
UBERON:0000995 TF ChIP-seq POLR2A	.	TF ChIP-seq	UBERON:0000995	uterus	tissue	adult		encode	paired	False	0.7721084356307983	chip_tf	POLR2A	
UBERON:0000996 TF ChIP-seq CTCF	.	TF ChIP-seq	UBERON:0000996	vagina	tissue	adult		encode	paired	False	0.8318383097648621	chip_tf	CTCF	
UBERON:0000996 TF ChIP-seq POLR2A	.	TF ChIP-seq	UBERON:0000996	vagina	tissue	adult		encode	paired	False	0.964464545249939	chip_tf	POLR2A	
UBERON:0000996 TF ChIP-seq POLR2AphosphoS5	.	TF ChIP-seq	UBERON:0000996	vagina	tissue	adult		encode	paired	False	1.2727644443511963	chip_tf	POLR2AphosphoS5	
UBERON:0001114 TF ChIP-seq CTCF	.	TF ChIP-seq	UBERON:0001114	right lobe of liver	tissue	adult		encode	paired	False	0.9131947159767151	chip_tf	CTCF	
UBERON:0001114 TF ChIP-seq POLR2A	.	TF ChIP-seq	UBERON:0001114	right lobe of liver	tissue	adult		encode	paired	False	0.8642057776451111	chip_tf	POLR2A	
UBERON:0001150 TF ChIP-seq CTCF	.	TF ChIP-seq	UBERON:0001150	body of pancreas	tissue	adult		encode	paired	False	0.633335530757904	chip_tf	CTCF	
UBERON:0001150 TF ChIP-seq POLR2A	.	TF ChIP-seq	UBERON:0001150	body of pancreas	tissue	adult		encode	paired	False	0.6484247446060181	chip_tf	POLR2A	
UBERON:0001157 TF ChIP-seq CTCF	.	TF ChIP-seq	UBERON:0001157	transverse colon	tissue	adult		encode	paired	False	0.7121732234954834	chip_tf	CTCF	
UBERON:0001157 TF ChIP-seq EP300	.	TF ChIP-seq	UBERON:0001157	transverse colon	tissue	adult		encode	paired	False	1.2841821908950806	chip_tf	EP300	
UBERON:0001157 TF ChIP-seq POLR2A	.	TF ChIP-seq	UBERON:0001157	transverse colon	tissue	adult		encode	paired	False	0.7271764874458313	chip_tf	POLR2A	
UBERON:0001157 TF ChIP-seq POLR2AphosphoS5	.	TF ChIP-seq	UBERON:0001157	transverse colon	tissue	adult		encode	paired	False	0.7033071517944336	chip_tf	POLR2AphosphoS5	
UBERON:0001159 TF ChIP-seq CTCF	.	TF ChIP-seq	UBERON:0001159	sigmoid colon	tissue	adult		encode	paired	False	0.7886322140693665	chip_tf	CTCF	
UBERON:0001159 TF ChIP-seq EP300	.	TF ChIP-seq	UBERON:0001159	sigmoid colon	tissue	adult		encode	paired	False	0.7754862308502197	chip_tf	EP300	
UBERON:0001159 TF ChIP-seq POLR2A	.	TF ChIP-seq	UBERON:0001159	sigmoid colon	tissue	adult		encode	paired	False	0.7840871214866638	chip_tf	POLR2A	
UBERON:0001159 TF ChIP-seq POLR2AphosphoS5	.	TF ChIP-seq	UBERON:0001159	sigmoid colon	tissue	adult		encode	paired	False	0.6263894438743591	chip_tf	POLR2AphosphoS5	
UBERON:0001211 TF ChIP-seq CTCF	.	TF ChIP-seq	UBERON:0001211	Peyer's patch	tissue	adult		encode	paired	False	0.7081467509269714	chip_tf	CTCF	
UBERON:0001211 TF ChIP-seq POLR2A	.	TF ChIP-seq	UBERON:0001211	Peyer's patch	tissue	adult		encode	paired	False	0.7387370467185974	chip_tf	POLR2A	
UBERON:0001264 TF ChIP-seq CTCF	.	TF ChIP-seq	UBERON:0001264	pancreas	tissue	adult		encode	single	False	0.8030033707618713	chip_tf	CTCF	
UBERON:0001285 TF ChIP-seq CTCF	.	TF ChIP-seq	UBERON:0001285	nephron	organoid	embryonic		encode	single	False	0.7706100940704346	chip_tf	CTCF	
UBERON:0001323 TF ChIP-seq CTCF	.	TF ChIP-seq	UBERON:0001323	tibial nerve	tissue	adult		encode	paired	False	0.6935438513755798	chip_tf	CTCF	
UBERON:0001323 TF ChIP-seq EP300	.	TF ChIP-seq	UBERON:0001323	tibial nerve	tissue	adult		encode	paired	False	0.7660417556762695	chip_tf	EP300	
UBERON:0001323 TF ChIP-seq POLR2A	.	TF ChIP-seq	UBERON:0001323	tibial nerve	tissue	adult		encode	paired	False	0.792539656162262	chip_tf	POLR2A	
UBERON:0001496 TF ChIP-seq CTCF	.	TF ChIP-seq	UBERON:0001496	ascending aorta	tissue	adult		encode	paired	False	0.900669515132904	chip_tf	CTCF	
UBERON:0001515 TF ChIP-seq CTCF	.	TF ChIP-seq	UBERON:0001515	thoracic aorta	tissue	adult		encode	single	False	0.9554325342178345	chip_tf	CTCF	
UBERON:0001621 TF ChIP-seq CTCF	.	TF ChIP-seq	UBERON:0001621	coronary artery	tissue	adult		encode	single	False	0.9447802305221558	chip_tf	CTCF	
UBERON:0001987 TF ChIP-seq CTCF	.	TF ChIP-seq	UBERON:0001987	placenta	tissue	embryonic		encode	single	False	0.7866734266281128	chip_tf	CTCF	
UBERON:0002046 TF ChIP-seq CTCF	.	TF ChIP-seq	UBERON:0002046	thyroid gland	tissue	adult		encode	paired	False	0.6934561133384705	chip_tf	CTCF	
UBERON:0002046 TF ChIP-seq POLR2A	.	TF ChIP-seq	UBERON:0002046	thyroid gland	tissue	adult		encode	paired	False	0.8287394046783447	chip_tf	POLR2A	
UBERON:0002080 TF ChIP-seq CTCF	.	TF ChIP-seq	UBERON:0002080	heart right ventricle	tissue	adult		encode	single	False	0.7694967985153198	chip_tf	CTCF	
UBERON:0002084 TF ChIP-seq CTCF	.	TF ChIP-seq	UBERON:0002084	heart left ventricle	tissue	adult		encode	single	False	0.7588516473770142	chip_tf	CTCF	
UBERON:0002084 TF ChIP-seq POLR2A	.	TF ChIP-seq	UBERON:0002084	heart left ventricle	tissue	adult		encode	paired	False	1.0073192119598389	chip_tf	POLR2A	
UBERON:0002106 TF ChIP-seq CTCF	.	TF ChIP-seq	UBERON:0002106	spleen	tissue	adult		encode	paired	False	0.7327548265457153	chip_tf	CTCF	
UBERON:0002106 TF ChIP-seq POLR2A	.	TF ChIP-seq	UBERON:0002106	spleen	tissue	adult		encode	paired	False	0.8179008960723877	chip_tf	POLR2A	
UBERON:0002106 TF ChIP-seq POLR2AphosphoS5	.	TF ChIP-seq	UBERON:0002106	spleen	tissue	adult		encode	paired	False	0.8303864002227783	chip_tf	POLR2AphosphoS5	
UBERON:0002107 TF ChIP-seq ATF3	.	TF ChIP-seq	UBERON:0002107	liver	tissue	adult		encode	single	False	0.8291417360305786	chip_tf	ATF3	
UBERON:0002107 TF ChIP-seq CTCF	.	TF ChIP-seq	UBERON:0002107	liver	tissue	child,adult		encode	single	False	0.9286914467811584	chip_tf	CTCF	
UBERON:0002107 TF ChIP-seq EGR1	.	TF ChIP-seq	UBERON:0002107	liver	tissue	adult		encode	single	False	0.9185616374015808	chip_tf	EGR1	
UBERON:0002107 TF ChIP-seq FOXA1	.	TF ChIP-seq	UBERON:0002107	liver	tissue	adult		encode	single	False	0.9144059419631958	chip_tf	FOXA1	
UBERON:0002107 TF ChIP-seq FOXA2	.	TF ChIP-seq	UBERON:0002107	liver	tissue	adult		encode	single	False	0.8166743516921997	chip_tf	FOXA2	
UBERON:0002107 TF ChIP-seq GABPA	.	TF ChIP-seq	UBERON:0002107	liver	tissue	adult		encode	single	False	0.7945700287818909	chip_tf	GABPA	
UBERON:0002107 TF ChIP-seq HNF4A	.	TF ChIP-seq	UBERON:0002107	liver	tissue	adult		encode	single	False	0.7481765151023865	chip_tf	HNF4A	
UBERON:0002107 TF ChIP-seq HNF4G	.	TF ChIP-seq	UBERON:0002107	liver	tissue	child		encode	single	False	0.8060025572776794	chip_tf	HNF4G	
UBERON:0002107 TF ChIP-seq JUND	.	TF ChIP-seq	UBERON:0002107	liver	tissue	adult		encode	single	False	0.8162035346031189	chip_tf	JUND	
UBERON:0002107 TF ChIP-seq MAX	.	TF ChIP-seq	UBERON:0002107	liver	tissue	adult		encode	single	False	0.7345631718635559	chip_tf	MAX	
UBERON:0002107 TF ChIP-seq NR2F2	.	TF ChIP-seq	UBERON:0002107	liver	tissue	adult		encode	single	False	0.843869686126709	chip_tf	NR2F2	
UBERON:0002107 TF ChIP-seq RAD21	.	TF ChIP-seq	UBERON:0002107	liver	tissue	adult		encode	single	False	0.6999995112419128	chip_tf	RAD21	
UBERON:0002107 TF ChIP-seq REST	.	TF ChIP-seq	UBERON:0002107	liver	tissue	adult		encode	single	False	0.8216601610183716	chip_tf	REST	
UBERON:0002107 TF ChIP-seq RXRA	.	TF ChIP-seq	UBERON:0002107	liver	tissue	adult		encode	single	False	0.723956286907196	chip_tf	RXRA	
UBERON:0002107 TF ChIP-seq SP1	.	TF ChIP-seq	UBERON:0002107	liver	tissue	adult		encode	single	False	0.7119137644767761	chip_tf	SP1	
UBERON:0002107 TF ChIP-seq TAF1	.	TF ChIP-seq	UBERON:0002107	liver	tissue	child		encode	single	False	0.8605258464813232	chip_tf	TAF1	
UBERON:0002107 TF ChIP-seq YY1	.	TF ChIP-seq	UBERON:0002107	liver	tissue	adult		encode	single	False	0.7411702275276184	chip_tf	YY1	
UBERON:0002107 TF ChIP-seq ZBTB33	.	TF ChIP-seq	UBERON:0002107	liver	tissue	adult		encode	single	False	0.781875729560852	chip_tf	ZBTB33	
UBERON:0002168 TF ChIP-seq CTCF	.	TF ChIP-seq	UBERON:0002168	left lung	tissue	adult		encode	single	False	0.8585008978843689	chip_tf	CTCF	
UBERON:0002170 TF ChIP-seq CTCF	.	TF ChIP-seq	UBERON:0002170	upper lobe of right lung	tissue	adult		encode	single	False	0.872957706451416	chip_tf	CTCF	
UBERON:0002171 TF ChIP-seq CTCF	.	TF ChIP-seq	UBERON:0002171	lower lobe of right lung	tissue	adult		encode	single	False	0.9048076272010803	chip_tf	CTCF	
UBERON:0002367 TF ChIP-seq CTCF	.	TF ChIP-seq	UBERON:0002367	prostate gland	tissue	adult		encode	paired	False	0.7694512009620667	chip_tf	CTCF	
UBERON:0002367 TF ChIP-seq POLR2A	.	TF ChIP-seq	UBERON:0002367	prostate gland	tissue	adult		encode	paired	False	0.8025744557380676	chip_tf	POLR2A	
UBERON:0002367 TF ChIP-seq POLR2AphosphoS5	.	TF ChIP-seq	UBERON:0002367	prostate gland	tissue	adult		encode	paired	False	0.7898870706558228	chip_tf	POLR2AphosphoS5	
UBERON:0002369 TF ChIP-seq CTCF	.	TF ChIP-seq	UBERON:0002369	adrenal gland	tissue	adult		encode	paired	False	0.6967421174049377	chip_tf	CTCF	
UBERON:0002369 TF ChIP-seq POLR2A	.	TF ChIP-seq	UBERON:0002369	adrenal gland	tissue	adult		encode	paired	False	0.7263386249542236	chip_tf	POLR2A	
UBERON:0004264 TF ChIP-seq CTCF	.	TF ChIP-seq	UBERON:0004264	lower leg skin	tissue	adult		encode	paired	False	0.7847298383712769	chip_tf	CTCF	
UBERON:0004264 TF ChIP-seq POLR2A	.	TF ChIP-seq	UBERON:0004264	lower leg skin	tissue	adult		encode	paired	False	1.0131124258041382	chip_tf	POLR2A	
UBERON:0004550 TF ChIP-seq CTCF	.	TF ChIP-seq	UBERON:0004550	gastroesophageal sphincter	tissue	adult		encode	paired	False	0.823535144329071	chip_tf	CTCF	
UBERON:0004550 TF ChIP-seq EP300	.	TF ChIP-seq	UBERON:0004550	gastroesophageal sphincter	tissue	adult		encode	paired	False	1.166675090789795	chip_tf	EP300	
UBERON:0004550 TF ChIP-seq POLR2A	.	TF ChIP-seq	UBERON:0004550	gastroesophageal sphincter	tissue	adult		encode	paired	False	0.7530485391616821	chip_tf	POLR2A	
UBERON:0004550 TF ChIP-seq POLR2AphosphoS5	.	TF ChIP-seq	UBERON:0004550	gastroesophageal sphincter	tissue	adult		encode	paired	False	1.3049920797348022	chip_tf	POLR2AphosphoS5	
UBERON:0004648 TF ChIP-seq CTCF	.	TF ChIP-seq	UBERON:0004648	esophagus muscularis mucosa	tissue	adult		encode	paired	False	0.7832911610603333	chip_tf	CTCF	
UBERON:0004648 TF ChIP-seq POLR2A	.	TF ChIP-seq	UBERON:0004648	esophagus muscularis mucosa	tissue	adult		encode	paired	False	1.0356718301773071	chip_tf	POLR2A	
UBERON:0004648 TF ChIP-seq POLR2AphosphoS5	.	TF ChIP-seq	UBERON:0004648	esophagus muscularis mucosa	tissue	adult		encode	paired	False	0.6784900426864624	chip_tf	POLR2AphosphoS5	
UBERON:0004992 TF ChIP-seq CTCF	.	TF ChIP-seq	UBERON:0004992	mucosa of descending colon	tissue	adult		encode	single	False	0.9853171110153198	chip_tf	CTCF	
UBERON:0006631 TF ChIP-seq CTCF	.	TF ChIP-seq	UBERON:0006631	right atrium auricular region	tissue	adult		encode	single	False	0.8300953507423401	chip_tf	CTCF	
UBERON:0006920 TF ChIP-seq CTCF	.	TF ChIP-seq	UBERON:0006920	esophagus squamous epithelium	tissue	adult		encode	paired	False	0.7643803954124451	chip_tf	CTCF	
UBERON:0006920 TF ChIP-seq POLR2A	.	TF ChIP-seq	UBERON:0006920	esophagus squamous epithelium	tissue	adult		encode	paired	False	0.7627233862876892	chip_tf	POLR2A	
UBERON:0007610 TF ChIP-seq CTCF	.	TF ChIP-seq	UBERON:0007610	tibial artery	tissue	adult		encode	paired	False	1.0073471069335938	chip_tf	CTCF	
UBERON:0008367 TF ChIP-seq CTCF	.	TF ChIP-seq	UBERON:0008367	breast epithelium	tissue	adult		encode	paired	False	0.788176953792572	chip_tf	CTCF	
UBERON:0008367 TF ChIP-seq POLR2A	.	TF ChIP-seq	UBERON:0008367	breast epithelium	tissue	adult		encode	paired	False	0.8360593318939209	chip_tf	POLR2A	
UBERON:0008367 TF ChIP-seq POLR2AphosphoS5	.	TF ChIP-seq	UBERON:0008367	breast epithelium	tissue	adult		encode	paired	False	0.8178426623344421	chip_tf	POLR2AphosphoS5	
UBERON:0008450 TF ChIP-seq CTCF	.	TF ChIP-seq	UBERON:0008450	psoas muscle	tissue	adult		encode	single	False	1.0725865364074707	chip_tf	CTCF	
UBERON:0008952 TF ChIP-seq CTCF	.	TF ChIP-seq	UBERON:0008952	upper lobe of left lung	tissue	adult		encode	paired	False	0.7110802531242371	chip_tf	CTCF	
UBERON:0008952 TF ChIP-seq EP300	.	TF ChIP-seq	UBERON:0008952	upper lobe of left lung	tissue	adult		encode	paired	False	0.7667781710624695	chip_tf	EP300	
UBERON:0008952 TF ChIP-seq POLR2A	.	TF ChIP-seq	UBERON:0008952	upper lobe of left lung	tissue	adult		encode	paired	False	0.7265744805335999	chip_tf	POLR2A	
UBERON:0008952 TF ChIP-seq POLR2AphosphoS5	.	TF ChIP-seq	UBERON:0008952	upper lobe of left lung	tissue	adult		encode	paired	False	0.8310160636901855	chip_tf	POLR2AphosphoS5	
UBERON:0008953 TF ChIP-seq CTCF	.	TF ChIP-seq	UBERON:0008953	lower lobe of left lung	tissue	adult		encode	single	False	0.8122490644454956	chip_tf	CTCF	
UBERON:0009834 TF ChIP-seq CTCF	.	TF ChIP-seq	UBERON:0009834	dorsolateral prefrontal cortex	tissue	adult		encode	single	False	0.7808154821395874	chip_tf	CTCF	
UBERON:0010414 TF ChIP-seq CTCF	.	TF ChIP-seq	UBERON:0010414	omental fat pad	tissue	adult		encode	paired	False	0.8262284398078918	chip_tf	CTCF	
UBERON:0011907 TF ChIP-seq CTCF	.	TF ChIP-seq	UBERON:0011907	gastrocnemius medialis	tissue	adult		encode	paired	False	0.7411857843399048	chip_tf	CTCF	
UBERON:0011907 TF ChIP-seq POLR2A	.	TF ChIP-seq	UBERON:0011907	gastrocnemius medialis	tissue	adult		encode	paired	False	0.6961440443992615	chip_tf	POLR2A	
UBERON:0036149 TF ChIP-seq CTCF	.	TF ChIP-seq	UBERON:0036149	suprapubic skin	tissue	adult		encode	paired	False	0.7931932210922241	chip_tf	CTCF	
UBERON:0036149 TF ChIP-seq POLR2A	.	TF ChIP-seq	UBERON:0036149	suprapubic skin	tissue	adult		encode	paired	False	0.898074746131897	chip_tf	POLR2A	
UBERON:0036149 TF ChIP-seq POLR2AphosphoS5	.	TF ChIP-seq	UBERON:0036149	suprapubic skin	tissue	adult		encode	paired	False	0.8308342099189758	chip_tf	POLR2AphosphoS5	
CL:0000047 Histone ChIP-seq H2AFZ	.	Histone ChIP-seq	CL:0000047	neuronal stem cell	in_vitro_differentiated_cells	embryonic		encode	single	False	0.9536862373352051	chip_histone		H2AFZ
CL:0000047 Histone ChIP-seq H2AK5ac	.	Histone ChIP-seq	CL:0000047	neuronal stem cell	in_vitro_differentiated_cells	embryonic		encode	single	False	0.8193653225898743	chip_histone		H2AK5ac
CL:0000047 Histone ChIP-seq H2BK5ac	.	Histone ChIP-seq	CL:0000047	neuronal stem cell	in_vitro_differentiated_cells	embryonic		encode	single	False	1.0392050743103027	chip_histone		H2BK5ac
CL:0000047 Histone ChIP-seq H3K18ac	.	Histone ChIP-seq	CL:0000047	neuronal stem cell	in_vitro_differentiated_cells	embryonic		encode	single	False	1.0500943660736084	chip_histone		H3K18ac
CL:0000047 Histone ChIP-seq H3K27ac	.	Histone ChIP-seq	CL:0000047	neuronal stem cell	in_vitro_differentiated_cells	embryonic		encode	single	False	0.7851823568344116	chip_histone		H3K27ac
CL:0000047 Histone ChIP-seq H3K27me3	.	Histone ChIP-seq	CL:0000047	neuronal stem cell	in_vitro_differentiated_cells	embryonic		encode	single	False	0.770723819732666	chip_histone		H3K27me3
CL:0000047 Histone ChIP-seq H3K36me3	.	Histone ChIP-seq	CL:0000047	neuronal stem cell	in_vitro_differentiated_cells	embryonic		encode	single	False	0.7708343863487244	chip_histone		H3K36me3
CL:0000047 Histone ChIP-seq H3K4me1	.	Histone ChIP-seq	CL:0000047	neuronal stem cell	in_vitro_differentiated_cells	embryonic		encode	single	False	0.7552356719970703	chip_histone		H3K4me1
CL:0000047 Histone ChIP-seq H3K4me2	.	Histone ChIP-seq	CL:0000047	neuronal stem cell	in_vitro_differentiated_cells	embryonic		encode	single	False	4.456033229827881	chip_histone		H3K4me2
CL:0000047 Histone ChIP-seq H3K4me3	.	Histone ChIP-seq	CL:0000047	neuronal stem cell	in_vitro_differentiated_cells	embryonic		encode	single	False	0.7188356518745422	chip_histone		H3K4me3
CL:0000047 Histone ChIP-seq H3K9me3	.	Histone ChIP-seq	CL:0000047	neuronal stem cell	in_vitro_differentiated_cells	embryonic		encode	single	False	0.9412810802459717	chip_histone		H3K9me3
CL:0000062 Histone ChIP-seq H2AFZ	.	Histone ChIP-seq	CL:0000062	osteoblast	primary_cell	unknown		encode	single	False	0.8986108303070068	chip_histone		H2AFZ
CL:0000062 Histone ChIP-seq H3K27ac	.	Histone ChIP-seq	CL:0000062	osteoblast	primary_cell	unknown		encode	single	False	0.9727509021759033	chip_histone		H3K27ac
CL:0000062 Histone ChIP-seq H3K27me3	.	Histone ChIP-seq	CL:0000062	osteoblast	primary_cell	unknown		encode	single	False	1.0972812175750732	chip_histone		H3K27me3
CL:0000062 Histone ChIP-seq H3K36me3	.	Histone ChIP-seq	CL:0000062	osteoblast	primary_cell	unknown		encode	single	False	1.015264868736267	chip_histone		H3K36me3
CL:0000062 Histone ChIP-seq H3K4me1	.	Histone ChIP-seq	CL:0000062	osteoblast	primary_cell	unknown		encode	single	False	1.1814732551574707	chip_histone		H3K4me1
CL:0000062 Histone ChIP-seq H3K4me2	.	Histone ChIP-seq	CL:0000062	osteoblast	primary_cell	unknown		encode	single	False	1.0706583261489868	chip_histone		H3K4me2
CL:0000062 Histone ChIP-seq H3K4me3	.	Histone ChIP-seq	CL:0000062	osteoblast	primary_cell	unknown		encode	single	False	0.8181998133659363	chip_histone		H3K4me3
CL:0000062 Histone ChIP-seq H3K79me2	.	Histone ChIP-seq	CL:0000062	osteoblast	primary_cell	unknown		encode	single	False	0.9088215231895447	chip_histone		H3K79me2
CL:0000062 Histone ChIP-seq H4K20me1	.	Histone ChIP-seq	CL:0000062	osteoblast	primary_cell	unknown		encode	single	False	0.9834175109863281	chip_histone		H4K20me1
CL:0000084 Histone ChIP-seq H3K27ac	.	Histone ChIP-seq	CL:0000084	T-cell	primary_cell	adult		encode	single	False	0.9991254806518555	chip_histone		H3K27ac
CL:0000084 Histone ChIP-seq H3K27me3	.	Histone ChIP-seq	CL:0000084	T-cell	primary_cell	adult		encode	single	False	1.5949115753173828	chip_histone		H3K27me3
CL:0000084 Histone ChIP-seq H3K36me3	.	Histone ChIP-seq	CL:0000084	T-cell	primary_cell	adult		encode	single	False	1.556289553642273	chip_histone		H3K36me3
CL:0000084 Histone ChIP-seq H3K4me1	.	Histone ChIP-seq	CL:0000084	T-cell	primary_cell	adult		encode	single	False	1.8891668319702148	chip_histone		H3K4me1
CL:0000084 Histone ChIP-seq H3K4me3	.	Histone ChIP-seq	CL:0000084	T-cell	primary_cell	adult		encode	single	False	1.0828938484191895	chip_histone		H3K4me3
CL:0000084 Histone ChIP-seq H3K9me3	.	Histone ChIP-seq	CL:0000084	T-cell	primary_cell	adult		encode	single	False	1.4542584419250488	chip_histone		H3K9me3
CL:0000100 Histone ChIP-seq H3K27ac	.	Histone ChIP-seq	CL:0000100	motor neuron	in_vitro_differentiated_cells	adult		encode	paired	False	0.7073226571083069	chip_histone		H3K27ac
CL:0000100 Histone ChIP-seq H3K4me1	.	Histone ChIP-seq	CL:0000100	motor neuron	in_vitro_differentiated_cells	adult		encode	paired	False	0.7302386164665222	chip_histone		H3K4me1
CL:0000100 Histone ChIP-seq H3K4me3	.	Histone ChIP-seq	CL:0000100	motor neuron	in_vitro_differentiated_cells	adult		encode	paired	False	0.5290273427963257	chip_histone		H3K4me3
CL:0000127 Histone ChIP-seq H2AFZ	.	Histone ChIP-seq	CL:0000127	astrocyte	primary_cell	unknown		encode	single	False	0.9853001832962036	chip_histone		H2AFZ
CL:0000127 Histone ChIP-seq H3K27ac	.	Histone ChIP-seq	CL:0000127	astrocyte	primary_cell	unknown		encode	single	False	1.4272104501724243	chip_histone		H3K27ac
CL:0000127 Histone ChIP-seq H3K27me3	.	Histone ChIP-seq	CL:0000127	astrocyte	primary_cell	unknown		encode	single	False	1.2708724737167358	chip_histone		H3K27me3
CL:0000127 Histone ChIP-seq H3K36me3	.	Histone ChIP-seq	CL:0000127	astrocyte	primary_cell	unknown		encode	single	False	1.2181681394577026	chip_histone		H3K36me3
CL:0000127 Histone ChIP-seq H3K4me1	.	Histone ChIP-seq	CL:0000127	astrocyte	primary_cell	unknown		encode	single	False	1.2631609439849854	chip_histone		H3K4me1
CL:0000127 Histone ChIP-seq H3K4me2	.	Histone ChIP-seq	CL:0000127	astrocyte	primary_cell	unknown		encode	single	False	0.9199391603469849	chip_histone		H3K4me2
CL:0000127 Histone ChIP-seq H3K4me3	.	Histone ChIP-seq	CL:0000127	astrocyte	primary_cell	unknown		encode	single	False	1.1788583993911743	chip_histone		H3K4me3
CL:0000127 Histone ChIP-seq H3K79me2	.	Histone ChIP-seq	CL:0000127	astrocyte	primary_cell	unknown		encode	single	False	1.0779250860214233	chip_histone		H3K79me2
CL:0000127 Histone ChIP-seq H3K9ac	.	Histone ChIP-seq	CL:0000127	astrocyte	primary_cell	unknown		encode	single	False	0.8123817443847656	chip_histone		H3K9ac
CL:0000127 Histone ChIP-seq H4K20me1	.	Histone ChIP-seq	CL:0000127	astrocyte	primary_cell	unknown		encode	single	False	0.8229295611381531	chip_histone		H4K20me1
CL:0000134 Histone ChIP-seq H2BK120ac	.	Histone ChIP-seq	CL:0000134	mesenchymal stem cell	in_vitro_differentiated_cells	embryonic		encode	single	False	1.5077080726623535	chip_histone		H2BK120ac
CL:0000134 Histone ChIP-seq H2BK12ac	.	Histone ChIP-seq	CL:0000134	mesenchymal stem cell	in_vitro_differentiated_cells	embryonic		encode	single	False	1.1039183139801025	chip_histone		H2BK12ac
CL:0000134 Histone ChIP-seq H3K14ac	.	Histone ChIP-seq	CL:0000134	mesenchymal stem cell	in_vitro_differentiated_cells	embryonic		encode	single	False	1.2969588041305542	chip_histone		H3K14ac
CL:0000134 Histone ChIP-seq H3K18ac	.	Histone ChIP-seq	CL:0000134	mesenchymal stem cell	in_vitro_differentiated_cells	embryonic		encode	single	False	1.0279197692871094	chip_histone		H3K18ac
CL:0000134 Histone ChIP-seq H3K27ac	.	Histone ChIP-seq	CL:0000134	mesenchymal stem cell	in_vitro_differentiated_cells	embryonic		encode	single	False	0.7909675240516663	chip_histone		H3K27ac
CL:0000134 Histone ChIP-seq H3K27me3	.	Histone ChIP-seq	CL:0000134	mesenchymal stem cell	primary_cell	adult		encode	single	False	1.0067557096481323	chip_histone		H3K27me3
CL:0000134 Histone ChIP-seq H3K36me3	.	Histone ChIP-seq	CL:0000134	mesenchymal stem cell	primary_cell	adult		encode	single	False	0.9950606822967529	chip_histone		H3K36me3
CL:0000134 Histone ChIP-seq H3K4ac	.	Histone ChIP-seq	CL:0000134	mesenchymal stem cell	in_vitro_differentiated_cells	embryonic		encode	single	False	1.0210992097854614	chip_histone		H3K4ac
CL:0000134 Histone ChIP-seq H3K4me1	.	Histone ChIP-seq	CL:0000134	mesenchymal stem cell	primary_cell	adult		encode	single	False	1.1552000045776367	chip_histone		H3K4me1
CL:0000134 Histone ChIP-seq H3K4me3	.	Histone ChIP-seq	CL:0000134	mesenchymal stem cell	primary_cell	adult		encode	single	False	0.9800390601158142	chip_histone		H3K4me3
CL:0000134 Histone ChIP-seq H3K9ac	.	Histone ChIP-seq	CL:0000134	mesenchymal stem cell	primary_cell	adult		encode	single	False	0.8497458100318909	chip_histone		H3K9ac
CL:0000134 Histone ChIP-seq H3K9me3	.	Histone ChIP-seq	CL:0000134	mesenchymal stem cell	primary_cell	adult		encode	single	False	1.0167886018753052	chip_histone		H3K9me3
CL:0000134 Histone ChIP-seq H4K8ac	.	Histone ChIP-seq	CL:0000134	mesenchymal stem cell	in_vitro_differentiated_cells	embryonic		encode	single	False	1.4190325736999512	chip_histone		H4K8ac
CL:0000134 Histone ChIP-seq H4K91ac	.	Histone ChIP-seq	CL:0000134	mesenchymal stem cell	in_vitro_differentiated_cells	embryonic		encode	single	False	1.3199173212051392	chip_histone		H4K91ac
CL:0000136 Histone ChIP-seq H3K27me3	.	Histone ChIP-seq	CL:0000136	adipocyte	in_vitro_differentiated_cells	adult		encode	single	False	0.963962733745575	chip_histone		H3K27me3
CL:0000136 Histone ChIP-seq H3K36me3	.	Histone ChIP-seq	CL:0000136	adipocyte	in_vitro_differentiated_cells	adult		encode	single	False	0.9868001341819763	chip_histone		H3K36me3
CL:0000136 Histone ChIP-seq H3K4me1	.	Histone ChIP-seq	CL:0000136	adipocyte	in_vitro_differentiated_cells	adult		encode	single	False	1.0046213865280151	chip_histone		H3K4me1
CL:0000136 Histone ChIP-seq H3K4me3	.	Histone ChIP-seq	CL:0000136	adipocyte	in_vitro_differentiated_cells	adult		encode	single	False	0.9553647637367249	chip_histone		H3K4me3
CL:0000136 Histone ChIP-seq H3K9ac	.	Histone ChIP-seq	CL:0000136	adipocyte	in_vitro_differentiated_cells	adult		encode	single	False	0.9475537538528442	chip_histone		H3K9ac
CL:0000136 Histone ChIP-seq H3K9me3	.	Histone ChIP-seq	CL:0000136	adipocyte	in_vitro_differentiated_cells	adult		encode	single	False	0.9842337965965271	chip_histone		H3K9me3
CL:0000182 Histone ChIP-seq H2AFZ	.	Histone ChIP-seq	CL:0000182	hepatocyte	in_vitro_differentiated_cells	embryonic		encode	single	False	0.7985633611679077	chip_histone		H2AFZ
CL:0000182 Histone ChIP-seq H3K27ac	.	Histone ChIP-seq	CL:0000182	hepatocyte	in_vitro_differentiated_cells	embryonic		encode	single	False	0.7550026774406433	chip_histone		H3K27ac
CL:0000182 Histone ChIP-seq H3K4me1	.	Histone ChIP-seq	CL:0000182	hepatocyte	in_vitro_differentiated_cells	embryonic		encode	single	False	0.8030983805656433	chip_histone		H3K4me1
CL:0000182 Histone ChIP-seq H3K4me2	.	Histone ChIP-seq	CL:0000182	hepatocyte	in_vitro_differentiated_cells	embryonic		encode	single	False	0.7852492928504944	chip_histone		H3K4me2
CL:0000182 Histone ChIP-seq H3K4me3	.	Histone ChIP-seq	CL:0000182	hepatocyte	in_vitro_differentiated_cells	embryonic		encode	single	False	0.8021527528762817	chip_histone		H3K4me3
CL:0000182 Histone ChIP-seq H3K79me2	.	Histone ChIP-seq	CL:0000182	hepatocyte	in_vitro_differentiated_cells	embryonic		encode	single	False	0.7845624685287476	chip_histone		H3K79me2
CL:0000182 Histone ChIP-seq H3K9ac	.	Histone ChIP-seq	CL:0000182	hepatocyte	in_vitro_differentiated_cells	embryonic		encode	single	False	0.8397226333618164	chip_histone		H3K9ac
CL:0000188 Histone ChIP-seq H3K4me3	.	Histone ChIP-seq	CL:0000188	skeletal muscle cell	primary_cell	unknown		encode	single	False	2.709303379058838	chip_histone		H3K4me3
CL:0000192 Histone ChIP-seq H2AFZ	.	Histone ChIP-seq	CL:0000192	smooth muscle cell	in_vitro_differentiated_cells	embryonic		encode	single	False	0.821370005607605	chip_histone		H2AFZ
CL:0000192 Histone ChIP-seq H3K27ac	.	Histone ChIP-seq	CL:0000192	smooth muscle cell	in_vitro_differentiated_cells	embryonic		encode	single	False	0.839430570602417	chip_histone		H3K27ac
CL:0000192 Histone ChIP-seq H3K27me3	.	Histone ChIP-seq	CL:0000192	smooth muscle cell	in_vitro_differentiated_cells	embryonic		encode	single	False	0.8422687649726868	chip_histone		H3K27me3
CL:0000192 Histone ChIP-seq H3K4me1	.	Histone ChIP-seq	CL:0000192	smooth muscle cell	in_vitro_differentiated_cells	embryonic		encode	single	False	0.8201920390129089	chip_histone		H3K4me1
CL:0000192 Histone ChIP-seq H3K4me2	.	Histone ChIP-seq	CL:0000192	smooth muscle cell	in_vitro_differentiated_cells	embryonic		encode	single	False	0.806756854057312	chip_histone		H3K4me2
CL:0000192 Histone ChIP-seq H3K4me3	.	Histone ChIP-seq	CL:0000192	smooth muscle cell	in_vitro_differentiated_cells	embryonic		encode	single	False	0.8416850566864014	chip_histone		H3K4me3
CL:0000192 Histone ChIP-seq H3K79me2	.	Histone ChIP-seq	CL:0000192	smooth muscle cell	in_vitro_differentiated_cells	embryonic		encode	single	False	0.8435471057891846	chip_histone		H3K79me2
CL:0000192 Histone ChIP-seq H3K9ac	.	Histone ChIP-seq	CL:0000192	smooth muscle cell	in_vitro_differentiated_cells	embryonic		encode	single	False	0.858325719833374	chip_histone		H3K9ac
CL:0000192 Histone ChIP-seq H4K20me1	.	Histone ChIP-seq	CL:0000192	smooth muscle cell	in_vitro_differentiated_cells	embryonic		encode	single	False	0.8388375639915466	chip_histone		H4K20me1
CL:0000221 Histone ChIP-seq H3K27me3	.	Histone ChIP-seq	CL:0000221	ectodermal cell	in_vitro_differentiated_cells	embryonic		encode	single	False	1.1612815856933594	chip_histone		H3K27me3
CL:0000221 Histone ChIP-seq H3K36me3	.	Histone ChIP-seq	CL:0000221	ectodermal cell	in_vitro_differentiated_cells	embryonic		encode	single	False	1.5367928743362427	chip_histone		H3K36me3
CL:0000221 Histone ChIP-seq H3K4me1	.	Histone ChIP-seq	CL:0000221	ectodermal cell	in_vitro_differentiated_cells	embryonic		encode	single	False	1.7136114835739136	chip_histone		H3K4me1
CL:0000221 Histone ChIP-seq H3K4me3	.	Histone ChIP-seq	CL:0000221	ectodermal cell	in_vitro_differentiated_cells	embryonic		encode	single	False	1.5633736848831177	chip_histone		H3K4me3
CL:0000222 Histone ChIP-seq H3K27ac	.	Histone ChIP-seq	CL:0000222	mesodermal cell	in_vitro_differentiated_cells	embryonic		encode	single	False	1.0044140815734863	chip_histone		H3K27ac
CL:0000222 Histone ChIP-seq H3K36me3	.	Histone ChIP-seq	CL:0000222	mesodermal cell	in_vitro_differentiated_cells	embryonic		encode	single	False	1.930644154548645	chip_histone		H3K36me3
CL:0000222 Histone ChIP-seq H3K4me1	.	Histone ChIP-seq	CL:0000222	mesodermal cell	in_vitro_differentiated_cells	embryonic		encode	single	False	2.2661662101745605	chip_histone		H3K4me1
CL:0000222 Histone ChIP-seq H3K4me3	.	Histone ChIP-seq	CL:0000222	mesodermal cell	in_vitro_differentiated_cells	embryonic		encode	single	False	5.64929723739624	chip_histone		H3K4me3
CL:0000222 Histone ChIP-seq H3K9me3	.	Histone ChIP-seq	CL:0000222	mesodermal cell	in_vitro_differentiated_cells	embryonic		encode	single	False	0.9807572364807129	chip_histone		H3K9me3
CL:0000223 Histone ChIP-seq H3K27ac	.	Histone ChIP-seq	CL:0000223	endodermal cell	in_vitro_differentiated_cells	embryonic		encode	single	False	0.9079552888870239	chip_histone		H3K27ac
CL:0000223 Histone ChIP-seq H3K27me3	.	Histone ChIP-seq	CL:0000223	endodermal cell	in_vitro_differentiated_cells	embryonic		encode	single	False	0.9090101718902588	chip_histone		H3K27me3
CL:0000223 Histone ChIP-seq H3K36me3	.	Histone ChIP-seq	CL:0000223	endodermal cell	in_vitro_differentiated_cells	embryonic		encode	single	False	0.9991441965103149	chip_histone		H3K36me3
CL:0000223 Histone ChIP-seq H3K4me1	.	Histone ChIP-seq	CL:0000223	endodermal cell	in_vitro_differentiated_cells	embryonic		encode	single	False	1.5521838665008545	chip_histone		H3K4me1
CL:0000223 Histone ChIP-seq H3K4me3	.	Histone ChIP-seq	CL:0000223	endodermal cell	in_vitro_differentiated_cells	embryonic		encode	single	False	0.8614636063575745	chip_histone		H3K4me3
CL:0000223 Histone ChIP-seq H3K9me3	.	Histone ChIP-seq	CL:0000223	endodermal cell	in_vitro_differentiated_cells	embryonic		encode	single	False	0.9326905608177185	chip_histone		H3K9me3
CL:0000236 Histone ChIP-seq H2AFZ	.	Histone ChIP-seq	CL:0000236	B cell	primary_cell	adult		encode	single	False	1.154281735420227	chip_histone		H2AFZ
CL:0000236 Histone ChIP-seq H3K27ac	.	Histone ChIP-seq	CL:0000236	B cell	primary_cell	adult		encode	single	False	0.7319360375404358	chip_histone		H3K27ac
CL:0000236 Histone ChIP-seq H3K27me3	.	Histone ChIP-seq	CL:0000236	B cell	primary_cell	adult		encode	single	False	0.9429988265037537	chip_histone		H3K27me3
CL:0000236 Histone ChIP-seq H3K36me3	.	Histone ChIP-seq	CL:0000236	B cell	primary_cell	adult		encode	single	False	1.481370449066162	chip_histone		H3K36me3
CL:0000236 Histone ChIP-seq H3K4me1	.	Histone ChIP-seq	CL:0000236	B cell	primary_cell	adult		encode	single	False	0.7308036684989929	chip_histone		H3K4me1
CL:0000236 Histone ChIP-seq H3K4me2	.	Histone ChIP-seq	CL:0000236	B cell	primary_cell	adult		encode	single	False	1.029736876487732	chip_histone		H3K4me2
CL:0000236 Histone ChIP-seq H3K4me3	.	Histone ChIP-seq	CL:0000236	B cell	primary_cell	adult		encode	single	False	0.789939820766449	chip_histone		H3K4me3
CL:0000236 Histone ChIP-seq H3K79me2	.	Histone ChIP-seq	CL:0000236	B cell	primary_cell	adult		encode	single	False	1.1787657737731934	chip_histone		H3K79me2
CL:0000236 Histone ChIP-seq H3K9ac	.	Histone ChIP-seq	CL:0000236	B cell	primary_cell	adult		encode	single	False	0.8615202903747559	chip_histone		H3K9ac
CL:0000236 Histone ChIP-seq H3K9me3	.	Histone ChIP-seq	CL:0000236	B cell	primary_cell	adult		encode	single	False	0.916641891002655	chip_histone		H3K9me3
CL:0000312 Histone ChIP-seq H2AFZ	.	Histone ChIP-seq	CL:0000312	keratinocyte	primary_cell	unknown		encode	single	False	0.8118183612823486	chip_histone		H2AFZ
CL:0000312 Histone ChIP-seq H3K27ac	.	Histone ChIP-seq	CL:0000312	keratinocyte	primary_cell	unknown		encode	single	False	2.179088830947876	chip_histone		H3K27ac
CL:0000312 Histone ChIP-seq H3K36me3	.	Histone ChIP-seq	CL:0000312	keratinocyte	primary_cell	unknown		encode	single	False	1.3998640775680542	chip_histone		H3K36me3
CL:0000312 Histone ChIP-seq H3K4me1	.	Histone ChIP-seq	CL:0000312	keratinocyte	primary_cell	unknown		encode	single	False	1.5928481817245483	chip_histone		H3K4me1
CL:0000312 Histone ChIP-seq H3K4me2	.	Histone ChIP-seq	CL:0000312	keratinocyte	primary_cell	unknown		encode	single	False	1.702629804611206	chip_histone		H3K4me2
CL:0000312 Histone ChIP-seq H3K4me3	.	Histone ChIP-seq	CL:0000312	keratinocyte	primary_cell	unknown		encode	single	False	0.7693329453468323	chip_histone		H3K4me3
CL:0000312 Histone ChIP-seq H3K79me2	.	Histone ChIP-seq	CL:0000312	keratinocyte	primary_cell	unknown		encode	single	False	1.2955195903778076	chip_histone		H3K79me2
CL:0000312 Histone ChIP-seq H3K9ac	.	Histone ChIP-seq	CL:0000312	keratinocyte	primary_cell	unknown		encode	single	False	1.6849207878112793	chip_histone		H3K9ac
CL:0000351 Histone ChIP-seq H2AK5ac	.	Histone ChIP-seq	CL:0000351	trophoblast cell	in_vitro_differentiated_cells	embryonic		encode	single	False	0.8748714327812195	chip_histone		H2AK5ac
CL:0000351 Histone ChIP-seq H2BK12ac	.	Histone ChIP-seq	CL:0000351	trophoblast cell	in_vitro_differentiated_cells	embryonic		encode	single	False	0.9820576906204224	chip_histone		H2BK12ac
CL:0000351 Histone ChIP-seq H3K14ac	.	Histone ChIP-seq	CL:0000351	trophoblast cell	in_vitro_differentiated_cells	embryonic		encode	single	False	0.9126267433166504	chip_histone		H3K14ac
CL:0000351 Histone ChIP-seq H3K18ac	.	Histone ChIP-seq	CL:0000351	trophoblast cell	in_vitro_differentiated_cells	embryonic		encode	single	False	0.9578627943992615	chip_histone		H3K18ac
CL:0000351 Histone ChIP-seq H3K27ac	.	Histone ChIP-seq	CL:0000351	trophoblast cell	in_vitro_differentiated_cells	embryonic		encode	single	False	1.0595502853393555	chip_histone		H3K27ac
CL:0000351 Histone ChIP-seq H3K36me3	.	Histone ChIP-seq	CL:0000351	trophoblast cell	in_vitro_differentiated_cells	embryonic		encode	single	False	0.8541465997695923	chip_histone		H3K36me3
CL:0000351 Histone ChIP-seq H3K4ac	.	Histone ChIP-seq	CL:0000351	trophoblast cell	in_vitro_differentiated_cells	embryonic		encode	single	False	1.019968867301941	chip_histone		H3K4ac
CL:0000351 Histone ChIP-seq H3K4me1	.	Histone ChIP-seq	CL:0000351	trophoblast cell	in_vitro_differentiated_cells	embryonic		encode	single	False	0.835045576095581	chip_histone		H3K4me1
CL:0000351 Histone ChIP-seq H3K4me2	.	Histone ChIP-seq	CL:0000351	trophoblast cell	in_vitro_differentiated_cells	embryonic		encode	single	False	0.8214141726493835	chip_histone		H3K4me2
CL:0000351 Histone ChIP-seq H3K4me3	.	Histone ChIP-seq	CL:0000351	trophoblast cell	in_vitro_differentiated_cells	embryonic		encode	single	False	1.1339974403381348	chip_histone		H3K4me3
CL:0000351 Histone ChIP-seq H3K79me1	.	Histone ChIP-seq	CL:0000351	trophoblast cell	in_vitro_differentiated_cells	embryonic		encode	single	False	1.1933636665344238	chip_histone		H3K79me1
CL:0000351 Histone ChIP-seq H3K9me3	.	Histone ChIP-seq	CL:0000351	trophoblast cell	in_vitro_differentiated_cells	embryonic		encode	single	False	1.1316494941711426	chip_histone		H3K9me3
CL:0000351 Histone ChIP-seq H4K8ac	.	Histone ChIP-seq	CL:0000351	trophoblast cell	in_vitro_differentiated_cells	embryonic		encode	single	False	1.0251048803329468	chip_histone		H4K8ac
CL:0000351 Histone ChIP-seq H4K91ac	.	Histone ChIP-seq	CL:0000351	trophoblast cell	in_vitro_differentiated_cells	embryonic		encode	single	False	1.682619571685791	chip_histone		H4K91ac
CL:0000515 Histone ChIP-seq H2AFZ	.	Histone ChIP-seq	CL:0000515	skeletal muscle myoblast	primary_cell	adult		encode	single	False	0.9730600714683533	chip_histone		H2AFZ
CL:0000515 Histone ChIP-seq H3K27ac	.	Histone ChIP-seq	CL:0000515	skeletal muscle myoblast	primary_cell	adult		encode	single	False	1.3889236450195312	chip_histone		H3K27ac
CL:0000515 Histone ChIP-seq H3K4me1	.	Histone ChIP-seq	CL:0000515	skeletal muscle myoblast	primary_cell	adult		encode	single	False	1.520578145980835	chip_histone		H3K4me1
CL:0000515 Histone ChIP-seq H3K4me2	.	Histone ChIP-seq	CL:0000515	skeletal muscle myoblast	primary_cell	adult		encode	single	False	1.1785502433776855	chip_histone		H3K4me2
CL:0000515 Histone ChIP-seq H3K4me3	.	Histone ChIP-seq	CL:0000515	skeletal muscle myoblast	primary_cell	adult		encode	single	False	0.7095293402671814	chip_histone		H3K4me3
CL:0000515 Histone ChIP-seq H3K79me2	.	Histone ChIP-seq	CL:0000515	skeletal muscle myoblast	primary_cell	adult		encode	single	False	1.056759238243103	chip_histone		H3K79me2
CL:0000515 Histone ChIP-seq H3K9ac	.	Histone ChIP-seq	CL:0000515	skeletal muscle myoblast	primary_cell	adult		encode	single	False	1.427546739578247	chip_histone		H3K9ac
CL:0000540 Histone ChIP-seq H2AFZ	.	Histone ChIP-seq	CL:0000540	neuron	in_vitro_differentiated_cells	embryonic		encode	single	False	1.061992883682251	chip_histone		H2AFZ
CL:0000540 Histone ChIP-seq H3K27me3	.	Histone ChIP-seq	CL:0000540	neuron	in_vitro_differentiated_cells	embryonic		encode	single	False	1.1989951133728027	chip_histone		H3K27me3
CL:0000540 Histone ChIP-seq H3K36me3	.	Histone ChIP-seq	CL:0000540	neuron	in_vitro_differentiated_cells	embryonic		encode	single	False	1.4886006116867065	chip_histone		H3K36me3
CL:0000540 Histone ChIP-seq H3K4me1	.	Histone ChIP-seq	CL:0000540	neuron	in_vitro_differentiated_cells	embryonic		encode	single	False	1.305953860282898	chip_histone		H3K4me1
CL:0000540 Histone ChIP-seq H3K4me3	.	Histone ChIP-seq	CL:0000540	neuron	in_vitro_differentiated_cells	embryonic		encode	single	False	0.9025025963783264	chip_histone		H3K4me3
CL:0000594 Histone ChIP-seq H3K27me3	.	Histone ChIP-seq	CL:0000594	skeletal muscle satellite cell	primary_cell	adult		encode	single	False	0.9547320604324341	chip_histone		H3K27me3
CL:0000594 Histone ChIP-seq H3K36me3	.	Histone ChIP-seq	CL:0000594	skeletal muscle satellite cell	primary_cell	adult		encode	single	False	0.9158826470375061	chip_histone		H3K36me3
CL:0000594 Histone ChIP-seq H3K4me1	.	Histone ChIP-seq	CL:0000594	skeletal muscle satellite cell	primary_cell	adult		encode	single	False	1.0326128005981445	chip_histone		H3K4me1
CL:0000594 Histone ChIP-seq H3K4me2	.	Histone ChIP-seq	CL:0000594	skeletal muscle satellite cell	primary_cell	adult		encode	single	False	0.958714485168457	chip_histone		H3K4me2
CL:0000594 Histone ChIP-seq H3K4me3	.	Histone ChIP-seq	CL:0000594	skeletal muscle satellite cell	primary_cell	adult		encode	single	False	0.8680325746536255	chip_histone		H3K4me3
CL:0000594 Histone ChIP-seq H3K9ac	.	Histone ChIP-seq	CL:0000594	skeletal muscle satellite cell	primary_cell	adult		encode	single	False	0.9965997934341431	chip_histone		H3K9ac
CL:0000623 Histone ChIP-seq H3K27ac	.	Histone ChIP-seq	CL:0000623	natural killer cell	primary_cell	adult		encode	single	False	1.1057385206222534	chip_histone		H3K27ac
CL:0000623 Histone ChIP-seq H3K36me3	.	Histone ChIP-seq	CL:0000623	natural killer cell	primary_cell	adult		encode	single	False	1.1983306407928467	chip_histone		H3K36me3
CL:0000623 Histone ChIP-seq H3K4me1	.	Histone ChIP-seq	CL:0000623	natural killer cell	primary_cell	adult		encode	single	False	1.7212512493133545	chip_histone		H3K4me1
CL:0000623 Histone ChIP-seq H3K4me3	.	Histone ChIP-seq	CL:0000623	natural killer cell	primary_cell	adult		encode	single	False	1.0924755334854126	chip_histone		H3K4me3
CL:0000623 Histone ChIP-seq H3K9me3	.	Histone ChIP-seq	CL:0000623	natural killer cell	primary_cell	adult		encode	single	False	1.444994568824768	chip_histone		H3K9me3
CL:0000624 Histone ChIP-seq H3K27ac	.	Histone ChIP-seq	CL:0000624	CD4-positive, alpha-beta T cell	primary_cell	adult		encode	single	False	0.9602004289627075	chip_histone		H3K27ac
CL:0000624 Histone ChIP-seq H3K27me3	.	Histone ChIP-seq	CL:0000624	CD4-positive, alpha-beta T cell	primary_cell	adult		encode	single	False	1.836999535560608	chip_histone		H3K27me3
CL:0000624 Histone ChIP-seq H3K36me3	.	Histone ChIP-seq	CL:0000624	CD4-positive, alpha-beta T cell	primary_cell	adult		encode	single	False	1.4274044036865234	chip_histone		H3K36me3
CL:0000624 Histone ChIP-seq H3K4me1	.	Histone ChIP-seq	CL:0000624	CD4-positive, alpha-beta T cell	primary_cell	adult		encode	single	False	1.9501261711120605	chip_histone		H3K4me1
CL:0000624 Histone ChIP-seq H3K4me3	.	Histone ChIP-seq	CL:0000624	CD4-positive, alpha-beta T cell	primary_cell	adult		encode	single	False	1.1963306665420532	chip_histone		H3K4me3
CL:0000624 Histone ChIP-seq H3K9me3	.	Histone ChIP-seq	CL:0000624	CD4-positive, alpha-beta T cell	primary_cell	adult		encode	single	False	1.860047459602356	chip_histone		H3K9me3
CL:0000625 Histone ChIP-seq H3K27ac	.	Histone ChIP-seq	CL:0000625	CD8-positive, alpha-beta T cell	primary_cell	adult		encode	single	False	1.040993332862854	chip_histone		H3K27ac
CL:0000625 Histone ChIP-seq H3K27me3	.	Histone ChIP-seq	CL:0000625	CD8-positive, alpha-beta T cell	primary_cell	adult		encode	single	False	1.77400541305542	chip_histone		H3K27me3
CL:0000625 Histone ChIP-seq H3K36me3	.	Histone ChIP-seq	CL:0000625	CD8-positive, alpha-beta T cell	primary_cell	adult		encode	single	False	0.937209963798523	chip_histone		H3K36me3
CL:0000625 Histone ChIP-seq H3K4me1	.	Histone ChIP-seq	CL:0000625	CD8-positive, alpha-beta T cell	primary_cell	adult		encode	single	False	1.0011892318725586	chip_histone		H3K4me1
CL:0000625 Histone ChIP-seq H3K4me3	.	Histone ChIP-seq	CL:0000625	CD8-positive, alpha-beta T cell	primary_cell	adult		encode	single	False	1.409015417098999	chip_histone		H3K4me3
CL:0000625 Histone ChIP-seq H3K9ac	.	Histone ChIP-seq	CL:0000625	CD8-positive, alpha-beta T cell	primary_cell	adult		encode	single	False	1.7480512857437134	chip_histone		H3K9ac
CL:0000625 Histone ChIP-seq H3K9me3	.	Histone ChIP-seq	CL:0000625	CD8-positive, alpha-beta T cell	primary_cell	adult		encode	single	False	1.0857267379760742	chip_histone		H3K9me3
CL:0000706 Histone ChIP-seq H3K4me3	.	Histone ChIP-seq	CL:0000706	choroid plexus epithelial cell	primary_cell	unknown		encode	single	False	2.0453009605407715	chip_histone		H3K4me3
CL:0000746 Histone ChIP-seq H3K27ac	.	Histone ChIP-seq	CL:0000746	cardiac muscle cell	in_vitro_differentiated_cells	embryonic		encode	single	False	0.7914988994598389	chip_histone		H3K27ac
CL:0000746 Histone ChIP-seq H3K27me3	.	Histone ChIP-seq	CL:0000746	cardiac muscle cell	in_vitro_differentiated_cells	embryonic		encode	single	False	0.8161104917526245	chip_histone		H3K27me3
CL:0000746 Histone ChIP-seq H3K36me3	.	Histone ChIP-seq	CL:0000746	cardiac muscle cell	in_vitro_differentiated_cells	embryonic		encode	single	False	0.8119232654571533	chip_histone		H3K36me3
CL:0000746 Histone ChIP-seq H3K4me1	.	Histone ChIP-seq	CL:0000746	cardiac muscle cell	in_vitro_differentiated_cells	embryonic		encode	single	False	0.793128252029419	chip_histone		H3K4me1
CL:0000746 Histone ChIP-seq H3K4me3	.	Histone ChIP-seq	CL:0000746	cardiac muscle cell	primary_cell	unknown		encode	single	False	3.5106585025787354	chip_histone		H3K4me3
CL:0000775 Histone ChIP-seq H3K27ac	.	Histone ChIP-seq	CL:0000775	neutrophil	primary_cell	unknown		encode	single	False	0.8244473338127136	chip_histone		H3K27ac
CL:0000775 Histone ChIP-seq H3K27me3	.	Histone ChIP-seq	CL:0000775	neutrophil	primary_cell	unknown		encode	single	False	0.8658792972564697	chip_histone		H3K27me3
CL:0000775 Histone ChIP-seq H3K36me3	.	Histone ChIP-seq	CL:0000775	neutrophil	primary_cell	unknown		encode	single	False	0.8393487930297852	chip_histone		H3K36me3
CL:0000775 Histone ChIP-seq H3K4me1	.	Histone ChIP-seq	CL:0000775	neutrophil	primary_cell	unknown		encode	single	False	0.837249755859375	chip_histone		H3K4me1
CL:0000775 Histone ChIP-seq H3K4me3	.	Histone ChIP-seq	CL:0000775	neutrophil	primary_cell	unknown		encode	single	False	0.8037970662117004	chip_histone		H3K4me3
CL:0000775 Histone ChIP-seq H3K9me3	.	Histone ChIP-seq	CL:0000775	neutrophil	primary_cell	unknown		encode	single	False	1.2437853813171387	chip_histone		H3K9me3
CL:0000792 Histone ChIP-seq H3K27ac	.	Histone ChIP-seq	CL:0000792	CD4-positive, CD25-positive, alpha-beta regulatory T cell	primary_cell	unknown		encode	single	False	3.7528088092803955	chip_histone		H3K27ac
CL:0000792 Histone ChIP-seq H3K27me3	.	Histone ChIP-seq	CL:0000792	CD4-positive, CD25-positive, alpha-beta regulatory T cell	primary_cell	unknown		encode	single	False	1.3723632097244263	chip_histone		H3K27me3
CL:0000792 Histone ChIP-seq H3K36me3	.	Histone ChIP-seq	CL:0000792	CD4-positive, CD25-positive, alpha-beta regulatory T cell	primary_cell	unknown		encode	single	False	0.9902058839797974	chip_histone		H3K36me3
CL:0000792 Histone ChIP-seq H3K4me1	.	Histone ChIP-seq	CL:0000792	CD4-positive, CD25-positive, alpha-beta regulatory T cell	primary_cell	unknown		encode	single	False	1.428789496421814	chip_histone		H3K4me1
CL:0000792 Histone ChIP-seq H3K4me3	.	Histone ChIP-seq	CL:0000792	CD4-positive, CD25-positive, alpha-beta regulatory T cell	primary_cell	unknown		encode	single	False	2.1308674812316895	chip_histone		H3K4me3
CL:0000792 Histone ChIP-seq H3K9me3	.	Histone ChIP-seq	CL:0000792	CD4-positive, CD25-positive, alpha-beta regulatory T cell	primary_cell	unknown		encode	single	False	0.8295873999595642	chip_histone		H3K9me3
CL:0000842 Histone ChIP-seq H3K27me3	.	Histone ChIP-seq	CL:0000842	mononuclear cell	primary_cell	unknown		encode	single	False	0.8204377293586731	chip_histone		H3K27me3
CL:0000842 Histone ChIP-seq H3K4me1	.	Histone ChIP-seq	CL:0000842	mononuclear cell	primary_cell	unknown		encode	single	False	0.9629728198051453	chip_histone		H3K4me1
CL:0000842 Histone ChIP-seq H3K4me3	.	Histone ChIP-seq	CL:0000842	mononuclear cell	primary_cell	unknown		encode	single	False	0.8454005718231201	chip_histone		H3K4me3
CL:0000895 Histone ChIP-seq H3K27ac	.	Histone ChIP-seq	CL:0000895	naive thymus-derived CD4-positive, alpha-beta T cell	primary_cell	unknown		encode	single	False	1.5007438659667969	chip_histone		H3K27ac
CL:0000895 Histone ChIP-seq H3K36me3	.	Histone ChIP-seq	CL:0000895	naive thymus-derived CD4-positive, alpha-beta T cell	primary_cell	unknown		encode	single	False	0.7769186496734619	chip_histone		H3K36me3
CL:0000895 Histone ChIP-seq H3K4me1	.	Histone ChIP-seq	CL:0000895	naive thymus-derived CD4-positive, alpha-beta T cell	primary_cell	unknown		encode	single	False	0.7501938343048096	chip_histone		H3K4me1
CL:0000895 Histone ChIP-seq H3K4me3	.	Histone ChIP-seq	CL:0000895	naive thymus-derived CD4-positive, alpha-beta T cell	primary_cell	unknown		encode	single	False	0.7959851026535034	chip_histone		H3K4me3
CL:0000897 Histone ChIP-seq H3K27ac	.	Histone ChIP-seq	CL:0000897	CD4-positive, alpha-beta memory T cell	primary_cell	unknown		encode	single	False	1.265649437904358	chip_histone		H3K27ac
CL:0000897 Histone ChIP-seq H3K36me3	.	Histone ChIP-seq	CL:0000897	CD4-positive, alpha-beta memory T cell	primary_cell	unknown		encode	single	False	0.8145694732666016	chip_histone		H3K36me3
CL:0000897 Histone ChIP-seq H3K4me1	.	Histone ChIP-seq	CL:0000897	CD4-positive, alpha-beta memory T cell	primary_cell	unknown		encode	single	False	0.8242737054824829	chip_histone		H3K4me1
CL:0000897 Histone ChIP-seq H3K4me3	.	Histone ChIP-seq	CL:0000897	CD4-positive, alpha-beta memory T cell	primary_cell	unknown		encode	single	False	0.7992186546325684	chip_histone		H3K4me3
CL:0000905 Histone ChIP-seq H3K27ac	.	Histone ChIP-seq	CL:0000905	effector memory CD4-positive, alpha-beta T cell	primary_cell	unknown		encode	single	False	1.443172574043274	chip_histone		H3K27ac
CL:0000905 Histone ChIP-seq H3K36me3	.	Histone ChIP-seq	CL:0000905	effector memory CD4-positive, alpha-beta T cell	primary_cell	unknown		encode	single	False	0.9221175909042358	chip_histone		H3K36me3
CL:0000905 Histone ChIP-seq H3K4me3	.	Histone ChIP-seq	CL:0000905	effector memory CD4-positive, alpha-beta T cell	primary_cell	unknown		encode	single	False	1.0698696374893188	chip_histone		H3K4me3
CL:0000909 Histone ChIP-seq H3K27ac	.	Histone ChIP-seq	CL:0000909	CD8-positive, alpha-beta memory T cell	primary_cell	unknown		encode	single	False	1.3422130346298218	chip_histone		H3K27ac
CL:0000909 Histone ChIP-seq H3K36me3	.	Histone ChIP-seq	CL:0000909	CD8-positive, alpha-beta memory T cell	primary_cell	unknown		encode	single	False	0.8160771131515503	chip_histone		H3K36me3
CL:0000909 Histone ChIP-seq H3K4me1	.	Histone ChIP-seq	CL:0000909	CD8-positive, alpha-beta memory T cell	primary_cell	unknown		encode	single	False	0.8387834429740906	chip_histone		H3K4me1
CL:0000909 Histone ChIP-seq H3K4me3	.	Histone ChIP-seq	CL:0000909	CD8-positive, alpha-beta memory T cell	primary_cell	unknown		encode	single	False	0.7764924168586731	chip_histone		H3K4me3
CL:0001054 Histone ChIP-seq H2AFZ	.	Histone ChIP-seq	CL:0001054	CD14-positive monocyte	primary_cell	unknown		encode	single	False	1.2726267576217651	chip_histone		H2AFZ
CL:0001054 Histone ChIP-seq H3K27ac	.	Histone ChIP-seq	CL:0001054	CD14-positive monocyte	primary_cell	adult		encode	single	False	1.366492509841919	chip_histone		H3K27ac
CL:0001054 Histone ChIP-seq H3K27me3	.	Histone ChIP-seq	CL:0001054	CD14-positive monocyte	primary_cell	adult		encode	single	False	1.2522672414779663	chip_histone		H3K27me3
CL:0001054 Histone ChIP-seq H3K36me3	.	Histone ChIP-seq	CL:0001054	CD14-positive monocyte	primary_cell	adult		encode	single	False	1.881212830543518	chip_histone		H3K36me3
CL:0001054 Histone ChIP-seq H3K4me1	.	Histone ChIP-seq	CL:0001054	CD14-positive monocyte	primary_cell	adult		encode	single	False	1.5222563743591309	chip_histone		H3K4me1
CL:0001054 Histone ChIP-seq H3K4me2	.	Histone ChIP-seq	CL:0001054	CD14-positive monocyte	primary_cell	unknown		encode	single	False	2.0045270919799805	chip_histone		H3K4me2
CL:0001054 Histone ChIP-seq H3K4me3	.	Histone ChIP-seq	CL:0001054	CD14-positive monocyte	primary_cell	adult		encode	single	False	1.1920089721679688	chip_histone		H3K4me3
CL:0001054 Histone ChIP-seq H3K79me2	.	Histone ChIP-seq	CL:0001054	CD14-positive monocyte	primary_cell	unknown		encode	single	False	1.653550148010254	chip_histone		H3K79me2
CL:0001054 Histone ChIP-seq H3K9ac	.	Histone ChIP-seq	CL:0001054	CD14-positive monocyte	primary_cell	unknown		encode	single	False	1.2866066694259644	chip_histone		H3K9ac
CL:0001054 Histone ChIP-seq H3K9me3	.	Histone ChIP-seq	CL:0001054	CD14-positive monocyte	primary_cell	adult		encode	single	False	1.3481738567352295	chip_histone		H3K9me3
CL:0001054 Histone ChIP-seq H4K20me1	.	Histone ChIP-seq	CL:0001054	CD14-positive monocyte	primary_cell	unknown		encode	single	False	1.5084744691848755	chip_histone		H4K20me1
CL:0001059 Histone ChIP-seq H3K27ac	.	Histone ChIP-seq	CL:0001059	common myeloid progenitor, CD34-positive	primary_cell	adult		encode	single	False	1.7290501594543457	chip_histone		H3K27ac
CL:0001059 Histone ChIP-seq H3K27me3	.	Histone ChIP-seq	CL:0001059	common myeloid progenitor, CD34-positive	primary_cell	adult		encode	single	False	0.9181594252586365	chip_histone		H3K27me3
CL:0001059 Histone ChIP-seq H3K36me3	.	Histone ChIP-seq	CL:0001059	common myeloid progenitor, CD34-positive	primary_cell	adult		encode	single	False	0.9064100980758667	chip_histone		H3K36me3
CL:0001059 Histone ChIP-seq H3K4me1	.	Histone ChIP-seq	CL:0001059	common myeloid progenitor, CD34-positive	primary_cell	adult		encode	single	False	1.0432772636413574	chip_histone		H3K4me1
CL:0001059 Histone ChIP-seq H3K4me3	.	Histone ChIP-seq	CL:0001059	common myeloid progenitor, CD34-positive	primary_cell	adult		encode	single	False	1.0541969537734985	chip_histone		H3K4me3
CL:0001059 Histone ChIP-seq H3K9me3	.	Histone ChIP-seq	CL:0001059	common myeloid progenitor, CD34-positive	primary_cell	adult		encode	single	False	1.2970075607299805	chip_histone		H3K9me3
CL:0002231 Histone ChIP-seq H3K27ac	.	Histone ChIP-seq	CL:0002231	epithelial cell of prostate	primary_cell	unknown		encode	paired	False	0.852828860282898	chip_histone		H3K27ac
CL:0002252 Histone ChIP-seq H3K4me3	.	Histone ChIP-seq	CL:0002252	epithelial cell of esophagus	primary_cell	unknown		encode	single	False	1.167810320854187	chip_histone		H3K4me3
CL:0002306 Histone ChIP-seq H3K4me3	.	Histone ChIP-seq	CL:0002306	epithelial cell of proximal tubule	primary_cell	unknown		encode	single	False	1.7776589393615723	chip_histone		H3K4me3
CL:0002319 Histone ChIP-seq H3K27ac	.	Histone ChIP-seq	CL:0002319	neural cell	in_vitro_differentiated_cells	embryonic		encode	single	False	0.8542282581329346	chip_histone		H3K27ac
CL:0002319 Histone ChIP-seq H3K4me3	.	Histone ChIP-seq	CL:0002319	neural cell	in_vitro_differentiated_cells	embryonic		encode	single	False	0.8454180955886841	chip_histone		H3K4me3
CL:0002319 Histone ChIP-seq H3K79me2	.	Histone ChIP-seq	CL:0002319	neural cell	in_vitro_differentiated_cells	embryonic		encode	single	False	0.8458381295204163	chip_histone		H3K79me2
CL:0002319 Histone ChIP-seq H3K9ac	.	Histone ChIP-seq	CL:0002319	neural cell	in_vitro_differentiated_cells	embryonic		encode	single	False	0.8596713542938232	chip_histone		H3K9ac
CL:0002324 Histone ChIP-seq H3K27me3	.	Histone ChIP-seq	CL:0002324	myoepithelial cell of mammary gland	primary_cell	adult		encode	single	False	1.2481344938278198	chip_histone		H3K27me3
CL:0002324 Histone ChIP-seq H3K36me3	.	Histone ChIP-seq	CL:0002324	myoepithelial cell of mammary gland	primary_cell	adult		encode	single	False	1.3310545682907104	chip_histone		H3K36me3
CL:0002324 Histone ChIP-seq H3K4me1	.	Histone ChIP-seq	CL:0002324	myoepithelial cell of mammary gland	primary_cell	adult		encode	single	False	1.1346843242645264	chip_histone		H3K4me1
CL:0002324 Histone ChIP-seq H3K4me3	.	Histone ChIP-seq	CL:0002324	myoepithelial cell of mammary gland	primary_cell	adult		encode	single	False	1.9428181648254395	chip_histone		H3K4me3
CL:0002324 Histone ChIP-seq H3K9ac	.	Histone ChIP-seq	CL:0002324	myoepithelial cell of mammary gland	primary_cell	adult		encode	single	False	1.8589320182800293	chip_histone		H3K9ac
CL:0002324 Histone ChIP-seq H3K9me3	.	Histone ChIP-seq	CL:0002324	myoepithelial cell of mammary gland	primary_cell	adult		encode	single	False	1.4625475406646729	chip_histone		H3K9me3
CL:0002326 Histone ChIP-seq H3K27me3	.	Histone ChIP-seq	CL:0002326	luminal epithelial cell of mammary gland	primary_cell	adult		encode	single	False	2.1947197914123535	chip_histone		H3K27me3
CL:0002326 Histone ChIP-seq H3K36me3	.	Histone ChIP-seq	CL:0002326	luminal epithelial cell of mammary gland	primary_cell	adult		encode	single	False	1.0798907279968262	chip_histone		H3K36me3
CL:0002326 Histone ChIP-seq H3K4me1	.	Histone ChIP-seq	CL:0002326	luminal epithelial cell of mammary gland	primary_cell	adult		encode	single	False	2.75551700592041	chip_histone		H3K4me1
CL:0002326 Histone ChIP-seq H3K9me3	.	Histone ChIP-seq	CL:0002326	luminal epithelial cell of mammary gland	primary_cell	adult		encode	single	False	1.7127506732940674	chip_histone		H3K9me3
CL:0002327 Histone ChIP-seq H2AFZ	.	Histone ChIP-seq	CL:0002327	mammary epithelial cell	primary_cell	adult		encode	single	False	1.0680005550384521	chip_histone		H2AFZ
CL:0002327 Histone ChIP-seq H3K27ac	.	Histone ChIP-seq	CL:0002327	mammary epithelial cell	primary_cell	adult		encode	single	False	1.4711294174194336	chip_histone		H3K27ac
CL:0002327 Histone ChIP-seq H3K27me3	.	Histone ChIP-seq	CL:0002327	mammary epithelial cell	primary_cell	adult		encode	single	False	1.1175118684768677	chip_histone		H3K27me3
CL:0002327 Histone ChIP-seq H3K36me3	.	Histone ChIP-seq	CL:0002327	mammary epithelial cell	primary_cell	adult		encode	single	False	0.9088714718818665	chip_histone		H3K36me3
CL:0002327 Histone ChIP-seq H3K4me1	.	Histone ChIP-seq	CL:0002327	mammary epithelial cell	primary_cell	adult		encode	single	False	1.1306720972061157	chip_histone		H3K4me1
CL:0002327 Histone ChIP-seq H3K4me2	.	Histone ChIP-seq	CL:0002327	mammary epithelial cell	primary_cell	adult		encode	single	False	1.4887701272964478	chip_histone		H3K4me2
CL:0002327 Histone ChIP-seq H3K4me3	.	Histone ChIP-seq	CL:0002327	mammary epithelial cell	primary_cell	adult		encode	single	False	0.7996102571487427	chip_histone		H3K4me3
CL:0002327 Histone ChIP-seq H3K79me2	.	Histone ChIP-seq	CL:0002327	mammary epithelial cell	primary_cell	adult		encode	single	False	1.5507910251617432	chip_histone		H3K79me2
CL:0002327 Histone ChIP-seq H3K9ac	.	Histone ChIP-seq	CL:0002327	mammary epithelial cell	primary_cell	adult		encode	single	False	1.8133935928344727	chip_histone		H3K9ac
CL:0002327 Histone ChIP-seq H3K9me3	.	Histone ChIP-seq	CL:0002327	mammary epithelial cell	primary_cell	adult		encode	single	False	1.11653470993042	chip_histone		H3K9me3
CL:0002328 Histone ChIP-seq H3K36me3	.	Histone ChIP-seq	CL:0002328	bronchial epithelial cell	primary_cell	unknown		encode	single	False	1.2896040678024292	chip_histone		H3K36me3
CL:0002328 Histone ChIP-seq H3K4me3	.	Histone ChIP-seq	CL:0002328	bronchial epithelial cell	primary_cell	unknown		encode	single	False	2.163724184036255	chip_histone		H3K4me3
CL:0002372 Histone ChIP-seq H2AFZ	.	Histone ChIP-seq	CL:0002372	myotube	in_vitro_differentiated_cells	adult		encode	single	False	1.1194050312042236	chip_histone		H2AFZ
CL:0002372 Histone ChIP-seq H3K27ac	.	Histone ChIP-seq	CL:0002372	myotube	in_vitro_differentiated_cells	adult		encode	single	False	1.9409259557724	chip_histone		H3K27ac
CL:0002372 Histone ChIP-seq H3K27me3	.	Histone ChIP-seq	CL:0002372	myotube	in_vitro_differentiated_cells	adult		encode	single	False	0.9280364513397217	chip_histone		H3K27me3
CL:0002372 Histone ChIP-seq H3K36me3	.	Histone ChIP-seq	CL:0002372	myotube	in_vitro_differentiated_cells	adult		encode	single	False	1.1428780555725098	chip_histone		H3K36me3
CL:0002372 Histone ChIP-seq H3K4me1	.	Histone ChIP-seq	CL:0002372	myotube	in_vitro_differentiated_cells	adult		encode	single	False	1.2412523031234741	chip_histone		H3K4me1
CL:0002372 Histone ChIP-seq H3K4me2	.	Histone ChIP-seq	CL:0002372	myotube	in_vitro_differentiated_cells	adult		encode	single	False	1.2531827688217163	chip_histone		H3K4me2
CL:0002372 Histone ChIP-seq H3K4me3	.	Histone ChIP-seq	CL:0002372	myotube	in_vitro_differentiated_cells	adult		encode	single	False	1.263627290725708	chip_histone		H3K4me3
CL:0002372 Histone ChIP-seq H3K79me2	.	Histone ChIP-seq	CL:0002372	myotube	in_vitro_differentiated_cells	adult		encode	single	False	1.1767727136611938	chip_histone		H3K79me2
CL:0002372 Histone ChIP-seq H3K9ac	.	Histone ChIP-seq	CL:0002372	myotube	in_vitro_differentiated_cells	adult		encode	single	False	1.109142780303955	chip_histone		H3K9ac
CL:0002518 Histone ChIP-seq H3K27me3	.	Histone ChIP-seq	CL:0002518	kidney epithelial cell	primary_cell	unknown		encode	single	False	1.0444138050079346	chip_histone		H3K27me3
CL:0002518 Histone ChIP-seq H3K4me3	.	Histone ChIP-seq	CL:0002518	kidney epithelial cell	primary_cell	unknown		encode	single	False	2.2789642810821533	chip_histone		H3K4me3
CL:0002547 Histone ChIP-seq H3K4me3	.	Histone ChIP-seq	CL:0002547	fibroblast of the aortic adventitia	primary_cell	unknown		encode	single	False	2.15855073928833	chip_histone		H3K4me3
CL:0002548 Histone ChIP-seq H3K4me3	.	Histone ChIP-seq	CL:0002548	cardiac fibroblast	primary_cell	adult		encode	single	False	4.85253381729126	chip_histone		H3K4me3
CL:0002551 Histone ChIP-seq H3K27ac	.	Histone ChIP-seq	CL:0002551	fibroblast of dermis	primary_cell	unknown		encode	single	False	1.0494565963745117	chip_histone		H3K27ac
CL:0002551 Histone ChIP-seq H3K36me3	.	Histone ChIP-seq	CL:0002551	fibroblast of dermis	primary_cell	unknown		encode	single	False	1.0272518396377563	chip_histone		H3K36me3
CL:0002551 Histone ChIP-seq H3K4me1	.	Histone ChIP-seq	CL:0002551	fibroblast of dermis	primary_cell	unknown		encode	single	False	1.0379791259765625	chip_histone		H3K4me1
CL:0002551 Histone ChIP-seq H3K4me2	.	Histone ChIP-seq	CL:0002551	fibroblast of dermis	primary_cell	unknown		encode	single	False	1.0568110942840576	chip_histone		H3K4me2
CL:0002551 Histone ChIP-seq H3K4me3	.	Histone ChIP-seq	CL:0002551	fibroblast of dermis	primary_cell	adult,unknown		encode	single	False	0.9473881721496582	chip_histone		H3K4me3
CL:0002551 Histone ChIP-seq H3K79me2	.	Histone ChIP-seq	CL:0002551	fibroblast of dermis	primary_cell	unknown		encode	single	False	0.9836273789405823	chip_histone		H3K79me2
CL:0002551 Histone ChIP-seq H3K9ac	.	Histone ChIP-seq	CL:0002551	fibroblast of dermis	primary_cell	unknown		encode	single	False	1.1766735315322876	chip_histone		H3K9ac
CL:0002553 Histone ChIP-seq H2AFZ	.	Histone ChIP-seq	CL:0002553	fibroblast of lung	primary_cell	child,adult		encode	single	False	0.7723867297172546	chip_histone		H2AFZ
CL:0002553 Histone ChIP-seq H3K27ac	.	Histone ChIP-seq	CL:0002553	fibroblast of lung	primary_cell	adult,child		encode	single	False	1.5028578042984009	chip_histone		H3K27ac
CL:0002553 Histone ChIP-seq H3K27me3	.	Histone ChIP-seq	CL:0002553	fibroblast of lung	primary_cell	child,adult		encode	single	False	1.440978765487671	chip_histone		H3K27me3
CL:0002553 Histone ChIP-seq H3K36me3	.	Histone ChIP-seq	CL:0002553	fibroblast of lung	primary_cell	adult,child		encode	single	False	1.2858548164367676	chip_histone		H3K36me3
CL:0002553 Histone ChIP-seq H3K4me2	.	Histone ChIP-seq	CL:0002553	fibroblast of lung	primary_cell	adult,child		encode	single	False	2.077979326248169	chip_histone		H3K4me2
CL:0002553 Histone ChIP-seq H3K4me3	.	Histone ChIP-seq	CL:0002553	fibroblast of lung	primary_cell	adult		encode	single	False	1.4736813306808472	chip_histone		H3K4me3
CL:0002553 Histone ChIP-seq H3K79me2	.	Histone ChIP-seq	CL:0002553	fibroblast of lung	primary_cell	adult,child		encode	single	False	1.2818126678466797	chip_histone		H3K79me2
CL:0002553 Histone ChIP-seq H3K9ac	.	Histone ChIP-seq	CL:0002553	fibroblast of lung	primary_cell	child,adult		encode	single	False	1.6244899034500122	chip_histone		H3K9ac
CL:0002555 Histone ChIP-seq H3K4me3	.	Histone ChIP-seq	CL:0002555	fibroblast of mammary gland	primary_cell	unknown		encode	single	False	1.3848494291305542	chip_histone		H3K4me3
CL:0002557 Histone ChIP-seq H3K4me3	.	Histone ChIP-seq	CL:0002557	fibroblast of pulmonary artery	primary_cell	unknown		encode	single	False	1.9677774906158447	chip_histone		H3K4me3
CL:0002558 Histone ChIP-seq H3K4me3	.	Histone ChIP-seq	CL:0002558	fibroblast of villous mesenchyme	primary_cell	unknown		encode	single	False	1.4901968240737915	chip_histone		H3K4me3
CL:0002586 Histone ChIP-seq H3K4me3	.	Histone ChIP-seq	CL:0002586	retinal pigment epithelial cell	primary_cell	unknown		encode	single	False	1.5056036710739136	chip_histone		H3K4me3
CL:0002603 Histone ChIP-seq H3K4me3	.	Histone ChIP-seq	CL:0002603	astrocyte of the cerebellum	primary_cell	unknown		encode	single	False	2.751863956451416	chip_histone		H3K4me3
CL:0002606 Histone ChIP-seq H3K4me3	.	Histone ChIP-seq	CL:0002606	astrocyte of the spinal cord	primary_cell	unknown		encode	single	False	1.5362993478775024	chip_histone		H3K4me3
CL:0002618 Histone ChIP-seq H2AFZ	.	Histone ChIP-seq	CL:0002618	endothelial cell of umbilical vein	primary_cell	newborn		encode	single	False	0.8388957977294922	chip_histone		H2AFZ
CL:0002618 Histone ChIP-seq H3K27ac	.	Histone ChIP-seq	CL:0002618	endothelial cell of umbilical vein	primary_cell	newborn		encode	single	False	1.413582444190979	chip_histone		H3K27ac
CL:0002618 Histone ChIP-seq H3K27me3	.	Histone ChIP-seq	CL:0002618	endothelial cell of umbilical vein	primary_cell	newborn		encode	single	False	0.9519431591033936	chip_histone		H3K27me3
CL:0002618 Histone ChIP-seq H3K36me3	.	Histone ChIP-seq	CL:0002618	endothelial cell of umbilical vein	primary_cell	newborn		encode	single	False	1.1424281597137451	chip_histone		H3K36me3
CL:0002618 Histone ChIP-seq H3K4me1	.	Histone ChIP-seq	CL:0002618	endothelial cell of umbilical vein	primary_cell	newborn		encode	single	False	1.3022959232330322	chip_histone		H3K4me1
CL:0002618 Histone ChIP-seq H3K4me2	.	Histone ChIP-seq	CL:0002618	endothelial cell of umbilical vein	primary_cell	newborn		encode	single	False	1.3143960237503052	chip_histone		H3K4me2
CL:0002618 Histone ChIP-seq H3K4me3	.	Histone ChIP-seq	CL:0002618	endothelial cell of umbilical vein	primary_cell	newborn		encode	single	False	0.6240338087081909	chip_histone		H3K4me3
CL:0002618 Histone ChIP-seq H3K79me2	.	Histone ChIP-seq	CL:0002618	endothelial cell of umbilical vein	primary_cell	newborn		encode	single	False	1.296781063079834	chip_histone		H3K79me2
CL:0002618 Histone ChIP-seq H3K9ac	.	Histone ChIP-seq	CL:0002618	endothelial cell of umbilical vein	primary_cell	newborn		encode	single	False	1.4204692840576172	chip_histone		H3K9ac
CL:0011020 Histone ChIP-seq H2AFZ	.	Histone ChIP-seq	CL:0011020	neural progenitor cell	in_vitro_differentiated_cells	embryonic		encode	single	False	0.8875049948692322	chip_histone		H2AFZ
CL:0011020 Histone ChIP-seq H3F3A	.	Histone ChIP-seq	CL:0011020	neural progenitor cell	in_vitro_differentiated_cells	embryonic		encode	single	False	0.8334057927131653	chip_histone		H3F3A
CL:0011020 Histone ChIP-seq H3K27ac	.	Histone ChIP-seq	CL:0011020	neural progenitor cell	in_vitro_differentiated_cells	embryonic		encode	single	False	0.8626130223274231	chip_histone		H3K27ac
CL:0011020 Histone ChIP-seq H3K27me3	.	Histone ChIP-seq	CL:0011020	neural progenitor cell	in_vitro_differentiated_cells	embryonic		encode	single	False	0.8359968066215515	chip_histone		H3K27me3
CL:0011020 Histone ChIP-seq H3K4me1	.	Histone ChIP-seq	CL:0011020	neural progenitor cell	in_vitro_differentiated_cells	embryonic		encode	single	False	0.819572389125824	chip_histone		H3K4me1
CL:0011020 Histone ChIP-seq H3K4me2	.	Histone ChIP-seq	CL:0011020	neural progenitor cell	in_vitro_differentiated_cells	embryonic		encode	single	False	0.8100183606147766	chip_histone		H3K4me2
CL:0011020 Histone ChIP-seq H3K4me3	.	Histone ChIP-seq	CL:0011020	neural progenitor cell	in_vitro_differentiated_cells	embryonic		encode	single	False	0.7950120568275452	chip_histone		H3K4me3
CL:0011020 Histone ChIP-seq H3K79me2	.	Histone ChIP-seq	CL:0011020	neural progenitor cell	in_vitro_differentiated_cells	embryonic		encode	single	False	0.8412899374961853	chip_histone		H3K79me2
CL:0011020 Histone ChIP-seq H4K20me1	.	Histone ChIP-seq	CL:0011020	neural progenitor cell	in_vitro_differentiated_cells	embryonic		encode	single	False	0.8494463562965393	chip_histone		H4K20me1
CL:1001606 Histone ChIP-seq H3K27ac	.	Histone ChIP-seq	CL:1001606	foreskin keratinocyte	primary_cell	newborn		encode	paired	False	0.7617563605308533	chip_histone		H3K27ac
CL:1001606 Histone ChIP-seq H3K27me3	.	Histone ChIP-seq	CL:1001606	foreskin keratinocyte	primary_cell	newborn		encode	paired	False	0.8125223517417908	chip_histone		H3K27me3
CL:1001606 Histone ChIP-seq H3K36me3	.	Histone ChIP-seq	CL:1001606	foreskin keratinocyte	primary_cell	newborn		encode	paired	False	0.9963340163230896	chip_histone		H3K36me3
CL:1001606 Histone ChIP-seq H3K4me1	.	Histone ChIP-seq	CL:1001606	foreskin keratinocyte	primary_cell	newborn		encode	paired	False	0.7609577775001526	chip_histone		H3K4me1
CL:1001606 Histone ChIP-seq H3K4me3	.	Histone ChIP-seq	CL:1001606	foreskin keratinocyte	primary_cell	newborn		encode	paired	False	1.7137986421585083	chip_histone		H3K4me3
CL:1001606 Histone ChIP-seq H3K9ac	.	Histone ChIP-seq	CL:1001606	foreskin keratinocyte	primary_cell	newborn		encode	single	False	1.2208507061004639	chip_histone		H3K9ac
CL:1001606 Histone ChIP-seq H3K9me3	.	Histone ChIP-seq	CL:1001606	foreskin keratinocyte	primary_cell	newborn		encode	paired	False	0.9907357096672058	chip_histone		H3K9me3
CL:1001608 Histone ChIP-seq H3K27ac	.	Histone ChIP-seq	CL:1001608	foreskin fibroblast	primary_cell	newborn		encode	single	False	0.8477483987808228	chip_histone		H3K27ac
CL:1001608 Histone ChIP-seq H3K27me3	.	Histone ChIP-seq	CL:1001608	foreskin fibroblast	primary_cell	newborn		encode	single	False	0.8903656005859375	chip_histone		H3K27me3
CL:1001608 Histone ChIP-seq H3K36me3	.	Histone ChIP-seq	CL:1001608	foreskin fibroblast	primary_cell	newborn		encode	single	False	0.8516900539398193	chip_histone		H3K36me3
CL:1001608 Histone ChIP-seq H3K4me1	.	Histone ChIP-seq	CL:1001608	foreskin fibroblast	primary_cell	newborn		encode	single	False	0.8369209170341492	chip_histone		H3K4me1
CL:1001608 Histone ChIP-seq H3K4me3	.	Histone ChIP-seq	CL:1001608	foreskin fibroblast	primary_cell	newborn		encode	paired	False	1.0306044816970825	chip_histone		H3K4me3
CL:1001608 Histone ChIP-seq H3K9me3	.	Histone ChIP-seq	CL:1001608	foreskin fibroblast	primary_cell	newborn		encode	single	False	0.8815646171569824	chip_histone		H3K9me3
CL:2000001 Histone ChIP-seq H3K27ac	.	Histone ChIP-seq	CL:2000001	peripheral blood mononuclear cell	primary_cell	adult		encode	single	False	0.8418717384338379	chip_histone		H3K27ac
CL:2000001 Histone ChIP-seq H3K27me3	.	Histone ChIP-seq	CL:2000001	peripheral blood mononuclear cell	primary_cell	adult		encode	single	False	1.1466968059539795	chip_histone		H3K27me3
CL:2000001 Histone ChIP-seq H3K36me3	.	Histone ChIP-seq	CL:2000001	peripheral blood mononuclear cell	primary_cell	adult		encode	single	False	1.0044301748275757	chip_histone		H3K36me3
CL:2000001 Histone ChIP-seq H3K4me1	.	Histone ChIP-seq	CL:2000001	peripheral blood mononuclear cell	primary_cell	adult		encode	single	False	0.8782188892364502	chip_histone		H3K4me1
CL:2000001 Histone ChIP-seq H3K4me3	.	Histone ChIP-seq	CL:2000001	peripheral blood mononuclear cell	primary_cell	adult		encode	single	False	0.8846347332000732	chip_histone		H3K4me3
CL:2000001 Histone ChIP-seq H3K9ac	.	Histone ChIP-seq	CL:2000001	peripheral blood mononuclear cell	primary_cell	adult		encode	single	False	0.9377597570419312	chip_histone		H3K9ac
CL:2000001 Histone ChIP-seq H3K9me3	.	Histone ChIP-seq	CL:2000001	peripheral blood mononuclear cell	primary_cell	adult		encode	single	False	1.2266879081726074	chip_histone		H3K9me3
CL:2000044 Histone ChIP-seq H3K27ac	.	Histone ChIP-seq	CL:2000044	brain microvascular endothelial cell	primary_cell	unknown		encode	paired	False	0.6727954149246216	chip_histone		H3K27ac
CL:2000044 Histone ChIP-seq H3K36me3	.	Histone ChIP-seq	CL:2000044	brain microvascular endothelial cell	primary_cell	unknown		encode	paired	False	0.76507169008255	chip_histone		H3K36me3
CL:2000044 Histone ChIP-seq H3K4me3	.	Histone ChIP-seq	CL:2000044	brain microvascular endothelial cell	primary_cell	unknown		encode	single	False	2.3882954120635986	chip_histone		H3K4me3
CL:2000045 Histone ChIP-seq H3K27ac	.	Histone ChIP-seq	CL:2000045	foreskin melanocyte	primary_cell	newborn		encode	paired	False	0.9535868763923645	chip_histone		H3K27ac
CL:2000045 Histone ChIP-seq H3K27me3	.	Histone ChIP-seq	CL:2000045	foreskin melanocyte	primary_cell	newborn		encode	paired	False	1.1221071481704712	chip_histone		H3K27me3
CL:2000045 Histone ChIP-seq H3K36me3	.	Histone ChIP-seq	CL:2000045	foreskin melanocyte	primary_cell	newborn		encode	paired	False	1.2483108043670654	chip_histone		H3K36me3
CL:2000045 Histone ChIP-seq H3K4me1	.	Histone ChIP-seq	CL:2000045	foreskin melanocyte	primary_cell	newborn		encode	paired	False	1.0487231016159058	chip_histone		H3K4me1
CL:2000045 Histone ChIP-seq H3K4me3	.	Histone ChIP-seq	CL:2000045	foreskin melanocyte	primary_cell	newborn		encode	paired	False	1.4662927389144897	chip_histone		H3K4me3
CL:2000045 Histone ChIP-seq H3K9ac	.	Histone ChIP-seq	CL:2000045	foreskin melanocyte	primary_cell	newborn		encode	single	False	1.2747563123703003	chip_histone		H3K9ac
CL:2000045 Histone ChIP-seq H3K9me3	.	Histone ChIP-seq	CL:2000045	foreskin melanocyte	primary_cell	newborn		encode	paired	False	1.3538326025009155	chip_histone		H3K9me3
CLO:0007045 Histone ChIP-seq H3K4me3	.	Histone ChIP-seq	CLO:0007045	Jurkat, Clone E6-1	cell_line	child		encode	single	False	1.377289891242981	chip_histone		H3K4me3
CLO:0021511 Histone ChIP-seq H3K4me3	.	Histone ChIP-seq	CLO:0021511	AG10803	cell_line	adult		encode	single	False	1.5706654787063599	chip_histone		H3K4me3
CLO:0021752 Histone ChIP-seq H3K4me3	.	Histone ChIP-seq	CLO:0021752	AG09309	cell_line	adult		encode	single	False	1.7879945039749146	chip_histone		H3K4me3
CLO:0021754 Histone ChIP-seq H3K4me3	.	Histone ChIP-seq	CLO:0021754	AG09319	cell_line	adult		encode	single	False	2.75639009475708	chip_histone		H3K4me3
CLO:0034837 Histone ChIP-seq H3K4me3	.	Histone ChIP-seq	CLO:0034837	AG04449	cell_line	embryonic		encode	single	False	1.7758548259735107	chip_histone		H3K4me3
EFO:0001086 Histone ChIP-seq H3K27ac	.	Histone ChIP-seq	EFO:0001086	A549	cell_line	adult		encode	single	False	0.6329953074455261	chip_histone		H3K27ac
EFO:0001086 Histone ChIP-seq H3K4me1	.	Histone ChIP-seq	EFO:0001086	A549	cell_line	adult		encode	single	False	0.6885738372802734	chip_histone		H3K4me1
EFO:0001086 Histone ChIP-seq H3K4me2	.	Histone ChIP-seq	EFO:0001086	A549	cell_line	adult		encode	single	False	0.671027660369873	chip_histone		H3K4me2
EFO:0001086 Histone ChIP-seq H3K4me3	.	Histone ChIP-seq	EFO:0001086	A549	cell_line	adult		encode	single	False	0.6755056977272034	chip_histone		H3K4me3
EFO:0001099 Histone ChIP-seq H3K4me1	.	Histone ChIP-seq	EFO:0001099	Caco-2	cell_line	adult		encode	paired	False	0.7609172463417053	chip_histone		H3K4me1
EFO:0001099 Histone ChIP-seq H3K4me3	.	Histone ChIP-seq	EFO:0001099	Caco-2	cell_line	adult		encode	single	False	1.95445716381073	chip_histone		H3K4me3
EFO:0001162 Histone ChIP-seq H3K4me3	.	Histone ChIP-seq	EFO:0001162	GM12875	cell_line	unknown		encode	single	False	1.8323731422424316	chip_histone		H3K4me3
EFO:0001182 Histone ChIP-seq H3K36me3	.	Histone ChIP-seq	EFO:0001182	HEK293	cell_line	embryonic		encode	single	False	0.7809950709342957	chip_histone		H3K36me3
EFO:0001182 Histone ChIP-seq H3K4me1	.	Histone ChIP-seq	EFO:0001182	HEK293	cell_line	embryonic		encode	single	False	0.87506103515625	chip_histone		H3K4me1
EFO:0001182 Histone ChIP-seq H3K4me3	.	Histone ChIP-seq	EFO:0001182	HEK293	cell_line	embryonic		encode	single	False	1.4261152744293213	chip_histone		H3K4me3
EFO:0001187 Histone ChIP-seq H3K27ac	.	Histone ChIP-seq	EFO:0001187	HepG2	cell_line	child		encode	single	False	0.8398945927619934	chip_histone		H3K27ac
EFO:0001187 Histone ChIP-seq H3K27me3	.	Histone ChIP-seq	EFO:0001187	HepG2	cell_line	child		encode	single	False	0.823556661605835	chip_histone		H3K27me3
EFO:0001187 Histone ChIP-seq H3K36me3	.	Histone ChIP-seq	EFO:0001187	HepG2	cell_line	child		encode	single	False	0.7415798306465149	chip_histone		H3K36me3
EFO:0001187 Histone ChIP-seq H3K4me1	.	Histone ChIP-seq	EFO:0001187	HepG2	cell_line	child		encode	single	False	0.9581140875816345	chip_histone		H3K4me1
EFO:0001187 Histone ChIP-seq H3K4me2	.	Histone ChIP-seq	EFO:0001187	HepG2	cell_line	child		encode	single	False	1.6532938480377197	chip_histone		H3K4me2
EFO:0001187 Histone ChIP-seq H3K4me3	.	Histone ChIP-seq	EFO:0001187	HepG2	cell_line	child		encode	single	False	0.7466471791267395	chip_histone		H3K4me3
EFO:0001187 Histone ChIP-seq H3K79me2	.	Histone ChIP-seq	EFO:0001187	HepG2	cell_line	child		encode	single	False	1.4591761827468872	chip_histone		H3K79me2
EFO:0001187 Histone ChIP-seq H3K9ac	.	Histone ChIP-seq	EFO:0001187	HepG2	cell_line	child		encode	single	False	1.4094842672348022	chip_histone		H3K9ac
EFO:0001187 Histone ChIP-seq H3K9me3	.	Histone ChIP-seq	EFO:0001187	HepG2	cell_line	child		encode	single	False	0.846428632736206	chip_histone		H3K9me3
EFO:0001187 Histone ChIP-seq H4K20me1	.	Histone ChIP-seq	EFO:0001187	HepG2	cell_line	child		encode	single	False	1.1623249053955078	chip_histone		H4K20me1
EFO:0001196 Histone ChIP-seq H2AFZ	.	Histone ChIP-seq	EFO:0001196	IMR-90	cell_line	embryonic		encode	single	False	1.2369091510772705	chip_histone		H2AFZ
EFO:0001196 Histone ChIP-seq H2AK5ac	.	Histone ChIP-seq	EFO:0001196	IMR-90	cell_line	embryonic		encode	single	False	1.5246500968933105	chip_histone		H2AK5ac
EFO:0001196 Histone ChIP-seq H2BK120ac	.	Histone ChIP-seq	EFO:0001196	IMR-90	cell_line	embryonic		encode	single	False	1.3716460466384888	chip_histone		H2BK120ac
EFO:0001196 Histone ChIP-seq H2BK12ac	.	Histone ChIP-seq	EFO:0001196	IMR-90	cell_line	embryonic		encode	single	False	1.4479514360427856	chip_histone		H2BK12ac
EFO:0001196 Histone ChIP-seq H2BK15ac	.	Histone ChIP-seq	EFO:0001196	IMR-90	cell_line	embryonic		encode	single	False	0.966442346572876	chip_histone		H2BK15ac
EFO:0001196 Histone ChIP-seq H2BK20ac	.	Histone ChIP-seq	EFO:0001196	IMR-90	cell_line	embryonic		encode	single	False	1.2972639799118042	chip_histone		H2BK20ac
EFO:0001196 Histone ChIP-seq H2BK5ac	.	Histone ChIP-seq	EFO:0001196	IMR-90	cell_line	embryonic		encode	single	False	0.9934648871421814	chip_histone		H2BK5ac
EFO:0001196 Histone ChIP-seq H3K14ac	.	Histone ChIP-seq	EFO:0001196	IMR-90	cell_line	embryonic		encode	single	False	1.083517074584961	chip_histone		H3K14ac
EFO:0001196 Histone ChIP-seq H3K18ac	.	Histone ChIP-seq	EFO:0001196	IMR-90	cell_line	embryonic		encode	single	False	1.057948112487793	chip_histone		H3K18ac
EFO:0001196 Histone ChIP-seq H3K23ac	.	Histone ChIP-seq	EFO:0001196	IMR-90	cell_line	embryonic		encode	single	False	1.0878431797027588	chip_histone		H3K23ac
EFO:0001196 Histone ChIP-seq H3K27ac	.	Histone ChIP-seq	EFO:0001196	IMR-90	cell_line	embryonic		encode	single	False	1.0501070022583008	chip_histone		H3K27ac
EFO:0001196 Histone ChIP-seq H3K27me3	.	Histone ChIP-seq	EFO:0001196	IMR-90	cell_line	embryonic		encode	single	False	1.1166572570800781	chip_histone		H3K27me3
EFO:0001196 Histone ChIP-seq H3K36me3	.	Histone ChIP-seq	EFO:0001196	IMR-90	cell_line	embryonic		encode	single	False	1.3623366355895996	chip_histone		H3K36me3
EFO:0001196 Histone ChIP-seq H3K4ac	.	Histone ChIP-seq	EFO:0001196	IMR-90	cell_line	embryonic		encode	single	False	1.3149033784866333	chip_histone		H3K4ac
EFO:0001196 Histone ChIP-seq H3K4me1	.	Histone ChIP-seq	EFO:0001196	IMR-90	cell_line	embryonic		encode	single	False	0.9336976408958435	chip_histone		H3K4me1
EFO:0001196 Histone ChIP-seq H3K4me2	.	Histone ChIP-seq	EFO:0001196	IMR-90	cell_line	embryonic		encode	single	False	1.0273102521896362	chip_histone		H3K4me2
EFO:0001196 Histone ChIP-seq H3K4me3	.	Histone ChIP-seq	EFO:0001196	IMR-90	cell_line	embryonic		encode	single	False	1.479701280593872	chip_histone		H3K4me3
EFO:0001196 Histone ChIP-seq H3K79me1	.	Histone ChIP-seq	EFO:0001196	IMR-90	cell_line	embryonic		encode	single	False	0.7547033429145813	chip_histone		H3K79me1
EFO:0001196 Histone ChIP-seq H3K79me2	.	Histone ChIP-seq	EFO:0001196	IMR-90	cell_line	embryonic		encode	single	False	1.1842864751815796	chip_histone		H3K79me2
EFO:0001196 Histone ChIP-seq H3K9ac	.	Histone ChIP-seq	EFO:0001196	IMR-90	cell_line	embryonic		encode	single	False	1.211501955986023	chip_histone		H3K9ac
EFO:0001196 Histone ChIP-seq H3K9me1	.	Histone ChIP-seq	EFO:0001196	IMR-90	cell_line	embryonic		encode	single	False	0.9264301061630249	chip_histone		H3K9me1
EFO:0001196 Histone ChIP-seq H3K9me3	.	Histone ChIP-seq	EFO:0001196	IMR-90	cell_line	embryonic		encode	single	False	1.1585264205932617	chip_histone		H3K9me3
EFO:0001196 Histone ChIP-seq H4K20me1	.	Histone ChIP-seq	EFO:0001196	IMR-90	cell_line	embryonic		encode	single	False	0.9348976612091064	chip_histone		H4K20me1
EFO:0001196 Histone ChIP-seq H4K5ac	.	Histone ChIP-seq	EFO:0001196	IMR-90	cell_line	embryonic		encode	single	False	0.9765207767486572	chip_histone		H4K5ac
EFO:0001196 Histone ChIP-seq H4K8ac	.	Histone ChIP-seq	EFO:0001196	IMR-90	cell_line	embryonic		encode	single	False	0.7747776508331299	chip_histone		H4K8ac
EFO:0001196 Histone ChIP-seq H4K91ac	.	Histone ChIP-seq	EFO:0001196	IMR-90	cell_line	embryonic		encode	single	False	1.7031760215759277	chip_histone		H4K91ac
EFO:0001203 Histone ChIP-seq H2AFZ	.	Histone ChIP-seq	EFO:0001203	MCF-7	cell_line	adult		encode	single	False	0.7777266502380371	chip_histone		H2AFZ
EFO:0001203 Histone ChIP-seq H3K27ac	.	Histone ChIP-seq	EFO:0001203	MCF-7	cell_line	adult		encode	single	False	0.6805304884910583	chip_histone		H3K27ac
EFO:0001203 Histone ChIP-seq H3K36me3	.	Histone ChIP-seq	EFO:0001203	MCF-7	cell_line	adult		encode	single	False	0.7012349367141724	chip_histone		H3K36me3
EFO:0001203 Histone ChIP-seq H3K4me1	.	Histone ChIP-seq	EFO:0001203	MCF-7	cell_line	adult		encode	single	False	0.7435044646263123	chip_histone		H3K4me1
EFO:0001203 Histone ChIP-seq H3K4me2	.	Histone ChIP-seq	EFO:0001203	MCF-7	cell_line	adult		encode	single	False	0.757789134979248	chip_histone		H3K4me2
EFO:0001203 Histone ChIP-seq H3K4me3	.	Histone ChIP-seq	EFO:0001203	MCF-7	cell_line	adult		encode	single	False	0.7882369756698608	chip_histone		H3K4me3
EFO:0001203 Histone ChIP-seq H3K79me2	.	Histone ChIP-seq	EFO:0001203	MCF-7	cell_line	adult		encode	single	False	0.8263932466506958	chip_histone		H3K79me2
EFO:0001203 Histone ChIP-seq H3K9ac	.	Histone ChIP-seq	EFO:0001203	MCF-7	cell_line	adult		encode	single	False	0.8699772357940674	chip_histone		H3K9ac
EFO:0001221 Histone ChIP-seq H2AFZ	.	Histone ChIP-seq	EFO:0001221	NCI-H929	cell_line	adult		encode	paired	False	0.8324805498123169	chip_histone		H2AFZ
EFO:0001221 Histone ChIP-seq H3K27ac	.	Histone ChIP-seq	EFO:0001221	NCI-H929	cell_line	adult		encode	paired	False	0.6850462555885315	chip_histone		H3K27ac
EFO:0001221 Histone ChIP-seq H3K36me3	.	Histone ChIP-seq	EFO:0001221	NCI-H929	cell_line	adult		encode	paired	False	0.8240364789962769	chip_histone		H3K36me3
EFO:0001221 Histone ChIP-seq H3K4me1	.	Histone ChIP-seq	EFO:0001221	NCI-H929	cell_line	adult		encode	paired	False	0.848157525062561	chip_histone		H3K4me1
EFO:0001221 Histone ChIP-seq H3K4me2	.	Histone ChIP-seq	EFO:0001221	NCI-H929	cell_line	adult		encode	paired	False	0.8175636529922485	chip_histone		H3K4me2
EFO:0001221 Histone ChIP-seq H3K4me3	.	Histone ChIP-seq	EFO:0001221	NCI-H929	cell_line	adult		encode	single	False	0.8140625357627869	chip_histone		H3K4me3
EFO:0001221 Histone ChIP-seq H3K79me2	.	Histone ChIP-seq	EFO:0001221	NCI-H929	cell_line	adult		encode	single	False	0.7729151844978333	chip_histone		H3K79me2
EFO:0001221 Histone ChIP-seq H3K9ac	.	Histone ChIP-seq	EFO:0001221	NCI-H929	cell_line	adult		encode	single	False	0.8214753866195679	chip_histone		H3K9ac
EFO:0001260 Histone ChIP-seq H3K4me3	.	Histone ChIP-seq	EFO:0001260	WI38	cell_line	unknown		encode	single	False	2.0542047023773193	chip_histone		H3K4me3
EFO:0002067 Histone ChIP-seq H2AFZ	.	Histone ChIP-seq	EFO:0002067	K562	cell_line	adult		encode	single	False	1.1387044191360474	chip_histone		H2AFZ
EFO:0002067 Histone ChIP-seq H3K27ac	.	Histone ChIP-seq	EFO:0002067	K562	cell_line	adult		encode	single	False	0.7258226275444031	chip_histone		H3K27ac
EFO:0002067 Histone ChIP-seq H3K27me3	.	Histone ChIP-seq	EFO:0002067	K562	cell_line	adult		encode	single	False	0.7676494121551514	chip_histone		H3K27me3
EFO:0002067 Histone ChIP-seq H3K36me3	.	Histone ChIP-seq	EFO:0002067	K562	cell_line	adult		encode	single	False	0.7321892380714417	chip_histone		H3K36me3
EFO:0002067 Histone ChIP-seq H3K4me1	.	Histone ChIP-seq	EFO:0002067	K562	cell_line	adult		encode	single	False	0.7091634273529053	chip_histone		H3K4me1
EFO:0002067 Histone ChIP-seq H3K4me2	.	Histone ChIP-seq	EFO:0002067	K562	cell_line	adult		encode	single	False	1.953864336013794	chip_histone		H3K4me2
EFO:0002067 Histone ChIP-seq H3K4me3	.	Histone ChIP-seq	EFO:0002067	K562	cell_line	adult		encode	single	False	0.6676239967346191	chip_histone		H3K4me3
EFO:0002067 Histone ChIP-seq H3K79me2	.	Histone ChIP-seq	EFO:0002067	K562	cell_line	adult		encode	single	False	1.0385363101959229	chip_histone		H3K79me2
EFO:0002067 Histone ChIP-seq H3K9ac	.	Histone ChIP-seq	EFO:0002067	K562	cell_line	adult		encode	single	False	1.1911028623580933	chip_histone		H3K9ac
EFO:0002067 Histone ChIP-seq H4K20me1	.	Histone ChIP-seq	EFO:0002067	K562	cell_line	adult		encode	single	False	1.103072166442871	chip_histone		H4K20me1
EFO:0002074 Histone ChIP-seq H2AFZ	.	Histone ChIP-seq	EFO:0002074	PC-3	cell_line	adult		encode	single	False	0.7435217499732971	chip_histone		H2AFZ
EFO:0002074 Histone ChIP-seq H3K27ac	.	Histone ChIP-seq	EFO:0002074	PC-3	cell_line	adult		encode	single	False	0.7057936787605286	chip_histone		H3K27ac
EFO:0002074 Histone ChIP-seq H3K27me3	.	Histone ChIP-seq	EFO:0002074	PC-3	cell_line	adult		encode	single	False	0.7873684167861938	chip_histone		H3K27me3
EFO:0002074 Histone ChIP-seq H3K36me3	.	Histone ChIP-seq	EFO:0002074	PC-3	cell_line	adult		encode	single	False	0.762434720993042	chip_histone		H3K36me3
EFO:0002074 Histone ChIP-seq H3K4me1	.	Histone ChIP-seq	EFO:0002074	PC-3	cell_line	adult		encode	single	False	0.7295119166374207	chip_histone		H3K4me1
EFO:0002074 Histone ChIP-seq H3K4me2	.	Histone ChIP-seq	EFO:0002074	PC-3	cell_line	adult		encode	single	False	0.7400060296058655	chip_histone		H3K4me2
EFO:0002074 Histone ChIP-seq H3K4me3	.	Histone ChIP-seq	EFO:0002074	PC-3	cell_line	adult		encode	single	False	0.7329297661781311	chip_histone		H3K4me3
EFO:0002074 Histone ChIP-seq H3K79me2	.	Histone ChIP-seq	EFO:0002074	PC-3	cell_line	adult		encode	single	False	0.7248369455337524	chip_histone		H3K79me2
EFO:0002074 Histone ChIP-seq H3K9ac	.	Histone ChIP-seq	EFO:0002074	PC-3	cell_line	adult		encode	single	False	0.7181410193443298	chip_histone		H3K9ac
EFO:0002095 Histone ChIP-seq H3K27ac	.	Histone ChIP-seq	EFO:0002095	22Rv1	cell_line	unknown		encode	paired	False	0.8225396871566772	chip_histone		H3K27ac
EFO:0002106 Histone ChIP-seq H3K27ac	.	Histone ChIP-seq	EFO:0002106	A673	cell_line	child		encode	single	False	0.9337882399559021	chip_histone		H3K27ac
EFO:0002106 Histone ChIP-seq H3K4me1	.	Histone ChIP-seq	EFO:0002106	A673	cell_line	child		encode	single	False	1.2146235704421997	chip_histone		H3K4me1
EFO:0002106 Histone ChIP-seq H3K4me3	.	Histone ChIP-seq	EFO:0002106	A673	cell_line	child		encode	single	False	1.032426357269287	chip_histone		H3K4me3
EFO:0002167 Histone ChIP-seq H2AFZ	.	Histone ChIP-seq	EFO:0002167	DOHH2	cell_line	adult		encode	single	False	0.8480846881866455	chip_histone		H2AFZ
EFO:0002167 Histone ChIP-seq H3F3A	.	Histone ChIP-seq	EFO:0002167	DOHH2	cell_line	adult		encode	single	False	0.7860332131385803	chip_histone		H3F3A
EFO:0002167 Histone ChIP-seq H3K27ac	.	Histone ChIP-seq	EFO:0002167	DOHH2	cell_line	adult		encode	single	False	0.9404491782188416	chip_histone		H3K27ac
EFO:0002167 Histone ChIP-seq H3K27me3	.	Histone ChIP-seq	EFO:0002167	DOHH2	cell_line	adult		encode	single	False	0.7938494086265564	chip_histone		H3K27me3
EFO:0002167 Histone ChIP-seq H3K36me3	.	Histone ChIP-seq	EFO:0002167	DOHH2	cell_line	adult		encode	single	False	0.7523781061172485	chip_histone		H3K36me3
EFO:0002167 Histone ChIP-seq H3K4me1	.	Histone ChIP-seq	EFO:0002167	DOHH2	cell_line	adult		encode	single	False	0.722085177898407	chip_histone		H3K4me1
EFO:0002167 Histone ChIP-seq H3K4me2	.	Histone ChIP-seq	EFO:0002167	DOHH2	cell_line	adult		encode	single	False	0.873505711555481	chip_histone		H3K4me2
EFO:0002167 Histone ChIP-seq H3K4me3	.	Histone ChIP-seq	EFO:0002167	DOHH2	cell_line	adult		encode	single	False	0.7785306572914124	chip_histone		H3K4me3
EFO:0002167 Histone ChIP-seq H3K79me2	.	Histone ChIP-seq	EFO:0002167	DOHH2	cell_line	adult		encode	single	False	0.7459806799888611	chip_histone		H3K79me2
EFO:0002234 Histone ChIP-seq H3K36me3	.	Histone ChIP-seq	EFO:0002234	MG63	cell_line	child		encode	paired	False	0.7326278686523438	chip_histone		H3K36me3
EFO:0002234 Histone ChIP-seq H3K4me3	.	Histone ChIP-seq	EFO:0002234	MG63	cell_line	child		encode	paired	False	0.7054553627967834	chip_histone		H3K4me3
EFO:0002323 Histone ChIP-seq H3K27ac	.	Histone ChIP-seq	EFO:0002323	RWPE1	cell_line	adult		encode	paired	False	1.316434383392334	chip_histone		H3K27ac
EFO:0002330 Histone ChIP-seq H3K27ac	.	Histone ChIP-seq	EFO:0002330	SJSA1	cell_line	adult		encode	paired	False	0.7031357884407043	chip_histone		H3K27ac
EFO:0002330 Histone ChIP-seq H3K36me3	.	Histone ChIP-seq	EFO:0002330	SJSA1	cell_line	adult		encode	paired	False	0.7640801072120667	chip_histone		H3K36me3
EFO:0002330 Histone ChIP-seq H3K4me1	.	Histone ChIP-seq	EFO:0002330	SJSA1	cell_line	adult		encode	paired	False	0.7201310396194458	chip_histone		H3K4me1
EFO:0002330 Histone ChIP-seq H3K4me3	.	Histone ChIP-seq	EFO:0002330	SJSA1	cell_line	adult		encode	paired	False	0.636623203754425	chip_histone		H3K4me3
EFO:0002357 Histone ChIP-seq H3F3A	.	Histone ChIP-seq	EFO:0002357	SU-DHL-6	cell_line	adult		encode	single	False	0.8423266410827637	chip_histone		H3F3A
EFO:0002357 Histone ChIP-seq H3K27ac	.	Histone ChIP-seq	EFO:0002357	SU-DHL-6	cell_line	adult		encode	single	False	0.8034595251083374	chip_histone		H3K27ac
EFO:0002357 Histone ChIP-seq H3K36me3	.	Histone ChIP-seq	EFO:0002357	SU-DHL-6	cell_line	adult		encode	single	False	0.7802841663360596	chip_histone		H3K36me3
EFO:0002357 Histone ChIP-seq H3K4me2	.	Histone ChIP-seq	EFO:0002357	SU-DHL-6	cell_line	adult		encode	single	False	0.79960036277771	chip_histone		H3K4me2
EFO:0002357 Histone ChIP-seq H3K79me2	.	Histone ChIP-seq	EFO:0002357	SU-DHL-6	cell_line	adult		encode	single	False	0.8656731843948364	chip_histone		H3K79me2
EFO:0002357 Histone ChIP-seq H3K9ac	.	Histone ChIP-seq	EFO:0002357	SU-DHL-6	cell_line	adult		encode	single	False	0.7668773531913757	chip_histone		H3K9ac
EFO:0002713 Histone ChIP-seq H3K27ac	.	Histone ChIP-seq	EFO:0002713	Panc1	cell_line	adult		encode	single	False	0.8690906763076782	chip_histone		H3K27ac
EFO:0002713 Histone ChIP-seq H3K36me3	.	Histone ChIP-seq	EFO:0002713	Panc1	cell_line	adult		encode	single	False	0.9535069465637207	chip_histone		H3K36me3
EFO:0002713 Histone ChIP-seq H3K4me1	.	Histone ChIP-seq	EFO:0002713	Panc1	cell_line	adult		encode	single	False	0.9128447771072388	chip_histone		H3K4me1
EFO:0002713 Histone ChIP-seq H3K4me3	.	Histone ChIP-seq	EFO:0002713	Panc1	cell_line	adult		encode	single	False	1.0108050107955933	chip_histone		H3K4me3
EFO:0002779 Histone ChIP-seq H3K27me3	.	Histone ChIP-seq	EFO:0002779	BJ	cell_line	newborn		encode	single	False	1.2857643365859985	chip_histone		H3K27me3
EFO:0002779 Histone ChIP-seq H3K36me3	.	Histone ChIP-seq	EFO:0002779	BJ	cell_line	newborn		encode	single	False	1.2777327299118042	chip_histone		H3K36me3
EFO:0002779 Histone ChIP-seq H3K4me3	.	Histone ChIP-seq	EFO:0002779	BJ	cell_line	newborn		encode	single	False	2.0215272903442383	chip_histone		H3K4me3
EFO:0002783 Histone ChIP-seq H3K36me3	.	Histone ChIP-seq	EFO:0002783	GM06990	cell_line	unknown		encode	single	False	1.289337396621704	chip_histone		H3K36me3
EFO:0002783 Histone ChIP-seq H3K4me3	.	Histone ChIP-seq	EFO:0002783	GM06990	cell_line	unknown		encode	single	False	2.12255859375	chip_histone		H3K4me3
EFO:0002784 Histone ChIP-seq H2AFZ	.	Histone ChIP-seq	EFO:0002784	GM12878	cell_line	adult		encode	single	False	1.0433303117752075	chip_histone		H2AFZ
EFO:0002784 Histone ChIP-seq H3K27ac	.	Histone ChIP-seq	EFO:0002784	GM12878	cell_line	adult		encode	single	False	2.0473732948303223	chip_histone		H3K27ac
EFO:0002784 Histone ChIP-seq H3K36me3	.	Histone ChIP-seq	EFO:0002784	GM12878	cell_line	adult		encode	single	False	0.9647253751754761	chip_histone		H3K36me3
EFO:0002784 Histone ChIP-seq H3K4me1	.	Histone ChIP-seq	EFO:0002784	GM12878	cell_line	adult		encode	single	False	0.8747251033782959	chip_histone		H3K4me1
EFO:0002784 Histone ChIP-seq H3K4me2	.	Histone ChIP-seq	EFO:0002784	GM12878	cell_line	adult		encode	single	False	2.022794008255005	chip_histone		H3K4me2
EFO:0002784 Histone ChIP-seq H3K4me3	.	Histone ChIP-seq	EFO:0002784	GM12878	cell_line	adult		encode	single	False	0.7356247305870056	chip_histone		H3K4me3
EFO:0002784 Histone ChIP-seq H3K79me2	.	Histone ChIP-seq	EFO:0002784	GM12878	cell_line	adult		encode	single	False	1.9463640451431274	chip_histone		H3K79me2
EFO:0002784 Histone ChIP-seq H3K9ac	.	Histone ChIP-seq	EFO:0002784	GM12878	cell_line	adult		encode	single	False	1.3702908754348755	chip_histone		H3K9ac
EFO:0002791 Histone ChIP-seq H2AFZ	.	Histone ChIP-seq	EFO:0002791	HeLa-S3	cell_line	adult		encode	single	False	0.8552187085151672	chip_histone		H2AFZ
EFO:0002791 Histone ChIP-seq H3K27ac	.	Histone ChIP-seq	EFO:0002791	HeLa-S3	cell_line	adult		encode	single	False	1.2037321329116821	chip_histone		H3K27ac
EFO:0002791 Histone ChIP-seq H3K27me3	.	Histone ChIP-seq	EFO:0002791	HeLa-S3	cell_line	adult		encode	single	False	0.8821183443069458	chip_histone		H3K27me3
EFO:0002791 Histone ChIP-seq H3K36me3	.	Histone ChIP-seq	EFO:0002791	HeLa-S3	cell_line	adult		encode	single	False	0.8423819541931152	chip_histone		H3K36me3
EFO:0002791 Histone ChIP-seq H3K4me1	.	Histone ChIP-seq	EFO:0002791	HeLa-S3	cell_line	adult		encode	single	False	0.9480814933776855	chip_histone		H3K4me1
EFO:0002791 Histone ChIP-seq H3K4me2	.	Histone ChIP-seq	EFO:0002791	HeLa-S3	cell_line	adult		encode	single	False	0.9384459853172302	chip_histone		H3K4me2
EFO:0002791 Histone ChIP-seq H3K4me3	.	Histone ChIP-seq	EFO:0002791	HeLa-S3	cell_line	adult		encode	single	False	0.7833877205848694	chip_histone		H3K4me3
EFO:0002791 Histone ChIP-seq H3K79me2	.	Histone ChIP-seq	EFO:0002791	HeLa-S3	cell_line	adult		encode	single	False	1.5820488929748535	chip_histone		H3K79me2
EFO:0002791 Histone ChIP-seq H3K9ac	.	Histone ChIP-seq	EFO:0002791	HeLa-S3	cell_line	adult		encode	single	False	1.1061956882476807	chip_histone		H3K9ac
EFO:0002793 Histone ChIP-seq H3K27ac	.	Histone ChIP-seq	EFO:0002793	HL-60	cell_line	adult		encode	paired	False	0.7122716307640076	chip_histone		H3K27ac
EFO:0002793 Histone ChIP-seq H3K4me3	.	Histone ChIP-seq	EFO:0002793	HL-60	cell_line	adult		encode	single	False	3.4567317962646484	chip_histone		H3K4me3
EFO:0002798 Histone ChIP-seq H3K4me3	.	Histone ChIP-seq	EFO:0002798	NB4	cell_line	adult		encode	single	False	2.6263296604156494	chip_histone		H3K4me3
EFO:0002824 Histone ChIP-seq H3K27ac	.	Histone ChIP-seq	EFO:0002824	HCT116	cell_line	adult		encode	single	False	0.8749218583106995	chip_histone		H3K27ac
EFO:0002824 Histone ChIP-seq H3K27me3	.	Histone ChIP-seq	EFO:0002824	HCT116	cell_line	adult		encode	single	False	0.8850667476654053	chip_histone		H3K27me3
EFO:0002824 Histone ChIP-seq H3K36me3	.	Histone ChIP-seq	EFO:0002824	HCT116	cell_line	adult		encode	single	False	0.7596229314804077	chip_histone		H3K36me3
EFO:0002824 Histone ChIP-seq H3K4me1	.	Histone ChIP-seq	EFO:0002824	HCT116	cell_line	adult		encode	single	False	0.7152540683746338	chip_histone		H3K4me1
EFO:0002824 Histone ChIP-seq H3K4me2	.	Histone ChIP-seq	EFO:0002824	HCT116	cell_line	adult		encode	single	False	0.833650529384613	chip_histone		H3K4me2
EFO:0002824 Histone ChIP-seq H3K4me3	.	Histone ChIP-seq	EFO:0002824	HCT116	cell_line	adult		encode	single	False	0.7914097905158997	chip_histone		H3K4me3
EFO:0002824 Histone ChIP-seq H3K79me2	.	Histone ChIP-seq	EFO:0002824	HCT116	cell_line	adult		encode	single	False	0.935132622718811	chip_histone		H3K79me2
EFO:0002824 Histone ChIP-seq H3K9ac	.	Histone ChIP-seq	EFO:0002824	HCT116	cell_line	adult		encode	single	False	0.8349432349205017	chip_histone		H3K9ac
EFO:0002847 Histone ChIP-seq H2AFZ	.	Histone ChIP-seq	EFO:0002847	PC-9	cell_line	unknown		encode	paired	False	0.8126703500747681	chip_histone		H2AFZ
EFO:0002847 Histone ChIP-seq H3F3A	.	Histone ChIP-seq	EFO:0002847	PC-9	cell_line	unknown		encode	paired	False	0.805666983127594	chip_histone		H3F3A
EFO:0002847 Histone ChIP-seq H3K27ac	.	Histone ChIP-seq	EFO:0002847	PC-9	cell_line	unknown		encode	single	False	0.7811882495880127	chip_histone		H3K27ac
EFO:0002847 Histone ChIP-seq H3K27me3	.	Histone ChIP-seq	EFO:0002847	PC-9	cell_line	unknown		encode	single	False	0.8377817273139954	chip_histone		H3K27me3
EFO:0002847 Histone ChIP-seq H3K4me1	.	Histone ChIP-seq	EFO:0002847	PC-9	cell_line	unknown		encode	single	False	0.7623736262321472	chip_histone		H3K4me1
EFO:0002847 Histone ChIP-seq H3K4me2	.	Histone ChIP-seq	EFO:0002847	PC-9	cell_line	unknown		encode	single	False	0.7997951507568359	chip_histone		H3K4me2
EFO:0002847 Histone ChIP-seq H3K4me3	.	Histone ChIP-seq	EFO:0002847	PC-9	cell_line	unknown		encode	single	False	0.7847661972045898	chip_histone		H3K4me3
EFO:0002847 Histone ChIP-seq H3K79me2	.	Histone ChIP-seq	EFO:0002847	PC-9	cell_line	unknown		encode	single	False	0.7880992889404297	chip_histone		H3K79me2
EFO:0002847 Histone ChIP-seq H3K9ac	.	Histone ChIP-seq	EFO:0002847	PC-9	cell_line	unknown		encode	single	False	0.7769328355789185	chip_histone		H3K9ac
EFO:0002847 Histone ChIP-seq H3K9me2	.	Histone ChIP-seq	EFO:0002847	PC-9	cell_line	unknown		encode	paired	False	0.8189198970794678	chip_histone		H3K9me2
EFO:0002847 Histone ChIP-seq H3K9me3	.	Histone ChIP-seq	EFO:0002847	PC-9	cell_line	unknown		encode	paired	False	0.8302831053733826	chip_histone		H3K9me3
EFO:0002847 Histone ChIP-seq H4K20me1	.	Histone ChIP-seq	EFO:0002847	PC-9	cell_line	unknown		encode	paired	False	0.8273460865020752	chip_histone		H4K20me1
EFO:0002860 Histone ChIP-seq H3K27ac	.	Histone ChIP-seq	EFO:0002860	SK-N-MC	cell_line	child		encode	single	False	0.8160144686698914	chip_histone		H3K27ac
EFO:0002860 Histone ChIP-seq H3K36me3	.	Histone ChIP-seq	EFO:0002860	SK-N-MC	cell_line	child		encode	single	False	0.7942330241203308	chip_histone		H3K36me3
EFO:0002860 Histone ChIP-seq H3K4me1	.	Histone ChIP-seq	EFO:0002860	SK-N-MC	cell_line	child		encode	single	False	0.7683026790618896	chip_histone		H3K4me1
EFO:0002860 Histone ChIP-seq H3K4me3	.	Histone ChIP-seq	EFO:0002860	SK-N-MC	cell_line	child		encode	single	False	0.766095757484436	chip_histone		H3K4me3
EFO:0002860 Histone ChIP-seq H3K9ac	.	Histone ChIP-seq	EFO:0002860	SK-N-MC	cell_line	child		encode	single	False	0.798915445804596	chip_histone		H3K9ac
EFO:0003042 Histone ChIP-seq H2AFZ	.	Histone ChIP-seq	EFO:0003042	H1	cell_line	embryonic		encode	single	False	0.8964623212814331	chip_histone		H2AFZ
EFO:0003042 Histone ChIP-seq H2BK12ac	.	Histone ChIP-seq	EFO:0003042	H1	cell_line	embryonic		encode	single	False	1.0385457277297974	chip_histone		H2BK12ac
EFO:0003042 Histone ChIP-seq H2BK5ac	.	Histone ChIP-seq	EFO:0003042	H1	cell_line	embryonic		encode	single	False	0.9948505759239197	chip_histone		H2BK5ac
EFO:0003042 Histone ChIP-seq H3K27ac	.	Histone ChIP-seq	EFO:0003042	H1	cell_line	embryonic		encode	single	False	1.1245684623718262	chip_histone		H3K27ac
EFO:0003042 Histone ChIP-seq H3K27me3	.	Histone ChIP-seq	EFO:0003042	H1	cell_line	embryonic		encode	single	False	0.9110193252563477	chip_histone		H3K27me3
EFO:0003042 Histone ChIP-seq H3K36me3	.	Histone ChIP-seq	EFO:0003042	H1	cell_line	embryonic		encode	single	False	0.7956418395042419	chip_histone		H3K36me3
EFO:0003042 Histone ChIP-seq H3K4me1	.	Histone ChIP-seq	EFO:0003042	H1	cell_line	embryonic		encode	single	False	0.8609104752540588	chip_histone		H3K4me1
EFO:0003042 Histone ChIP-seq H3K4me2	.	Histone ChIP-seq	EFO:0003042	H1	cell_line	embryonic		encode	single	False	1.423579454421997	chip_histone		H3K4me2
EFO:0003042 Histone ChIP-seq H3K4me3	.	Histone ChIP-seq	EFO:0003042	H1	cell_line	embryonic		encode	single	False	0.8046759366989136	chip_histone		H3K4me3
EFO:0003042 Histone ChIP-seq H3K79me2	.	Histone ChIP-seq	EFO:0003042	H1	cell_line	embryonic		encode	single	False	1.0178576707839966	chip_histone		H3K79me2
EFO:0003042 Histone ChIP-seq H3K9ac	.	Histone ChIP-seq	EFO:0003042	H1	cell_line	embryonic		encode	single	False	0.9233517050743103	chip_histone		H3K9ac
EFO:0003042 Histone ChIP-seq H3K9me3	.	Histone ChIP-seq	EFO:0003042	H1	cell_line	embryonic		encode	single	False	0.8602845668792725	chip_histone		H3K9me3
EFO:0003042 Histone ChIP-seq H4K20me1	.	Histone ChIP-seq	EFO:0003042	H1	cell_line	embryonic		encode	single	False	0.8364707231521606	chip_histone		H4K20me1
EFO:0003042 Histone ChIP-seq H4K91ac	.	Histone ChIP-seq	EFO:0003042	H1	cell_line	embryonic		encode	single	False	0.8832273483276367	chip_histone		H4K91ac
EFO:0003045 Histone ChIP-seq H3K27me3	.	Histone ChIP-seq	EFO:0003045	H9	cell_line	embryonic		encode	single	False	1.042486548423767	chip_histone		H3K27me3
EFO:0003045 Histone ChIP-seq H3K36me3	.	Histone ChIP-seq	EFO:0003045	H9	cell_line	embryonic		encode	single	False	1.2858878374099731	chip_histone		H3K36me3
EFO:0003045 Histone ChIP-seq H3K4me1	.	Histone ChIP-seq	EFO:0003045	H9	cell_line	embryonic		encode	single	False	1.0824403762817383	chip_histone		H3K4me1
EFO:0003045 Histone ChIP-seq H3K4me2	.	Histone ChIP-seq	EFO:0003045	H9	cell_line	embryonic		encode	single	False	0.8737141489982605	chip_histone		H3K4me2
EFO:0003045 Histone ChIP-seq H3K4me3	.	Histone ChIP-seq	EFO:0003045	H9	cell_line	embryonic		encode	single	False	2.0365102291107178	chip_histone		H3K4me3
EFO:0003045 Histone ChIP-seq H3K9me3	.	Histone ChIP-seq	EFO:0003045	H9	cell_line	embryonic		encode	single	False	1.0603501796722412	chip_histone		H3K9me3
EFO:0003072 Histone ChIP-seq H2AFZ	.	Histone ChIP-seq	EFO:0003072	SK-N-SH	cell_line	child		encode	paired	False	0.8825019598007202	chip_histone		H2AFZ
EFO:0003072 Histone ChIP-seq H3K27ac	.	Histone ChIP-seq	EFO:0003072	SK-N-SH	cell_line	child		encode	paired	False	0.879656970500946	chip_histone		H3K27ac
EFO:0003072 Histone ChIP-seq H3K27me3	.	Histone ChIP-seq	EFO:0003072	SK-N-SH	cell_line	child		encode	single	False	0.8798337578773499	chip_histone		H3K27me3
EFO:0003072 Histone ChIP-seq H3K36me3	.	Histone ChIP-seq	EFO:0003072	SK-N-SH	cell_line	child		encode	single	False	0.9075960516929626	chip_histone		H3K36me3
EFO:0003072 Histone ChIP-seq H3K4me1	.	Histone ChIP-seq	EFO:0003072	SK-N-SH	cell_line	child		encode	single	False	0.7671272158622742	chip_histone		H3K4me1
EFO:0003072 Histone ChIP-seq H3K4me2	.	Histone ChIP-seq	EFO:0003072	SK-N-SH	cell_line	child		encode	single	False	0.7950025200843811	chip_histone		H3K4me2
EFO:0003072 Histone ChIP-seq H3K4me3	.	Histone ChIP-seq	EFO:0003072	SK-N-SH	cell_line	child		encode	paired	False	0.876600980758667	chip_histone		H3K4me3
EFO:0003072 Histone ChIP-seq H3K79me2	.	Histone ChIP-seq	EFO:0003072	SK-N-SH	cell_line	child		encode	paired	False	0.9137915968894958	chip_histone		H3K79me2
EFO:0003072 Histone ChIP-seq H3K9ac	.	Histone ChIP-seq	EFO:0003072	SK-N-SH	cell_line	child		encode	single	False	0.7993491888046265	chip_histone		H3K9ac
EFO:0003072 Histone ChIP-seq H4K20me1	.	Histone ChIP-seq	EFO:0003072	SK-N-SH	cell_line	child		encode	single	False	0.8161243200302124	chip_histone		H4K20me1
EFO:0005236 Histone ChIP-seq H3K27me3	.	Histone ChIP-seq	EFO:0005236	NT2/D1	cell_line	unknown		encode	single	False	1.0673760175704956	chip_histone		H3K27me3
EFO:0005236 Histone ChIP-seq H3K36me3	.	Histone ChIP-seq	EFO:0005236	NT2/D1	cell_line	unknown		encode	single	False	1.3818084001541138	chip_histone		H3K36me3
EFO:0005236 Histone ChIP-seq H3K4me1	.	Histone ChIP-seq	EFO:0005236	NT2/D1	cell_line	unknown		encode	single	False	1.1486653089523315	chip_histone		H3K4me1
EFO:0005236 Histone ChIP-seq H3K4me3	.	Histone ChIP-seq	EFO:0005236	NT2/D1	cell_line	unknown		encode	single	False	1.227253794670105	chip_histone		H3K4me3
EFO:0005236 Histone ChIP-seq H3K9ac	.	Histone ChIP-seq	EFO:0005236	NT2/D1	cell_line	unknown		encode	single	False	1.299910306930542	chip_histone		H3K9ac
EFO:0005236 Histone ChIP-seq H3K9me3	.	Histone ChIP-seq	EFO:0005236	NT2/D1	cell_line	unknown		encode	single	False	0.8423168063163757	chip_histone		H3K9me3
EFO:0005333 Histone ChIP-seq H3K4me3	.	Histone ChIP-seq	EFO:0005333	GM08714	cell_line	unknown		encode	single	False	0.6614753007888794	chip_histone		H3K4me3
EFO:0005337 Histone ChIP-seq H3K4me3	.	Histone ChIP-seq	EFO:0005337	GM12864	cell_line	unknown		encode	single	False	1.0027735233306885	chip_histone		H3K4me3
EFO:0005338 Histone ChIP-seq H3K4me3	.	Histone ChIP-seq	EFO:0005338	GM12865	cell_line	unknown		encode	single	False	0.9344316124916077	chip_histone		H3K4me3
EFO:0005694 Histone ChIP-seq H2AFZ	.	Histone ChIP-seq	EFO:0005694	KMS-11	cell_line	adult		encode	single	False	0.8141403794288635	chip_histone		H2AFZ
EFO:0005694 Histone ChIP-seq H3K27ac	.	Histone ChIP-seq	EFO:0005694	KMS-11	cell_line	adult		encode	single	False	0.746717631816864	chip_histone		H3K27ac
EFO:0005694 Histone ChIP-seq H3K4me1	.	Histone ChIP-seq	EFO:0005694	KMS-11	cell_line	adult		encode	single	False	0.7639715671539307	chip_histone		H3K4me1
EFO:0005694 Histone ChIP-seq H3K4me2	.	Histone ChIP-seq	EFO:0005694	KMS-11	cell_line	adult		encode	single	False	0.8069808483123779	chip_histone		H3K4me2
EFO:0005694 Histone ChIP-seq H3K79me2	.	Histone ChIP-seq	EFO:0005694	KMS-11	cell_line	adult		encode	single	False	0.7864497303962708	chip_histone		H3K79me2
EFO:0005694 Histone ChIP-seq H3K9ac	.	Histone ChIP-seq	EFO:0005694	KMS-11	cell_line	adult		encode	single	False	0.8067595362663269	chip_histone		H3K9ac
EFO:0005710 Histone ChIP-seq H3K4me3	.	Histone ChIP-seq	EFO:0005710	HFF-Myc	cell_line	newborn		encode	single	False	2.5824942588806152	chip_histone		H3K4me3
EFO:0005715 Histone ChIP-seq H3K27ac	.	Histone ChIP-seq	EFO:0005715	WERI-Rb-1	cell_line	child		encode	paired	False	0.7390504479408264	chip_histone		H3K27ac
EFO:0005715 Histone ChIP-seq H3K36me3	.	Histone ChIP-seq	EFO:0005715	WERI-Rb-1	cell_line	child		encode	paired	False	0.7824030518531799	chip_histone		H3K36me3
EFO:0005715 Histone ChIP-seq H3K4me1	.	Histone ChIP-seq	EFO:0005715	WERI-Rb-1	cell_line	child		encode	paired	False	0.7635297179222107	chip_histone		H3K4me1
EFO:0005715 Histone ChIP-seq H3K4me3	.	Histone ChIP-seq	EFO:0005715	WERI-Rb-1	cell_line	child		encode	single	False	1.21775484085083	chip_histone		H3K4me3
EFO:0005719 Histone ChIP-seq H2AFZ	.	Histone ChIP-seq	EFO:0005719	Karpas-422	cell_line	adult		encode	single	False	0.8108116984367371	chip_histone		H2AFZ
EFO:0005719 Histone ChIP-seq H3K27ac	.	Histone ChIP-seq	EFO:0005719	Karpas-422	cell_line	adult		encode	single	False	0.8132166266441345	chip_histone		H3K27ac
EFO:0005719 Histone ChIP-seq H3K36me3	.	Histone ChIP-seq	EFO:0005719	Karpas-422	cell_line	adult		encode	single	False	0.7852209210395813	chip_histone		H3K36me3
EFO:0005719 Histone ChIP-seq H3K4me1	.	Histone ChIP-seq	EFO:0005719	Karpas-422	cell_line	adult		encode	single	False	0.6884607672691345	chip_histone		H3K4me1
EFO:0005719 Histone ChIP-seq H3K4me2	.	Histone ChIP-seq	EFO:0005719	Karpas-422	cell_line	adult		encode	single	False	0.8892467617988586	chip_histone		H3K4me2
EFO:0005719 Histone ChIP-seq H3K4me3	.	Histone ChIP-seq	EFO:0005719	Karpas-422	cell_line	adult		encode	single	False	0.7700881958007812	chip_histone		H3K4me3
EFO:0005719 Histone ChIP-seq H3K79me2	.	Histone ChIP-seq	EFO:0005719	Karpas-422	cell_line	adult		encode	single	False	0.7337878942489624	chip_histone		H3K79me2
EFO:0005719 Histone ChIP-seq H3K9ac	.	Histone ChIP-seq	EFO:0005719	Karpas-422	cell_line	adult		encode	single	False	0.8060652017593384	chip_histone		H3K9ac
EFO:0005719 Histone ChIP-seq H3K9me3	.	Histone ChIP-seq	EFO:0005719	Karpas-422	cell_line	adult		encode	single	False	0.787443220615387	chip_histone		H3K9me3
EFO:0005722 Histone ChIP-seq H3K27ac	.	Histone ChIP-seq	EFO:0005722	SJCRH30	cell_line	child		encode	paired	False	0.6896005868911743	chip_histone		H3K27ac
EFO:0005722 Histone ChIP-seq H3K36me3	.	Histone ChIP-seq	EFO:0005722	SJCRH30	cell_line	child		encode	paired	False	0.7707294821739197	chip_histone		H3K36me3
EFO:0005722 Histone ChIP-seq H3K4me1	.	Histone ChIP-seq	EFO:0005722	SJCRH30	cell_line	child		encode	paired	False	0.7450762987136841	chip_histone		H3K4me1
EFO:0005722 Histone ChIP-seq H3K4me3	.	Histone ChIP-seq	EFO:0005722	SJCRH30	cell_line	child		encode	paired	False	0.6206855177879333	chip_histone		H3K4me3
EFO:0005723 Histone ChIP-seq H2AFZ	.	Histone ChIP-seq	EFO:0005723	GM23248	cell_line	adult		encode	single	False	0.7952460050582886	chip_histone		H2AFZ
EFO:0005723 Histone ChIP-seq H3F3A	.	Histone ChIP-seq	EFO:0005723	GM23248	cell_line	adult		encode	single	False	0.793757975101471	chip_histone		H3F3A
EFO:0005723 Histone ChIP-seq H3K27ac	.	Histone ChIP-seq	EFO:0005723	GM23248	cell_line	adult		encode	single	False	0.8255560398101807	chip_histone		H3K27ac
EFO:0005723 Histone ChIP-seq H3K27me3	.	Histone ChIP-seq	EFO:0005723	GM23248	cell_line	adult		encode	single	False	0.8721643686294556	chip_histone		H3K27me3
EFO:0005723 Histone ChIP-seq H3K36me3	.	Histone ChIP-seq	EFO:0005723	GM23248	cell_line	adult		encode	single	False	0.8269196152687073	chip_histone		H3K36me3
EFO:0005723 Histone ChIP-seq H3K4me1	.	Histone ChIP-seq	EFO:0005723	GM23248	cell_line	adult		encode	single	False	0.8184978365898132	chip_histone		H3K4me1
EFO:0005723 Histone ChIP-seq H3K4me2	.	Histone ChIP-seq	EFO:0005723	GM23248	cell_line	adult		encode	single	False	1.1433426141738892	chip_histone		H3K4me2
EFO:0005723 Histone ChIP-seq H3K4me3	.	Histone ChIP-seq	EFO:0005723	GM23248	cell_line	adult		encode	single	False	0.7785521745681763	chip_histone		H3K4me3
EFO:0005723 Histone ChIP-seq H3K79me2	.	Histone ChIP-seq	EFO:0005723	GM23248	cell_line	adult		encode	single	False	0.9011765122413635	chip_histone		H3K79me2
EFO:0005723 Histone ChIP-seq H3K9ac	.	Histone ChIP-seq	EFO:0005723	GM23248	cell_line	adult		encode	single	False	0.7587307095527649	chip_histone		H3K9ac
EFO:0005724 Histone ChIP-seq H2AFZ	.	Histone ChIP-seq	EFO:0005724	MM.1S	cell_line	adult		encode	single	False	0.7800906300544739	chip_histone		H2AFZ
EFO:0005724 Histone ChIP-seq H3F3A	.	Histone ChIP-seq	EFO:0005724	MM.1S	cell_line	adult		encode	single	False	0.8031467199325562	chip_histone		H3F3A
EFO:0005724 Histone ChIP-seq H3K27ac	.	Histone ChIP-seq	EFO:0005724	MM.1S	cell_line	adult		encode	single	False	0.782006561756134	chip_histone		H3K27ac
EFO:0005724 Histone ChIP-seq H3K27me3	.	Histone ChIP-seq	EFO:0005724	MM.1S	cell_line	adult		encode	single	False	0.8092890977859497	chip_histone		H3K27me3
EFO:0005724 Histone ChIP-seq H3K4me1	.	Histone ChIP-seq	EFO:0005724	MM.1S	cell_line	adult		encode	single	False	0.7677534222602844	chip_histone		H3K4me1
EFO:0005724 Histone ChIP-seq H3K4me2	.	Histone ChIP-seq	EFO:0005724	MM.1S	cell_line	adult		encode	single	False	0.7975562214851379	chip_histone		H3K4me2
EFO:0005724 Histone ChIP-seq H3K4me3	.	Histone ChIP-seq	EFO:0005724	MM.1S	cell_line	adult		encode	single	False	0.7837072014808655	chip_histone		H3K4me3
EFO:0005724 Histone ChIP-seq H3K79me2	.	Histone ChIP-seq	EFO:0005724	MM.1S	cell_line	adult		encode	single	False	0.7689640522003174	chip_histone		H3K79me2
EFO:0005724 Histone ChIP-seq H3K9ac	.	Histone ChIP-seq	EFO:0005724	MM.1S	cell_line	adult		encode	single	False	0.7776012420654297	chip_histone		H3K9ac
EFO:0005725 Histone ChIP-seq H3K27me3	.	Histone ChIP-seq	EFO:0005725	BE2C	cell_line	child		encode	paired	False	0.7768091559410095	chip_histone		H3K27me3
EFO:0005725 Histone ChIP-seq H3K36me3	.	Histone ChIP-seq	EFO:0005725	BE2C	cell_line	child		encode	paired	False	0.7647978663444519	chip_histone		H3K36me3
EFO:0005725 Histone ChIP-seq H3K4me1	.	Histone ChIP-seq	EFO:0005725	BE2C	cell_line	child		encode	paired	False	0.7459593415260315	chip_histone		H3K4me1
EFO:0005725 Histone ChIP-seq H3K4me3	.	Histone ChIP-seq	EFO:0005725	BE2C	cell_line	child		encode	single	False	1.0527292490005493	chip_histone		H3K4me3
EFO:0005726 Histone ChIP-seq H3K4me3	.	Histone ChIP-seq	EFO:0005726	LNCaP clone FGC	cell_line	adult		encode	single	False	1.5429073572158813	chip_histone		H3K4me3
EFO:0005904 Histone ChIP-seq H3K27me3	.	Histone ChIP-seq	EFO:0005904	H7	cell_line	embryonic		encode	single	False	1.2266736030578613	chip_histone		H3K27me3
EFO:0005904 Histone ChIP-seq H3K36me3	.	Histone ChIP-seq	EFO:0005904	H7	cell_line	embryonic		encode	single	False	1.207909345626831	chip_histone		H3K36me3
EFO:0005904 Histone ChIP-seq H3K4me3	.	Histone ChIP-seq	EFO:0005904	H7	cell_line	embryonic		encode	single	False	2.94527268409729	chip_histone		H3K4me3
EFO:0005907 Histone ChIP-seq H3K27ac	.	Histone ChIP-seq	EFO:0005907	OCI-LY1	cell_line	adult		encode	single	False	1.0297112464904785	chip_histone		H3K27ac
EFO:0005907 Histone ChIP-seq H3K36me3	.	Histone ChIP-seq	EFO:0005907	OCI-LY1	cell_line	adult		encode	single	False	0.8471945524215698	chip_histone		H3K36me3
EFO:0005907 Histone ChIP-seq H3K4me1	.	Histone ChIP-seq	EFO:0005907	OCI-LY1	cell_line	adult		encode	single	False	0.9663975834846497	chip_histone		H3K4me1
EFO:0005907 Histone ChIP-seq H3K4me2	.	Histone ChIP-seq	EFO:0005907	OCI-LY1	cell_line	adult		encode	single	False	0.7491858601570129	chip_histone		H3K4me2
EFO:0005907 Histone ChIP-seq H3K4me3	.	Histone ChIP-seq	EFO:0005907	OCI-LY1	cell_line	adult		encode	single	False	0.9543201923370361	chip_histone		H3K4me3
EFO:0005907 Histone ChIP-seq H3K79me2	.	Histone ChIP-seq	EFO:0005907	OCI-LY1	cell_line	adult		encode	single	False	0.8348632454872131	chip_histone		H3K79me2
EFO:0005907 Histone ChIP-seq H3K9ac	.	Histone ChIP-seq	EFO:0005907	OCI-LY1	cell_line	adult		encode	single	False	0.7003461718559265	chip_histone		H3K9ac
EFO:0006270 Histone ChIP-seq H3K27ac	.	Histone ChIP-seq	EFO:0006270	AG04450	cell_line	embryonic		encode	single	False	1.9686357975006104	chip_histone		H3K27ac
EFO:0006270 Histone ChIP-seq H3K27me3	.	Histone ChIP-seq	EFO:0006270	AG04450	cell_line	embryonic		encode	single	False	1.8396755456924438	chip_histone		H3K27me3
EFO:0006270 Histone ChIP-seq H3K4me3	.	Histone ChIP-seq	EFO:0006270	AG04450	cell_line	embryonic		encode	single	False	1.9831632375717163	chip_histone		H3K4me3
EFO:0006270 Histone ChIP-seq H3K9me3	.	Histone ChIP-seq	EFO:0006270	AG04450	cell_line	embryonic		encode	single	False	1.4357243776321411	chip_histone		H3K9me3
EFO:0006283 Histone ChIP-seq H3K27ac	.	Histone ChIP-seq	EFO:0006283	KOPT-K1	cell_line	unknown		encode	single	False	1.3327282667160034	chip_histone		H3K27ac
EFO:0006283 Histone ChIP-seq H3K36me3	.	Histone ChIP-seq	EFO:0006283	KOPT-K1	cell_line	unknown		encode	single	False	1.4527289867401123	chip_histone		H3K36me3
EFO:0006283 Histone ChIP-seq H3K4me1	.	Histone ChIP-seq	EFO:0006283	KOPT-K1	cell_line	unknown		encode	single	False	1.3107812404632568	chip_histone		H3K4me1
EFO:0006365 Histone ChIP-seq H3K27ac	.	Histone ChIP-seq	EFO:0006365	C4-2B	cell_line	adult		encode	paired	False	0.754474401473999	chip_histone		H3K27ac
EFO:0006710 Histone ChIP-seq H2AFZ	.	Histone ChIP-seq	EFO:0006710	OCI-LY3	cell_line	adult		encode	single	False	0.8652040362358093	chip_histone		H2AFZ
EFO:0006710 Histone ChIP-seq H3K27ac	.	Histone ChIP-seq	EFO:0006710	OCI-LY3	cell_line	adult		encode	single	False	0.7575159668922424	chip_histone		H3K27ac
EFO:0006710 Histone ChIP-seq H3K27me3	.	Histone ChIP-seq	EFO:0006710	OCI-LY3	cell_line	adult		encode	single	False	0.8024139404296875	chip_histone		H3K27me3
EFO:0006710 Histone ChIP-seq H3K36me3	.	Histone ChIP-seq	EFO:0006710	OCI-LY3	cell_line	adult		encode	single	False	0.7774218320846558	chip_histone		H3K36me3
EFO:0006710 Histone ChIP-seq H3K4me1	.	Histone ChIP-seq	EFO:0006710	OCI-LY3	cell_line	adult		encode	single	False	0.726151704788208	chip_histone		H3K4me1
EFO:0006710 Histone ChIP-seq H3K4me2	.	Histone ChIP-seq	EFO:0006710	OCI-LY3	cell_line	adult		encode	single	False	0.8114163279533386	chip_histone		H3K4me2
EFO:0006710 Histone ChIP-seq H3K4me3	.	Histone ChIP-seq	EFO:0006710	OCI-LY3	cell_line	adult		encode	single	False	0.7242121696472168	chip_histone		H3K4me3
EFO:0006710 Histone ChIP-seq H3K79me2	.	Histone ChIP-seq	EFO:0006710	OCI-LY3	cell_line	adult		encode	single	False	0.7425189018249512	chip_histone		H3K79me2
EFO:0006710 Histone ChIP-seq H3K9ac	.	Histone ChIP-seq	EFO:0006710	OCI-LY3	cell_line	adult		encode	single	False	0.8127356767654419	chip_histone		H3K9ac
EFO:0006710 Histone ChIP-seq H4K20me1	.	Histone ChIP-seq	EFO:0006710	OCI-LY3	cell_line	adult		encode	single	False	0.7914016246795654	chip_histone		H4K20me1
EFO:0006711 Histone ChIP-seq H2AFZ	.	Histone ChIP-seq	EFO:0006711	OCI-LY7	cell_line	adult		encode	single	False	0.8166161775588989	chip_histone		H2AFZ
EFO:0006711 Histone ChIP-seq H3K27ac	.	Histone ChIP-seq	EFO:0006711	OCI-LY7	cell_line	adult		encode	single	False	1.0634981393814087	chip_histone		H3K27ac
EFO:0006711 Histone ChIP-seq H3K36me3	.	Histone ChIP-seq	EFO:0006711	OCI-LY7	cell_line	adult		encode	single	False	0.8508294224739075	chip_histone		H3K36me3
EFO:0006711 Histone ChIP-seq H3K4me1	.	Histone ChIP-seq	EFO:0006711	OCI-LY7	cell_line	adult		encode	single	False	1.1747151613235474	chip_histone		H3K4me1
EFO:0006711 Histone ChIP-seq H3K4me2	.	Histone ChIP-seq	EFO:0006711	OCI-LY7	cell_line	adult		encode	single	False	0.8813180923461914	chip_histone		H3K4me2
EFO:0006711 Histone ChIP-seq H3K4me3	.	Histone ChIP-seq	EFO:0006711	OCI-LY7	cell_line	adult		encode	single	False	1.0456187725067139	chip_histone		H3K4me3
EFO:0006711 Histone ChIP-seq H3K79me2	.	Histone ChIP-seq	EFO:0006711	OCI-LY7	cell_line	adult		encode	single	False	0.8088855147361755	chip_histone		H3K79me2
EFO:0007070 Histone ChIP-seq H2AFZ	.	Histone ChIP-seq	EFO:0007070	ACC112	cell_line	adult		encode	single	False	1.1752159595489502	chip_histone		H2AFZ
EFO:0007070 Histone ChIP-seq H3K27ac	.	Histone ChIP-seq	EFO:0007070	ACC112	cell_line	adult		encode	single	False	0.9650293588638306	chip_histone		H3K27ac
EFO:0007070 Histone ChIP-seq H3K27me3	.	Histone ChIP-seq	EFO:0007070	ACC112	cell_line	adult		encode	single	False	0.8814367055892944	chip_histone		H3K27me3
EFO:0007070 Histone ChIP-seq H3K36me3	.	Histone ChIP-seq	EFO:0007070	ACC112	cell_line	adult		encode	single	False	0.7858275175094604	chip_histone		H3K36me3
EFO:0007070 Histone ChIP-seq H3K4me1	.	Histone ChIP-seq	EFO:0007070	ACC112	cell_line	adult		encode	single	False	1.075564980506897	chip_histone		H3K4me1
EFO:0007070 Histone ChIP-seq H3K4me3	.	Histone ChIP-seq	EFO:0007070	ACC112	cell_line	adult		encode	single	False	0.7788870334625244	chip_histone		H3K4me3
EFO:0007070 Histone ChIP-seq H3K79me2	.	Histone ChIP-seq	EFO:0007070	ACC112	cell_line	adult		encode	single	False	1.3678133487701416	chip_histone		H3K79me2
EFO:0007074 Histone ChIP-seq H2AFZ	.	Histone ChIP-seq	EFO:0007074	DND-41	cell_line	child		encode	single	False	0.9895577430725098	chip_histone		H2AFZ
EFO:0007074 Histone ChIP-seq H3K27ac	.	Histone ChIP-seq	EFO:0007074	DND-41	cell_line	child		encode	single	False	0.7825018763542175	chip_histone		H3K27ac
EFO:0007074 Histone ChIP-seq H3K36me3	.	Histone ChIP-seq	EFO:0007074	DND-41	cell_line	child		encode	single	False	1.0529050827026367	chip_histone		H3K36me3
EFO:0007074 Histone ChIP-seq H3K4me1	.	Histone ChIP-seq	EFO:0007074	DND-41	cell_line	child		encode	single	False	1.0538052320480347	chip_histone		H3K4me1
EFO:0007074 Histone ChIP-seq H3K4me2	.	Histone ChIP-seq	EFO:0007074	DND-41	cell_line	child		encode	single	False	1.6599756479263306	chip_histone		H3K4me2
EFO:0007074 Histone ChIP-seq H3K4me3	.	Histone ChIP-seq	EFO:0007074	DND-41	cell_line	child		encode	single	False	0.7011074423789978	chip_histone		H3K4me3
EFO:0007074 Histone ChIP-seq H3K79me2	.	Histone ChIP-seq	EFO:0007074	DND-41	cell_line	child		encode	single	False	1.3025755882263184	chip_histone		H3K79me2
EFO:0007074 Histone ChIP-seq H3K9ac	.	Histone ChIP-seq	EFO:0007074	DND-41	cell_line	child		encode	single	False	0.9783159494400024	chip_histone		H3K9ac
EFO:0007074 Histone ChIP-seq H4K20me1	.	Histone ChIP-seq	EFO:0007074	DND-41	cell_line	child		encode	single	False	0.9341121912002563	chip_histone		H4K20me1
EFO:0007076 Histone ChIP-seq H3K36me3	.	Histone ChIP-seq	EFO:0007076	ES-I3	cell_line	embryonic		encode	single	False	1.2987866401672363	chip_histone		H3K36me3
EFO:0007076 Histone ChIP-seq H3K4me1	.	Histone ChIP-seq	EFO:0007076	ES-I3	cell_line	embryonic		encode	single	False	0.9938431978225708	chip_histone		H3K4me1
EFO:0007076 Histone ChIP-seq H3K9ac	.	Histone ChIP-seq	EFO:0007076	ES-I3	cell_line	embryonic		encode	single	False	1.3369234800338745	chip_histone		H3K9ac
EFO:0007083 Histone ChIP-seq H3K27ac	.	Histone ChIP-seq	EFO:0007083	HUES48	cell_line	embryonic		encode	single	False	1.690273404121399	chip_histone		H3K27ac
EFO:0007083 Histone ChIP-seq H3K27me3	.	Histone ChIP-seq	EFO:0007083	HUES48	cell_line	embryonic		encode	single	False	0.9886635541915894	chip_histone		H3K27me3
EFO:0007083 Histone ChIP-seq H3K36me3	.	Histone ChIP-seq	EFO:0007083	HUES48	cell_line	embryonic		encode	single	False	0.9601725339889526	chip_histone		H3K36me3
EFO:0007083 Histone ChIP-seq H3K4me1	.	Histone ChIP-seq	EFO:0007083	HUES48	cell_line	embryonic		encode	single	False	0.9300087094306946	chip_histone		H3K4me1
EFO:0007083 Histone ChIP-seq H3K4me3	.	Histone ChIP-seq	EFO:0007083	HUES48	cell_line	embryonic		encode	single	False	1.015495777130127	chip_histone		H3K4me3
EFO:0007083 Histone ChIP-seq H3K9ac	.	Histone ChIP-seq	EFO:0007083	HUES48	cell_line	embryonic		encode	single	False	0.8901925086975098	chip_histone		H3K9ac
EFO:0007083 Histone ChIP-seq H3K9me3	.	Histone ChIP-seq	EFO:0007083	HUES48	cell_line	embryonic		encode	single	False	1.0969005823135376	chip_histone		H3K9me3
EFO:0007086 Histone ChIP-seq H3K27ac	.	Histone ChIP-seq	EFO:0007086	HUES6	cell_line	embryonic		encode	single	False	0.8609235286712646	chip_histone		H3K27ac
EFO:0007086 Histone ChIP-seq H3K27me3	.	Histone ChIP-seq	EFO:0007086	HUES6	cell_line	embryonic		encode	single	False	0.9851930141448975	chip_histone		H3K27me3
EFO:0007086 Histone ChIP-seq H3K36me3	.	Histone ChIP-seq	EFO:0007086	HUES6	cell_line	embryonic		encode	single	False	1.0129314661026	chip_histone		H3K36me3
EFO:0007086 Histone ChIP-seq H3K4me1	.	Histone ChIP-seq	EFO:0007086	HUES6	cell_line	embryonic		encode	single	False	0.9332792162895203	chip_histone		H3K4me1
EFO:0007086 Histone ChIP-seq H3K4me3	.	Histone ChIP-seq	EFO:0007086	HUES6	cell_line	embryonic		encode	single	False	1.0370745658874512	chip_histone		H3K4me3
EFO:0007086 Histone ChIP-seq H3K9ac	.	Histone ChIP-seq	EFO:0007086	HUES6	cell_line	embryonic		encode	single	False	1.2630641460418701	chip_histone		H3K9ac
EFO:0007086 Histone ChIP-seq H3K9me3	.	Histone ChIP-seq	EFO:0007086	HUES6	cell_line	embryonic		encode	single	False	1.1540638208389282	chip_histone		H3K9me3
EFO:0007089 Histone ChIP-seq H3K27ac	.	Histone ChIP-seq	EFO:0007089	HUES64	cell_line	embryonic		encode	single	False	0.8550357818603516	chip_histone		H3K27ac
EFO:0007089 Histone ChIP-seq H3K27me3	.	Histone ChIP-seq	EFO:0007089	HUES64	cell_line	embryonic		encode	single	False	1.0195966958999634	chip_histone		H3K27me3
EFO:0007089 Histone ChIP-seq H3K36me3	.	Histone ChIP-seq	EFO:0007089	HUES64	cell_line	embryonic		encode	single	False	1.0098785161972046	chip_histone		H3K36me3
EFO:0007089 Histone ChIP-seq H3K4me1	.	Histone ChIP-seq	EFO:0007089	HUES64	cell_line	embryonic		encode	single	False	0.9001332521438599	chip_histone		H3K4me1
EFO:0007089 Histone ChIP-seq H3K4me3	.	Histone ChIP-seq	EFO:0007089	HUES64	cell_line	embryonic		encode	single	False	1.1050348281860352	chip_histone		H3K4me3
EFO:0007089 Histone ChIP-seq H3K9ac	.	Histone ChIP-seq	EFO:0007089	HUES64	cell_line	embryonic		encode	single	False	0.8477354645729065	chip_histone		H3K9ac
EFO:0007089 Histone ChIP-seq H3K9me3	.	Histone ChIP-seq	EFO:0007089	HUES64	cell_line	embryonic		encode	single	False	1.1592868566513062	chip_histone		H3K9me3
EFO:0007096 Histone ChIP-seq H3K36me3	.	Histone ChIP-seq	EFO:0007096	iPS DF 19.11	cell_line	newborn		encode	single	False	0.9917740225791931	chip_histone		H3K36me3
EFO:0007096 Histone ChIP-seq H3K4me1	.	Histone ChIP-seq	EFO:0007096	iPS DF 19.11	cell_line	newborn		encode	single	False	1.209425449371338	chip_histone		H3K4me1
EFO:0007096 Histone ChIP-seq H3K4me3	.	Histone ChIP-seq	EFO:0007096	iPS DF 19.11	cell_line	newborn		encode	single	False	1.4535536766052246	chip_histone		H3K4me3
EFO:0007096 Histone ChIP-seq H3K9me3	.	Histone ChIP-seq	EFO:0007096	iPS DF 19.11	cell_line	newborn		encode	single	False	1.1676043272018433	chip_histone		H3K9me3
EFO:0007098 Histone ChIP-seq H3K27me3	.	Histone ChIP-seq	EFO:0007098	iPS DF 6.9	cell_line	newborn		encode	single	False	0.8807129859924316	chip_histone		H3K27me3
EFO:0007098 Histone ChIP-seq H3K4me3	.	Histone ChIP-seq	EFO:0007098	iPS DF 6.9	cell_line	newborn		encode	single	False	0.8723101019859314	chip_histone		H3K4me3
EFO:0007099 Histone ChIP-seq H3K4me3	.	Histone ChIP-seq	EFO:0007099	iPS-11a	cell_line	adult		encode	single	False	1.8062061071395874	chip_histone		H3K4me3
EFO:0007102 Histone ChIP-seq H3K27me3	.	Histone ChIP-seq	EFO:0007102	iPS-15b	cell_line	adult		encode	single	False	1.2672089338302612	chip_histone		H3K27me3
EFO:0007102 Histone ChIP-seq H3K36me3	.	Histone ChIP-seq	EFO:0007102	iPS-15b	cell_line	adult		encode	single	False	1.6455957889556885	chip_histone		H3K36me3
EFO:0007102 Histone ChIP-seq H3K4me1	.	Histone ChIP-seq	EFO:0007102	iPS-15b	cell_line	adult		encode	single	False	1.1997390985488892	chip_histone		H3K4me1
EFO:0007102 Histone ChIP-seq H3K4me3	.	Histone ChIP-seq	EFO:0007102	iPS-15b	cell_line	adult		encode	single	False	1.4930837154388428	chip_histone		H3K4me3
EFO:0007102 Histone ChIP-seq H3K9ac	.	Histone ChIP-seq	EFO:0007102	iPS-15b	cell_line	adult		encode	single	False	1.2961440086364746	chip_histone		H3K9ac
EFO:0007105 Histone ChIP-seq H3K27me3	.	Histone ChIP-seq	EFO:0007105	iPS-18a	cell_line	adult		encode	single	False	0.9958552122116089	chip_histone		H3K27me3
EFO:0007105 Histone ChIP-seq H3K36me3	.	Histone ChIP-seq	EFO:0007105	iPS-18a	cell_line	adult		encode	single	False	0.8784027099609375	chip_histone		H3K36me3
EFO:0007105 Histone ChIP-seq H3K4me1	.	Histone ChIP-seq	EFO:0007105	iPS-18a	cell_line	adult		encode	single	False	0.9265301823616028	chip_histone		H3K4me1
EFO:0007105 Histone ChIP-seq H3K4me3	.	Histone ChIP-seq	EFO:0007105	iPS-18a	cell_line	adult		encode	single	False	1.1476532220840454	chip_histone		H3K4me3
EFO:0007105 Histone ChIP-seq H3K9ac	.	Histone ChIP-seq	EFO:0007105	iPS-18a	cell_line	adult		encode	single	False	0.9910545945167542	chip_histone		H3K9ac
EFO:0007105 Histone ChIP-seq H3K9me3	.	Histone ChIP-seq	EFO:0007105	iPS-18a	cell_line	adult		encode	single	False	1.1282650232315063	chip_histone		H3K9me3
EFO:0007107 Histone ChIP-seq H3K4me3	.	Histone ChIP-seq	EFO:0007107	iPS-18c	cell_line	adult		encode	single	False	1.324804663658142	chip_histone		H3K4me3
EFO:0007107 Histone ChIP-seq H3K9me3	.	Histone ChIP-seq	EFO:0007107	iPS-18c	cell_line	adult		encode	single	False	4.074578285217285	chip_histone		H3K9me3
EFO:0007108 Histone ChIP-seq H3K27ac	.	Histone ChIP-seq	EFO:0007108	iPS-20b	cell_line	adult		encode	single	False	0.982379138469696	chip_histone		H3K27ac
EFO:0007108 Histone ChIP-seq H3K27me3	.	Histone ChIP-seq	EFO:0007108	iPS-20b	cell_line	adult		encode	single	False	0.9250741600990295	chip_histone		H3K27me3
EFO:0007108 Histone ChIP-seq H3K36me3	.	Histone ChIP-seq	EFO:0007108	iPS-20b	cell_line	adult		encode	single	False	0.9049729704856873	chip_histone		H3K36me3
EFO:0007108 Histone ChIP-seq H3K4me1	.	Histone ChIP-seq	EFO:0007108	iPS-20b	cell_line	adult		encode	single	False	0.8496806621551514	chip_histone		H3K4me1
EFO:0007108 Histone ChIP-seq H3K4me3	.	Histone ChIP-seq	EFO:0007108	iPS-20b	cell_line	adult		encode	single	False	0.8902922868728638	chip_histone		H3K4me3
EFO:0007108 Histone ChIP-seq H3K9ac	.	Histone ChIP-seq	EFO:0007108	iPS-20b	cell_line	adult		encode	single	False	0.8390867114067078	chip_histone		H3K9ac
EFO:0007108 Histone ChIP-seq H3K9me3	.	Histone ChIP-seq	EFO:0007108	iPS-20b	cell_line	adult		encode	single	False	1.1647130250930786	chip_histone		H3K9me3
EFO:0007112 Histone ChIP-seq H2AFZ	.	Histone ChIP-seq	EFO:0007112	Loucy	cell_line	adult		encode	single	False	0.8742896318435669	chip_histone		H2AFZ
EFO:0007112 Histone ChIP-seq H3K36me3	.	Histone ChIP-seq	EFO:0007112	Loucy	cell_line	adult		encode	single	False	0.9616490006446838	chip_histone		H3K36me3
EFO:0007112 Histone ChIP-seq H3K4me1	.	Histone ChIP-seq	EFO:0007112	Loucy	cell_line	adult		encode	single	False	0.9160391688346863	chip_histone		H3K4me1
EFO:0007112 Histone ChIP-seq H3K4me2	.	Histone ChIP-seq	EFO:0007112	Loucy	cell_line	adult		encode	single	False	0.8706828951835632	chip_histone		H3K4me2
EFO:0007112 Histone ChIP-seq H3K4me3	.	Histone ChIP-seq	EFO:0007112	Loucy	cell_line	adult		encode	single	False	0.8072449564933777	chip_histone		H3K4me3
EFO:0007112 Histone ChIP-seq H3K79me2	.	Histone ChIP-seq	EFO:0007112	Loucy	cell_line	adult		encode	single	False	0.9605991840362549	chip_histone		H3K79me2
EFO:0007112 Histone ChIP-seq H3K9ac	.	Histone ChIP-seq	EFO:0007112	Loucy	cell_line	adult		encode	single	False	0.8224473595619202	chip_histone		H3K9ac
EFO:0007116 Histone ChIP-seq H3K27me3	.	Histone ChIP-seq	EFO:0007116	UCSF-4	cell_line	embryonic		encode	single	False	0.9684178829193115	chip_histone		H3K27me3
EFO:0007116 Histone ChIP-seq H3K36me3	.	Histone ChIP-seq	EFO:0007116	UCSF-4	cell_line	embryonic		encode	single	False	0.9719266891479492	chip_histone		H3K36me3
EFO:0007116 Histone ChIP-seq H3K4me1	.	Histone ChIP-seq	EFO:0007116	UCSF-4	cell_line	embryonic		encode	single	False	0.9426586031913757	chip_histone		H3K4me1
EFO:0007116 Histone ChIP-seq H3K4me3	.	Histone ChIP-seq	EFO:0007116	UCSF-4	cell_line	embryonic		encode	single	False	0.9728504419326782	chip_histone		H3K4me3
EFO:0007116 Histone ChIP-seq H3K9me3	.	Histone ChIP-seq	EFO:0007116	UCSF-4	cell_line	embryonic		encode	single	False	1.1920392513275146	chip_histone		H3K9me3
EFO:0007598 Histone ChIP-seq H3K27ac	.	Histone ChIP-seq	EFO:0007598	HAP-1	cell_line	adult		encode	paired	False	0.777906596660614	chip_histone		H3K27ac
EFO:0007598 Histone ChIP-seq H3K36me3	.	Histone ChIP-seq	EFO:0007598	HAP-1	cell_line	adult		encode	paired	False	0.7863885164260864	chip_histone		H3K36me3
EFO:0007598 Histone ChIP-seq H3K4me1	.	Histone ChIP-seq	EFO:0007598	HAP-1	cell_line	adult		encode	paired	False	0.7626118659973145	chip_histone		H3K4me1
EFO:0007598 Histone ChIP-seq H3K4me3	.	Histone ChIP-seq	EFO:0007598	HAP-1	cell_line	adult		encode	paired	False	0.7728875279426575	chip_histone		H3K4me3
EFO:0007610 Histone ChIP-seq H3K27ac	.	Histone ChIP-seq	EFO:0007610	RWPE2	cell_line	adult		encode	paired	False	0.758574903011322	chip_histone		H3K27ac
EFO:0007610 Histone ChIP-seq H3K36me3	.	Histone ChIP-seq	EFO:0007610	RWPE2	cell_line	unknown		encode	paired	False	0.7755931615829468	chip_histone		H3K36me3
EFO:0007610 Histone ChIP-seq H3K4me3	.	Histone ChIP-seq	EFO:0007610	RWPE2	cell_line	unknown		encode	paired	False	0.6467007398605347	chip_histone		H3K4me3
EFO:0007752 Histone ChIP-seq H3K27ac	.	Histone ChIP-seq	EFO:0007752	VCaP	cell_line	adult		encode	paired	False	0.8279675841331482	chip_histone		H3K27ac
EFO:0007950 Histone ChIP-seq H2AFZ	.	Histone ChIP-seq	EFO:0007950	GM23338	cell_line	adult		encode	paired	False	0.7917439341545105	chip_histone		H2AFZ
EFO:0007950 Histone ChIP-seq H3K27ac	.	Histone ChIP-seq	EFO:0007950	GM23338	cell_line	adult		encode	paired	False	0.7947958111763	chip_histone		H3K27ac
EFO:0007950 Histone ChIP-seq H3K27me3	.	Histone ChIP-seq	EFO:0007950	GM23338	cell_line	adult		encode	single	False	0.8958479762077332	chip_histone		H3K27me3
EFO:0007950 Histone ChIP-seq H3K36me3	.	Histone ChIP-seq	EFO:0007950	GM23338	cell_line	adult		encode	paired	False	0.8456178903579712	chip_histone		H3K36me3
EFO:0007950 Histone ChIP-seq H3K4me1	.	Histone ChIP-seq	EFO:0007950	GM23338	cell_line	adult		encode	paired	False	0.8153598308563232	chip_histone		H3K4me1
EFO:0007950 Histone ChIP-seq H3K4me2	.	Histone ChIP-seq	EFO:0007950	GM23338	cell_line	adult		encode	single	False	0.8118318319320679	chip_histone		H3K4me2
EFO:0007950 Histone ChIP-seq H3K4me3	.	Histone ChIP-seq	EFO:0007950	GM23338	cell_line	adult		encode	single	False	0.8339612483978271	chip_histone		H3K4me3
EFO:0007950 Histone ChIP-seq H3K79me2	.	Histone ChIP-seq	EFO:0007950	GM23338	cell_line	adult		encode	paired	False	0.8553295731544495	chip_histone		H3K79me2
EFO:0007950 Histone ChIP-seq H4K20me1	.	Histone ChIP-seq	EFO:0007950	GM23338	cell_line	adult		encode	paired	False	0.8245225548744202	chip_histone		H4K20me1
EFO:0030018 Histone ChIP-seq H3K27ac	.	Histone ChIP-seq	EFO:0030018	BLaER1	cell_line	unknown		encode	single	False	0.8453137874603271	chip_histone		H3K27ac
EFO:0030018 Histone ChIP-seq H3K27me3	.	Histone ChIP-seq	EFO:0030018	BLaER1	cell_line	unknown		encode	single	False	0.8831771016120911	chip_histone		H3K27me3
EFO:0030018 Histone ChIP-seq H3K36me3	.	Histone ChIP-seq	EFO:0030018	BLaER1	cell_line	unknown		encode	single	False	0.8955613970756531	chip_histone		H3K36me3
EFO:0030018 Histone ChIP-seq H3K4me1	.	Histone ChIP-seq	EFO:0030018	BLaER1	cell_line	unknown		encode	single	False	0.9010633826255798	chip_histone		H3K4me1
EFO:0030018 Histone ChIP-seq H3K4me2	.	Histone ChIP-seq	EFO:0030018	BLaER1	cell_line	unknown		encode	single	False	0.9807412028312683	chip_histone		H3K4me2
EFO:0030018 Histone ChIP-seq H3K4me3	.	Histone ChIP-seq	EFO:0030018	BLaER1	cell_line	unknown		encode	single	False	0.866553783416748	chip_histone		H3K4me3
EFO:0030018 Histone ChIP-seq H3K9ac	.	Histone ChIP-seq	EFO:0030018	BLaER1	cell_line	unknown		encode	single	False	0.8512776494026184	chip_histone		H3K9ac
EFO:0030018 Histone ChIP-seq H3K9me3	.	Histone ChIP-seq	EFO:0030018	BLaER1	cell_line	unknown		encode	single	False	0.9261501431465149	chip_histone		H3K9me3
EFO:0030018 Histone ChIP-seq H4K20me1	.	Histone ChIP-seq	EFO:0030018	BLaER1	cell_line	unknown		encode	single	False	0.8451873660087585	chip_histone		H4K20me1
NTR:0000427 Histone ChIP-seq H3K27ac	.	Histone ChIP-seq	NTR:0000427	neurosphere	primary_cell	embryonic		encode	paired	False	1.0220340490341187	chip_histone		H3K27ac
NTR:0000427 Histone ChIP-seq H3K27me3	.	Histone ChIP-seq	NTR:0000427	neurosphere	primary_cell	embryonic		encode	single	False	0.9329742193222046	chip_histone		H3K27me3
NTR:0000427 Histone ChIP-seq H3K36me3	.	Histone ChIP-seq	NTR:0000427	neurosphere	primary_cell	embryonic		encode	single	False	0.8910112380981445	chip_histone		H3K36me3
NTR:0000427 Histone ChIP-seq H3K4me1	.	Histone ChIP-seq	NTR:0000427	neurosphere	primary_cell	embryonic		encode	single	False	0.8559538722038269	chip_histone		H3K4me1
NTR:0000427 Histone ChIP-seq H3K4me3	.	Histone ChIP-seq	NTR:0000427	neurosphere	primary_cell	embryonic		encode	paired	False	1.0345739126205444	chip_histone		H3K4me3
NTR:0000427 Histone ChIP-seq H3K9me3	.	Histone ChIP-seq	NTR:0000427	neurosphere	primary_cell	embryonic		encode	single	False	0.8926787376403809	chip_histone		H3K9me3
NTR:0000493 Histone ChIP-seq H3K27ac	.	Histone ChIP-seq	NTR:0000493	left ventricle myocardium inferior	tissue	adult		encode	single	False	1.01837956905365	chip_histone		H3K27ac
NTR:0000493 Histone ChIP-seq H3K27me3	.	Histone ChIP-seq	NTR:0000493	left ventricle myocardium inferior	tissue	adult		encode	single	False	0.864700436592102	chip_histone		H3K27me3
NTR:0000493 Histone ChIP-seq H3K36me3	.	Histone ChIP-seq	NTR:0000493	left ventricle myocardium inferior	tissue	adult		encode	single	False	0.8186243176460266	chip_histone		H3K36me3
NTR:0000493 Histone ChIP-seq H3K4me1	.	Histone ChIP-seq	NTR:0000493	left ventricle myocardium inferior	tissue	adult		encode	single	False	0.8264829516410828	chip_histone		H3K4me1
NTR:0000493 Histone ChIP-seq H3K4me3	.	Histone ChIP-seq	NTR:0000493	left ventricle myocardium inferior	tissue	adult		encode	single	False	1.0564485788345337	chip_histone		H3K4me3
NTR:0000493 Histone ChIP-seq H3K9me3	.	Histone ChIP-seq	NTR:0000493	left ventricle myocardium inferior	tissue	adult		encode	single	False	0.8471832871437073	chip_histone		H3K9me3
NTR:0000856 Histone ChIP-seq H3K18ac	.	Histone ChIP-seq	NTR:0000856	mesendoderm	in_vitro_differentiated_cells	embryonic		encode	single	False	0.8934034705162048	chip_histone		H3K18ac
NTR:0000856 Histone ChIP-seq H3K4ac	.	Histone ChIP-seq	NTR:0000856	mesendoderm	in_vitro_differentiated_cells	embryonic		encode	single	False	1.5615620613098145	chip_histone		H3K4ac
NTR:0000856 Histone ChIP-seq H3K4me2	.	Histone ChIP-seq	NTR:0000856	mesendoderm	in_vitro_differentiated_cells	embryonic		encode	single	False	0.8411622643470764	chip_histone		H3K4me2
NTR:0000856 Histone ChIP-seq H3K4me3	.	Histone ChIP-seq	NTR:0000856	mesendoderm	in_vitro_differentiated_cells	embryonic		encode	single	False	0.7826849222183228	chip_histone		H3K4me3
NTR:0000856 Histone ChIP-seq H3K56ac	.	Histone ChIP-seq	NTR:0000856	mesendoderm	in_vitro_differentiated_cells	embryonic		encode	single	False	1.2835445404052734	chip_histone		H3K56ac
NTR:0000856 Histone ChIP-seq H3K79me2	.	Histone ChIP-seq	NTR:0000856	mesendoderm	in_vitro_differentiated_cells	embryonic		encode	single	False	0.860698938369751	chip_histone		H3K79me2
NTR:0000856 Histone ChIP-seq H3K9ac	.	Histone ChIP-seq	NTR:0000856	mesendoderm	in_vitro_differentiated_cells	embryonic		encode	single	False	0.8375087380409241	chip_histone		H3K9ac
NTR:0001226 Histone ChIP-seq H2AFZ	.	Histone ChIP-seq	NTR:0001226	parathyroid adenoma	tissue	adult		encode	single	False	0.8161088228225708	chip_histone		H2AFZ
NTR:0001226 Histone ChIP-seq H3K27ac	.	Histone ChIP-seq	NTR:0001226	parathyroid adenoma	tissue	adult		encode	single	False	0.7947527170181274	chip_histone		H3K27ac
NTR:0001226 Histone ChIP-seq H3K4me1	.	Histone ChIP-seq	NTR:0001226	parathyroid adenoma	tissue	adult		encode	single	False	0.807529628276825	chip_histone		H3K4me1
NTR:0001226 Histone ChIP-seq H3K4me2	.	Histone ChIP-seq	NTR:0001226	parathyroid adenoma	tissue	adult		encode	single	False	0.8124940991401672	chip_histone		H3K4me2
NTR:0001226 Histone ChIP-seq H3K4me3	.	Histone ChIP-seq	NTR:0001226	parathyroid adenoma	tissue	adult		encode	single	False	1.165473461151123	chip_histone		H3K4me3
NTR:0001226 Histone ChIP-seq H3K79me2	.	Histone ChIP-seq	NTR:0001226	parathyroid adenoma	tissue	adult		encode	single	False	0.7845446467399597	chip_histone		H3K79me2
NTR:0001407 Histone ChIP-seq H3K27me3	.	Histone ChIP-seq	NTR:0001407	germinal matrix	tissue	embryonic		encode	single	False	1.1895791292190552	chip_histone		H3K27me3
NTR:0001407 Histone ChIP-seq H3K36me3	.	Histone ChIP-seq	NTR:0001407	germinal matrix	tissue	embryonic		encode	single	False	0.9429861903190613	chip_histone		H3K36me3
NTR:0001407 Histone ChIP-seq H3K4me1	.	Histone ChIP-seq	NTR:0001407	germinal matrix	tissue	embryonic		encode	single	False	0.9059633016586304	chip_histone		H3K4me1
NTR:0001407 Histone ChIP-seq H3K4me3	.	Histone ChIP-seq	NTR:0001407	germinal matrix	tissue	embryonic		encode	single	False	1.1096848249435425	chip_histone		H3K4me3
NTR:0001407 Histone ChIP-seq H3K9me3	.	Histone ChIP-seq	NTR:0001407	germinal matrix	tissue	embryonic		encode	single	False	1.0260707139968872	chip_histone		H3K9me3
NTR:0003013 Histone ChIP-seq H3K27ac	.	Histone ChIP-seq	NTR:0003013	placental basal plate	tissue	embryonic		encode	single	False	1.4060741662979126	chip_histone		H3K27ac
NTR:0003079 Histone ChIP-seq H3K27ac	.	Histone ChIP-seq	NTR:0003079	fibroblast of breast	primary_cell	adult		encode	single	False	0.7597173452377319	chip_histone		H3K27ac
NTR:0003079 Histone ChIP-seq H3K36me3	.	Histone ChIP-seq	NTR:0003079	fibroblast of breast	primary_cell	adult		encode	single	False	1.0632909536361694	chip_histone		H3K36me3
NTR:0003079 Histone ChIP-seq H3K4me1	.	Histone ChIP-seq	NTR:0003079	fibroblast of breast	primary_cell	adult		encode	single	False	0.8757542967796326	chip_histone		H3K4me1
NTR:0003079 Histone ChIP-seq H3K4me3	.	Histone ChIP-seq	NTR:0003079	fibroblast of breast	primary_cell	adult		encode	single	False	0.8202831149101257	chip_histone		H3K4me3
UBERON:0000016 Histone ChIP-seq H3K27ac	.	Histone ChIP-seq	UBERON:0000016	endocrine pancreas	tissue	adult		encode	single	False	1.4828875064849854	chip_histone		H3K27ac
UBERON:0000016 Histone ChIP-seq H3K36me3	.	Histone ChIP-seq	UBERON:0000016	endocrine pancreas	tissue	adult		encode	single	False	2.1891863346099854	chip_histone		H3K36me3
UBERON:0000016 Histone ChIP-seq H3K4me1	.	Histone ChIP-seq	UBERON:0000016	endocrine pancreas	tissue	adult		encode	single	False	2.137770652770996	chip_histone		H3K4me1
UBERON:0000016 Histone ChIP-seq H3K4me3	.	Histone ChIP-seq	UBERON:0000016	endocrine pancreas	tissue	adult		encode	single	False	1.4818469285964966	chip_histone		H3K4me3
UBERON:0000016 Histone ChIP-seq H3K9ac	.	Histone ChIP-seq	UBERON:0000016	endocrine pancreas	tissue	adult		encode	single	False	2.1529765129089355	chip_histone		H3K9ac
UBERON:0000059 Histone ChIP-seq H3K27ac	.	Histone ChIP-seq	UBERON:0000059	large intestine	tissue	embryonic		encode	single	False	1.276995062828064	chip_histone		H3K27ac
UBERON:0000059 Histone ChIP-seq H3K27me3	.	Histone ChIP-seq	UBERON:0000059	large intestine	tissue	embryonic		encode	single	False	0.9727251529693604	chip_histone		H3K27me3
UBERON:0000059 Histone ChIP-seq H3K36me3	.	Histone ChIP-seq	UBERON:0000059	large intestine	tissue	embryonic		encode	single	False	0.9926259517669678	chip_histone		H3K36me3
UBERON:0000059 Histone ChIP-seq H3K4me1	.	Histone ChIP-seq	UBERON:0000059	large intestine	tissue	embryonic		encode	single	False	1.1485345363616943	chip_histone		H3K4me1
UBERON:0000059 Histone ChIP-seq H3K4me3	.	Histone ChIP-seq	UBERON:0000059	large intestine	tissue	embryonic		encode	single	False	1.3408679962158203	chip_histone		H3K4me3
UBERON:0000059 Histone ChIP-seq H3K9me3	.	Histone ChIP-seq	UBERON:0000059	large intestine	tissue	embryonic		encode	single	False	1.536685585975647	chip_histone		H3K9me3
UBERON:0000088 Histone ChIP-seq H3K27ac	.	Histone ChIP-seq	UBERON:0000088	trophoblast	tissue	embryonic		encode	single	False	1.0545294284820557	chip_histone		H3K27ac
UBERON:0000088 Histone ChIP-seq H3K36me3	.	Histone ChIP-seq	UBERON:0000088	trophoblast	tissue	embryonic		encode	single	False	0.7907378077507019	chip_histone		H3K36me3
UBERON:0000088 Histone ChIP-seq H3K4me1	.	Histone ChIP-seq	UBERON:0000088	trophoblast	tissue	embryonic		encode	single	False	1.0091884136199951	chip_histone		H3K4me1
UBERON:0000305 Histone ChIP-seq H3K36me3	.	Histone ChIP-seq	UBERON:0000305	amnion	tissue	embryonic		encode	single	False	1.0920192003250122	chip_histone		H3K36me3
UBERON:0000305 Histone ChIP-seq H3K4me1	.	Histone ChIP-seq	UBERON:0000305	amnion	tissue	embryonic		encode	single	False	1.0551388263702393	chip_histone		H3K4me1
UBERON:0000305 Histone ChIP-seq H3K4me3	.	Histone ChIP-seq	UBERON:0000305	amnion	tissue	embryonic		encode	single	False	0.9844587445259094	chip_histone		H3K4me3
UBERON:0000317 Histone ChIP-seq H3K27ac	.	Histone ChIP-seq	UBERON:0000317	colonic mucosa	tissue	adult		encode	single	False	0.7492919564247131	chip_histone		H3K27ac
UBERON:0000317 Histone ChIP-seq H3K27me3	.	Histone ChIP-seq	UBERON:0000317	colonic mucosa	tissue	adult		encode	single	False	1.7739183902740479	chip_histone		H3K27me3
UBERON:0000317 Histone ChIP-seq H3K36me3	.	Histone ChIP-seq	UBERON:0000317	colonic mucosa	tissue	adult		encode	single	False	1.8659192323684692	chip_histone		H3K36me3
UBERON:0000317 Histone ChIP-seq H3K4me1	.	Histone ChIP-seq	UBERON:0000317	colonic mucosa	tissue	adult		encode	single	False	0.9417597651481628	chip_histone		H3K4me1
UBERON:0000317 Histone ChIP-seq H3K4me3	.	Histone ChIP-seq	UBERON:0000317	colonic mucosa	tissue	adult		encode	single	False	0.739352285861969	chip_histone		H3K4me3
UBERON:0000317 Histone ChIP-seq H3K9ac	.	Histone ChIP-seq	UBERON:0000317	colonic mucosa	tissue	adult		encode	single	False	0.9502277374267578	chip_histone		H3K9ac
UBERON:0000320 Histone ChIP-seq H3K27ac	.	Histone ChIP-seq	UBERON:0000320	duodenal mucosa	tissue	adult		encode	single	False	1.5512161254882812	chip_histone		H3K27ac
UBERON:0000320 Histone ChIP-seq H3K27me3	.	Histone ChIP-seq	UBERON:0000320	duodenal mucosa	tissue	adult		encode	single	False	1.077257752418518	chip_histone		H3K27me3
UBERON:0000320 Histone ChIP-seq H3K36me3	.	Histone ChIP-seq	UBERON:0000320	duodenal mucosa	tissue	adult		encode	single	False	0.8997368216514587	chip_histone		H3K36me3
UBERON:0000320 Histone ChIP-seq H3K4me1	.	Histone ChIP-seq	UBERON:0000320	duodenal mucosa	tissue	adult		encode	single	False	0.8478185534477234	chip_histone		H3K4me1
UBERON:0000320 Histone ChIP-seq H3K4me3	.	Histone ChIP-seq	UBERON:0000320	duodenal mucosa	tissue	adult		encode	single	False	0.9015464782714844	chip_histone		H3K4me3
UBERON:0000320 Histone ChIP-seq H3K9ac	.	Histone ChIP-seq	UBERON:0000320	duodenal mucosa	tissue	adult		encode	single	False	0.8578343391418457	chip_histone		H3K9ac
UBERON:0000320 Histone ChIP-seq H3K9me3	.	Histone ChIP-seq	UBERON:0000320	duodenal mucosa	tissue	adult		encode	single	False	1.0300414562225342	chip_histone		H3K9me3
UBERON:0000473 Histone ChIP-seq H3K27ac	.	Histone ChIP-seq	UBERON:0000473	testis	tissue	adult		encode	single	False	0.8015499114990234	chip_histone		H3K27ac
UBERON:0000473 Histone ChIP-seq H3K4me1	.	Histone ChIP-seq	UBERON:0000473	testis	tissue	adult		encode	single	False	0.8120537400245667	chip_histone		H3K4me1
UBERON:0000473 Histone ChIP-seq H3K4me3	.	Histone ChIP-seq	UBERON:0000473	testis	tissue	adult		encode	single	False	0.8049049973487854	chip_histone		H3K4me3
UBERON:0000945 Histone ChIP-seq H3K27ac	.	Histone ChIP-seq	UBERON:0000945	stomach	tissue	adult		encode	single	False	1.3241729736328125	chip_histone		H3K27ac
UBERON:0000945 Histone ChIP-seq H3K27me3	.	Histone ChIP-seq	UBERON:0000945	stomach	tissue	adult		encode	single	False	0.8545126914978027	chip_histone		H3K27me3
UBERON:0000945 Histone ChIP-seq H3K36me3	.	Histone ChIP-seq	UBERON:0000945	stomach	tissue	adult		encode	single	False	0.8173034191131592	chip_histone		H3K36me3
UBERON:0000945 Histone ChIP-seq H3K4me1	.	Histone ChIP-seq	UBERON:0000945	stomach	tissue	adult		encode	single	False	0.8793164491653442	chip_histone		H3K4me1
UBERON:0000945 Histone ChIP-seq H3K4me3	.	Histone ChIP-seq	UBERON:0000945	stomach	tissue	adult		encode	single	False	0.7691627740859985	chip_histone		H3K4me3
UBERON:0000945 Histone ChIP-seq H3K9me3	.	Histone ChIP-seq	UBERON:0000945	stomach	tissue	adult		encode	single	False	0.8707597255706787	chip_histone		H3K9me3
UBERON:0000947 Histone ChIP-seq H3K27ac	.	Histone ChIP-seq	UBERON:0000947	aorta	tissue	adult		encode	single	False	0.8740572929382324	chip_histone		H3K27ac
UBERON:0000947 Histone ChIP-seq H3K36me3	.	Histone ChIP-seq	UBERON:0000947	aorta	tissue	adult		encode	single	False	1.1076427698135376	chip_histone		H3K36me3
UBERON:0000947 Histone ChIP-seq H3K4me3	.	Histone ChIP-seq	UBERON:0000947	aorta	tissue	adult		encode	single	False	0.8130810856819153	chip_histone		H3K4me3
UBERON:0000948 Histone ChIP-seq H3K27me3	.	Histone ChIP-seq	UBERON:0000948	heart	tissue	embryonic		encode	single	False	1.3972610235214233	chip_histone		H3K27me3
UBERON:0000948 Histone ChIP-seq H3K4me1	.	Histone ChIP-seq	UBERON:0000948	heart	tissue	embryonic		encode	single	False	2.119180202484131	chip_histone		H3K4me1
UBERON:0000948 Histone ChIP-seq H3K4me3	.	Histone ChIP-seq	UBERON:0000948	heart	tissue	embryonic		encode	single	False	1.5036487579345703	chip_histone		H3K4me3
UBERON:0000948 Histone ChIP-seq H3K9ac	.	Histone ChIP-seq	UBERON:0000948	heart	tissue	embryonic		encode	single	False	2.4713633060455322	chip_histone		H3K9ac
UBERON:0000955 Histone ChIP-seq H3K27me3	.	Histone ChIP-seq	UBERON:0000955	brain	tissue	embryonic		encode	single	False	0.8013409972190857	chip_histone		H3K27me3
UBERON:0000955 Histone ChIP-seq H3K36me3	.	Histone ChIP-seq	UBERON:0000955	brain	tissue	embryonic		encode	single	False	0.7830002307891846	chip_histone		H3K36me3
UBERON:0000955 Histone ChIP-seq H3K4me1	.	Histone ChIP-seq	UBERON:0000955	brain	tissue	embryonic		encode	single	False	0.8544619083404541	chip_histone		H3K4me1
UBERON:0000955 Histone ChIP-seq H3K4me3	.	Histone ChIP-seq	UBERON:0000955	brain	tissue	embryonic		encode	single	False	1.043258786201477	chip_histone		H3K4me3
UBERON:0000955 Histone ChIP-seq H3K9me3	.	Histone ChIP-seq	UBERON:0000955	brain	tissue	embryonic		encode	single	False	0.9674521684646606	chip_histone		H3K9me3
UBERON:0000992 Histone ChIP-seq H3K27ac	.	Histone ChIP-seq	UBERON:0000992	ovary	tissue	adult		encode	single	False	0.720077633857727	chip_histone		H3K27ac
UBERON:0000992 Histone ChIP-seq H3K27me3	.	Histone ChIP-seq	UBERON:0000992	ovary	tissue	adult		encode	single	False	0.9560567140579224	chip_histone		H3K27me3
UBERON:0000992 Histone ChIP-seq H3K36me3	.	Histone ChIP-seq	UBERON:0000992	ovary	tissue	adult		encode	single	False	1.3437166213989258	chip_histone		H3K36me3
UBERON:0000992 Histone ChIP-seq H3K4me1	.	Histone ChIP-seq	UBERON:0000992	ovary	tissue	adult		encode	single	False	1.3047332763671875	chip_histone		H3K4me1
UBERON:0000992 Histone ChIP-seq H3K4me3	.	Histone ChIP-seq	UBERON:0000992	ovary	tissue	adult		encode	single	False	0.7095605134963989	chip_histone		H3K4me3
UBERON:0000992 Histone ChIP-seq H3K9me3	.	Histone ChIP-seq	UBERON:0000992	ovary	tissue	adult		encode	single	False	0.879421055316925	chip_histone		H3K9me3
UBERON:0000995 Histone ChIP-seq H3K27ac	.	Histone ChIP-seq	UBERON:0000995	uterus	tissue	adult		encode	single	False	0.8092418909072876	chip_histone		H3K27ac
UBERON:0000995 Histone ChIP-seq H3K4me3	.	Histone ChIP-seq	UBERON:0000995	uterus	tissue	adult		encode	single	False	0.8103049397468567	chip_histone		H3K4me3
UBERON:0000996 Histone ChIP-seq H3K27ac	.	Histone ChIP-seq	UBERON:0000996	vagina	tissue	adult		encode	single	False	1.0347249507904053	chip_histone		H3K27ac
UBERON:0000996 Histone ChIP-seq H3K36me3	.	Histone ChIP-seq	UBERON:0000996	vagina	tissue	adult		encode	single	False	0.8707129955291748	chip_histone		H3K36me3
UBERON:0000996 Histone ChIP-seq H3K4me1	.	Histone ChIP-seq	UBERON:0000996	vagina	tissue	adult		encode	single	False	0.8535761833190918	chip_histone		H3K4me1
UBERON:0000996 Histone ChIP-seq H3K4me3	.	Histone ChIP-seq	UBERON:0000996	vagina	tissue	adult		encode	single	False	0.8425154089927673	chip_histone		H3K4me3
UBERON:0001003 Histone ChIP-seq H3K27ac	.	Histone ChIP-seq	UBERON:0001003	skin epidermis	tissue	adult		encode	single	False	0.7780634164810181	chip_histone		H3K27ac
UBERON:0001003 Histone ChIP-seq H3K4me3	.	Histone ChIP-seq	UBERON:0001003	skin epidermis	tissue	adult		encode	single	False	0.7833503484725952	chip_histone		H3K4me3
UBERON:0001043 Histone ChIP-seq H3K27ac	.	Histone ChIP-seq	UBERON:0001043	esophagus	tissue	adult		encode	single	False	1.2696486711502075	chip_histone		H3K27ac
UBERON:0001043 Histone ChIP-seq H3K36me3	.	Histone ChIP-seq	UBERON:0001043	esophagus	tissue	adult		encode	single	False	1.5379191637039185	chip_histone		H3K36me3
UBERON:0001043 Histone ChIP-seq H3K4me1	.	Histone ChIP-seq	UBERON:0001043	esophagus	tissue	adult		encode	single	False	1.4723411798477173	chip_histone		H3K4me1
UBERON:0001043 Histone ChIP-seq H3K4me3	.	Histone ChIP-seq	UBERON:0001043	esophagus	tissue	adult		encode	single	False	0.9049034118652344	chip_histone		H3K4me3
UBERON:0001043 Histone ChIP-seq H3K9me3	.	Histone ChIP-seq	UBERON:0001043	esophagus	tissue	adult		encode	single	False	1.5137780904769897	chip_histone		H3K9me3
UBERON:0001114 Histone ChIP-seq H3K27ac	.	Histone ChIP-seq	UBERON:0001114	right lobe of liver	tissue	adult		encode	single	False	0.7784299850463867	chip_histone		H3K27ac
UBERON:0001114 Histone ChIP-seq H3K36me3	.	Histone ChIP-seq	UBERON:0001114	right lobe of liver	tissue	adult		encode	single	False	0.8362173438072205	chip_histone		H3K36me3
UBERON:0001114 Histone ChIP-seq H3K4me1	.	Histone ChIP-seq	UBERON:0001114	right lobe of liver	tissue	adult		encode	single	False	0.8233218193054199	chip_histone		H3K4me1
UBERON:0001114 Histone ChIP-seq H3K4me3	.	Histone ChIP-seq	UBERON:0001114	right lobe of liver	tissue	adult		encode	single	False	0.7803559899330139	chip_histone		H3K4me3
UBERON:0001134 Histone ChIP-seq H3K27ac	.	Histone ChIP-seq	UBERON:0001134	skeletal muscle tissue	tissue	adult		encode	single	False	1.3797202110290527	chip_histone		H3K27ac
UBERON:0001134 Histone ChIP-seq H3K27me3	.	Histone ChIP-seq	UBERON:0001134	skeletal muscle tissue	tissue	adult		encode	single	False	0.8649007081985474	chip_histone		H3K27me3
UBERON:0001134 Histone ChIP-seq H3K36me3	.	Histone ChIP-seq	UBERON:0001134	skeletal muscle tissue	tissue	adult		encode	single	False	0.8371026515960693	chip_histone		H3K36me3
UBERON:0001134 Histone ChIP-seq H3K4me1	.	Histone ChIP-seq	UBERON:0001134	skeletal muscle tissue	tissue	adult		encode	single	False	0.9665578007698059	chip_histone		H3K4me1
UBERON:0001134 Histone ChIP-seq H3K4me3	.	Histone ChIP-seq	UBERON:0001134	skeletal muscle tissue	tissue	adult		encode	single	False	0.8837461471557617	chip_histone		H3K4me3
UBERON:0001134 Histone ChIP-seq H3K9ac	.	Histone ChIP-seq	UBERON:0001134	skeletal muscle tissue	tissue	adult		encode	single	False	1.0119422674179077	chip_histone		H3K9ac
UBERON:0001150 Histone ChIP-seq H3K27ac	.	Histone ChIP-seq	UBERON:0001150	body of pancreas	tissue	adult		encode	single	False	0.8846782445907593	chip_histone		H3K27ac
UBERON:0001150 Histone ChIP-seq H3K4me1	.	Histone ChIP-seq	UBERON:0001150	body of pancreas	tissue	adult		encode	single	False	0.8054571151733398	chip_histone		H3K4me1
UBERON:0001150 Histone ChIP-seq H3K4me3	.	Histone ChIP-seq	UBERON:0001150	body of pancreas	tissue	adult		encode	single	False	0.8380602598190308	chip_histone		H3K4me3
UBERON:0001157 Histone ChIP-seq H3K27ac	.	Histone ChIP-seq	UBERON:0001157	transverse colon	tissue	adult		encode	single	False	0.7854095697402954	chip_histone		H3K27ac
UBERON:0001157 Histone ChIP-seq H3K27me3	.	Histone ChIP-seq	UBERON:0001157	transverse colon	tissue	adult		encode	single	False	0.8251835703849792	chip_histone		H3K27me3
UBERON:0001157 Histone ChIP-seq H3K36me3	.	Histone ChIP-seq	UBERON:0001157	transverse colon	tissue	adult		encode	single	False	0.8235317468643188	chip_histone		H3K36me3
UBERON:0001157 Histone ChIP-seq H3K4me1	.	Histone ChIP-seq	UBERON:0001157	transverse colon	tissue	adult		encode	single	False	0.8129381537437439	chip_histone		H3K4me1
UBERON:0001157 Histone ChIP-seq H3K4me3	.	Histone ChIP-seq	UBERON:0001157	transverse colon	tissue	adult		encode	single	False	0.8056944012641907	chip_histone		H3K4me3
UBERON:0001159 Histone ChIP-seq H3K27ac	.	Histone ChIP-seq	UBERON:0001159	sigmoid colon	tissue	adult		encode	single	False	0.7376067638397217	chip_histone		H3K27ac
UBERON:0001159 Histone ChIP-seq H3K27me3	.	Histone ChIP-seq	UBERON:0001159	sigmoid colon	tissue	adult		encode	single	False	0.862529993057251	chip_histone		H3K27me3
UBERON:0001159 Histone ChIP-seq H3K36me3	.	Histone ChIP-seq	UBERON:0001159	sigmoid colon	tissue	adult		encode	single	False	0.8250663876533508	chip_histone		H3K36me3
UBERON:0001159 Histone ChIP-seq H3K4me1	.	Histone ChIP-seq	UBERON:0001159	sigmoid colon	tissue	adult		encode	single	False	0.8141694664955139	chip_histone		H3K4me1
UBERON:0001159 Histone ChIP-seq H3K4me3	.	Histone ChIP-seq	UBERON:0001159	sigmoid colon	tissue	adult		encode	single	False	0.9082852602005005	chip_histone		H3K4me3
UBERON:0001199 Histone ChIP-seq H3K27me3	.	Histone ChIP-seq	UBERON:0001199	mucosa of stomach	tissue	adult		encode	single	False	0.9448559880256653	chip_histone		H3K27me3
UBERON:0001199 Histone ChIP-seq H3K4me1	.	Histone ChIP-seq	UBERON:0001199	mucosa of stomach	tissue	adult		encode	single	False	0.9851387739181519	chip_histone		H3K4me1
UBERON:0001199 Histone ChIP-seq H3K4me3	.	Histone ChIP-seq	UBERON:0001199	mucosa of stomach	tissue	adult		encode	single	False	0.9022591710090637	chip_histone		H3K4me3
UBERON:0001199 Histone ChIP-seq H3K9ac	.	Histone ChIP-seq	UBERON:0001199	mucosa of stomach	tissue	adult		encode	single	False	0.9789822101593018	chip_histone		H3K9ac
UBERON:0001211 Histone ChIP-seq H3K27ac	.	Histone ChIP-seq	UBERON:0001211	Peyer's patch	tissue	adult		encode	single	False	1.0645337104797363	chip_histone		H3K27ac
UBERON:0001211 Histone ChIP-seq H3K36me3	.	Histone ChIP-seq	UBERON:0001211	Peyer's patch	tissue	adult		encode	single	False	0.8398535251617432	chip_histone		H3K36me3
UBERON:0001211 Histone ChIP-seq H3K4me1	.	Histone ChIP-seq	UBERON:0001211	Peyer's patch	tissue	adult		encode	single	False	0.8229295015335083	chip_histone		H3K4me1
UBERON:0001211 Histone ChIP-seq H3K4me3	.	Histone ChIP-seq	UBERON:0001211	Peyer's patch	tissue	adult		encode	single	False	0.8059539198875427	chip_histone		H3K4me3
UBERON:0001211 Histone ChIP-seq H3K9me3	.	Histone ChIP-seq	UBERON:0001211	Peyer's patch	tissue	adult		encode	single	False	0.8079014420509338	chip_histone		H3K9me3
UBERON:0001255 Histone ChIP-seq H3K27ac	.	Histone ChIP-seq	UBERON:0001255	urinary bladder	tissue	adult		encode	single	False	1.5340087413787842	chip_histone		H3K27ac
UBERON:0001255 Histone ChIP-seq H3K4me3	.	Histone ChIP-seq	UBERON:0001255	urinary bladder	tissue	adult		encode	single	False	1.249588966369629	chip_histone		H3K4me3
UBERON:0001264 Histone ChIP-seq H3K27ac	.	Histone ChIP-seq	UBERON:0001264	pancreas	tissue	adult		encode	single	False	0.7563256025314331	chip_histone		H3K27ac
UBERON:0001264 Histone ChIP-seq H3K36me3	.	Histone ChIP-seq	UBERON:0001264	pancreas	tissue	adult		encode	single	False	0.8419210314750671	chip_histone		H3K36me3
UBERON:0001264 Histone ChIP-seq H3K4me1	.	Histone ChIP-seq	UBERON:0001264	pancreas	tissue	adult		encode	single	False	0.7936822772026062	chip_histone		H3K4me1
UBERON:0001264 Histone ChIP-seq H3K4me3	.	Histone ChIP-seq	UBERON:0001264	pancreas	tissue	adult		encode	single	False	0.7248829007148743	chip_histone		H3K4me3
UBERON:0001264 Histone ChIP-seq H3K9me3	.	Histone ChIP-seq	UBERON:0001264	pancreas	tissue	adult		encode	single	False	1.5992413759231567	chip_histone		H3K9me3
UBERON:0001323 Histone ChIP-seq H3K27ac	.	Histone ChIP-seq	UBERON:0001323	tibial nerve	tissue	adult		encode	single	False	1.3211156129837036	chip_histone		H3K27ac
UBERON:0001323 Histone ChIP-seq H3K27me3	.	Histone ChIP-seq	UBERON:0001323	tibial nerve	tissue	adult		encode	single	False	0.8642919063568115	chip_histone		H3K27me3
UBERON:0001323 Histone ChIP-seq H3K36me3	.	Histone ChIP-seq	UBERON:0001323	tibial nerve	tissue	adult		encode	single	False	0.9108094573020935	chip_histone		H3K36me3
UBERON:0001323 Histone ChIP-seq H3K4me1	.	Histone ChIP-seq	UBERON:0001323	tibial nerve	tissue	adult		encode	single	False	0.8470635414123535	chip_histone		H3K4me1
UBERON:0001323 Histone ChIP-seq H3K4me3	.	Histone ChIP-seq	UBERON:0001323	tibial nerve	tissue	adult		encode	single	False	0.9945918917655945	chip_histone		H3K4me3
UBERON:0001323 Histone ChIP-seq H3K9me3	.	Histone ChIP-seq	UBERON:0001323	tibial nerve	tissue	adult		encode	single	False	0.9940832257270813	chip_histone		H3K9me3
UBERON:0001383 Histone ChIP-seq H3K27ac	.	Histone ChIP-seq	UBERON:0001383	muscle of leg	tissue	embryonic		encode	single	False	1.4244413375854492	chip_histone		H3K27ac
UBERON:0001383 Histone ChIP-seq H3K27me3	.	Histone ChIP-seq	UBERON:0001383	muscle of leg	tissue	embryonic		encode	single	False	1.6756627559661865	chip_histone		H3K27me3
UBERON:0001383 Histone ChIP-seq H3K36me3	.	Histone ChIP-seq	UBERON:0001383	muscle of leg	tissue	embryonic		encode	single	False	1.3110146522521973	chip_histone		H3K36me3
UBERON:0001383 Histone ChIP-seq H3K4me1	.	Histone ChIP-seq	UBERON:0001383	muscle of leg	tissue	embryonic		encode	single	False	1.5736838579177856	chip_histone		H3K4me1
UBERON:0001383 Histone ChIP-seq H3K4me3	.	Histone ChIP-seq	UBERON:0001383	muscle of leg	tissue	embryonic		encode	single	False	1.1692146062850952	chip_histone		H3K4me3
UBERON:0001383 Histone ChIP-seq H3K9me3	.	Histone ChIP-seq	UBERON:0001383	muscle of leg	tissue	embryonic		encode	single	False	0.9339243769645691	chip_histone		H3K9me3
UBERON:0001496 Histone ChIP-seq H3K27ac	.	Histone ChIP-seq	UBERON:0001496	ascending aorta	tissue	adult		encode	single	False	0.941458523273468	chip_histone		H3K27ac
UBERON:0001496 Histone ChIP-seq H3K36me3	.	Histone ChIP-seq	UBERON:0001496	ascending aorta	tissue	adult		encode	single	False	0.7998642921447754	chip_histone		H3K36me3
UBERON:0001496 Histone ChIP-seq H3K4me1	.	Histone ChIP-seq	UBERON:0001496	ascending aorta	tissue	adult		encode	single	False	0.7923071384429932	chip_histone		H3K4me1
UBERON:0001496 Histone ChIP-seq H3K4me3	.	Histone ChIP-seq	UBERON:0001496	ascending aorta	tissue	adult		encode	single	False	1.0133315324783325	chip_histone		H3K4me3
UBERON:0001496 Histone ChIP-seq H3K9me3	.	Histone ChIP-seq	UBERON:0001496	ascending aorta	tissue	adult		encode	single	False	0.8675394654273987	chip_histone		H3K9me3
UBERON:0001515 Histone ChIP-seq H3K27ac	.	Histone ChIP-seq	UBERON:0001515	thoracic aorta	tissue	adult		encode	single	False	0.7655042409896851	chip_histone		H3K27ac
UBERON:0001515 Histone ChIP-seq H3K36me3	.	Histone ChIP-seq	UBERON:0001515	thoracic aorta	tissue	adult		encode	single	False	0.8727486729621887	chip_histone		H3K36me3
UBERON:0001515 Histone ChIP-seq H3K4me1	.	Histone ChIP-seq	UBERON:0001515	thoracic aorta	tissue	adult		encode	single	False	0.766152560710907	chip_histone		H3K4me1
UBERON:0001515 Histone ChIP-seq H3K4me3	.	Histone ChIP-seq	UBERON:0001515	thoracic aorta	tissue	adult		encode	single	False	0.7468891739845276	chip_histone		H3K4me3
UBERON:0001621 Histone ChIP-seq H3K27ac	.	Histone ChIP-seq	UBERON:0001621	coronary artery	tissue	adult		encode	single	False	1.356512188911438	chip_histone		H3K27ac
UBERON:0001621 Histone ChIP-seq H3K4me3	.	Histone ChIP-seq	UBERON:0001621	coronary artery	tissue	adult		encode	single	False	0.8368509411811829	chip_histone		H3K4me3
UBERON:0001774 Histone ChIP-seq H3K27ac	.	Histone ChIP-seq	UBERON:0001774	muscle of trunk	tissue	embryonic		encode	single	False	1.3104538917541504	chip_histone		H3K27ac
UBERON:0001774 Histone ChIP-seq H3K27me3	.	Histone ChIP-seq	UBERON:0001774	muscle of trunk	tissue	embryonic		encode	single	False	1.8899438381195068	chip_histone		H3K27me3
UBERON:0001774 Histone ChIP-seq H3K36me3	.	Histone ChIP-seq	UBERON:0001774	muscle of trunk	tissue	embryonic		encode	single	False	1.3060396909713745	chip_histone		H3K36me3
UBERON:0001774 Histone ChIP-seq H3K4me1	.	Histone ChIP-seq	UBERON:0001774	muscle of trunk	tissue	embryonic		encode	single	False	2.113858461380005	chip_histone		H3K4me1
UBERON:0001774 Histone ChIP-seq H3K4me3	.	Histone ChIP-seq	UBERON:0001774	muscle of trunk	tissue	embryonic		encode	single	False	1.0175188779830933	chip_histone		H3K4me3
UBERON:0001774 Histone ChIP-seq H3K9me3	.	Histone ChIP-seq	UBERON:0001774	muscle of trunk	tissue	embryonic		encode	single	False	1.3337962627410889	chip_histone		H3K9me3
UBERON:0001871 Histone ChIP-seq H3K27ac	.	Histone ChIP-seq	UBERON:0001871	temporal lobe	tissue	adult		encode	single	False	0.9006586670875549	chip_histone		H3K27ac
UBERON:0001871 Histone ChIP-seq H3K36me3	.	Histone ChIP-seq	UBERON:0001871	temporal lobe	tissue	adult		encode	single	False	0.8488104343414307	chip_histone		H3K36me3
UBERON:0001871 Histone ChIP-seq H3K4me1	.	Histone ChIP-seq	UBERON:0001871	temporal lobe	tissue	adult		encode	single	False	0.8646435141563416	chip_histone		H3K4me1
UBERON:0001871 Histone ChIP-seq H3K4me3	.	Histone ChIP-seq	UBERON:0001871	temporal lobe	tissue	adult		encode	single	False	0.8694230914115906	chip_histone		H3K4me3
UBERON:0001871 Histone ChIP-seq H3K9ac	.	Histone ChIP-seq	UBERON:0001871	temporal lobe	tissue	adult		encode	single	False	1.1393189430236816	chip_histone		H3K9ac
UBERON:0001873 Histone ChIP-seq H3K27ac	.	Histone ChIP-seq	UBERON:0001873	caudate nucleus	tissue	adult		encode	single	False	0.9687084555625916	chip_histone		H3K27ac
UBERON:0001873 Histone ChIP-seq H3K36me3	.	Histone ChIP-seq	UBERON:0001873	caudate nucleus	tissue	adult		encode	single	False	0.8227593898773193	chip_histone		H3K36me3
UBERON:0001873 Histone ChIP-seq H3K4me1	.	Histone ChIP-seq	UBERON:0001873	caudate nucleus	tissue	adult		encode	single	False	0.8329311609268188	chip_histone		H3K4me1
UBERON:0001873 Histone ChIP-seq H3K4me3	.	Histone ChIP-seq	UBERON:0001873	caudate nucleus	tissue	adult		encode	single	False	0.8766636848449707	chip_histone		H3K4me3
UBERON:0001873 Histone ChIP-seq H3K9ac	.	Histone ChIP-seq	UBERON:0001873	caudate nucleus	tissue	adult		encode	single	False	1.1741129159927368	chip_histone		H3K9ac
UBERON:0001987 Histone ChIP-seq H3K27ac	.	Histone ChIP-seq	UBERON:0001987	placenta	tissue	embryonic		encode	single	False	0.7619684338569641	chip_histone		H3K27ac
UBERON:0001987 Histone ChIP-seq H3K27me3	.	Histone ChIP-seq	UBERON:0001987	placenta	tissue	embryonic		encode	single	False	0.9213661551475525	chip_histone		H3K27me3
UBERON:0001987 Histone ChIP-seq H3K36me3	.	Histone ChIP-seq	UBERON:0001987	placenta	tissue	embryonic		encode	single	False	1.5290863513946533	chip_histone		H3K36me3
UBERON:0001987 Histone ChIP-seq H3K4me1	.	Histone ChIP-seq	UBERON:0001987	placenta	tissue	embryonic		encode	single	False	1.3510398864746094	chip_histone		H3K4me1
UBERON:0001987 Histone ChIP-seq H3K4me3	.	Histone ChIP-seq	UBERON:0001987	placenta	tissue	embryonic		encode	single	False	0.7686141729354858	chip_histone		H3K4me3
UBERON:0001987 Histone ChIP-seq H3K9me3	.	Histone ChIP-seq	UBERON:0001987	placenta	tissue	embryonic		encode	single	False	1.201725721359253	chip_histone		H3K9me3
UBERON:0002037 Histone ChIP-seq H3K4me3	.	Histone ChIP-seq	UBERON:0002037	cerebellum	tissue	adult		encode	single	False	1.2195651531219482	chip_histone		H3K4me3
UBERON:0002038 Histone ChIP-seq H3K27ac	.	Histone ChIP-seq	UBERON:0002038	substantia nigra	tissue	adult		encode	single	False	0.9022706151008606	chip_histone		H3K27ac
UBERON:0002038 Histone ChIP-seq H3K36me3	.	Histone ChIP-seq	UBERON:0002038	substantia nigra	tissue	adult		encode	single	False	0.8933779001235962	chip_histone		H3K36me3
UBERON:0002038 Histone ChIP-seq H3K4me1	.	Histone ChIP-seq	UBERON:0002038	substantia nigra	tissue	adult		encode	single	False	1.0500805377960205	chip_histone		H3K4me1
UBERON:0002038 Histone ChIP-seq H3K4me3	.	Histone ChIP-seq	UBERON:0002038	substantia nigra	tissue	adult		encode	single	False	0.8325366973876953	chip_histone		H3K4me3
UBERON:0002038 Histone ChIP-seq H3K9ac	.	Histone ChIP-seq	UBERON:0002038	substantia nigra	tissue	adult		encode	single	False	1.0571855306625366	chip_histone		H3K9ac
UBERON:0002046 Histone ChIP-seq H3K27ac	.	Histone ChIP-seq	UBERON:0002046	thyroid gland	tissue	adult		encode	single	False	1.0849581956863403	chip_histone		H3K27ac
UBERON:0002046 Histone ChIP-seq H3K36me3	.	Histone ChIP-seq	UBERON:0002046	thyroid gland	tissue	adult		encode	single	False	0.8517771363258362	chip_histone		H3K36me3
UBERON:0002046 Histone ChIP-seq H3K4me1	.	Histone ChIP-seq	UBERON:0002046	thyroid gland	tissue	adult		encode	single	False	0.8095167279243469	chip_histone		H3K4me1
UBERON:0002046 Histone ChIP-seq H3K4me3	.	Histone ChIP-seq	UBERON:0002046	thyroid gland	tissue	adult		encode	single	False	1.038463830947876	chip_histone		H3K4me3
UBERON:0002048 Histone ChIP-seq H3K27ac	.	Histone ChIP-seq	UBERON:0002048	lung	tissue	adult		encode	single	False	1.4589347839355469	chip_histone		H3K27ac
UBERON:0002048 Histone ChIP-seq H3K27me3	.	Histone ChIP-seq	UBERON:0002048	lung	tissue	embryonic		encode	single	False	0.9830350279808044	chip_histone		H3K27me3
UBERON:0002048 Histone ChIP-seq H3K36me3	.	Histone ChIP-seq	UBERON:0002048	lung	tissue	adult		encode	single	False	1.7142006158828735	chip_histone		H3K36me3
UBERON:0002048 Histone ChIP-seq H3K4me1	.	Histone ChIP-seq	UBERON:0002048	lung	tissue	adult		encode	single	False	2.136195182800293	chip_histone		H3K4me1
UBERON:0002048 Histone ChIP-seq H3K4me3	.	Histone ChIP-seq	UBERON:0002048	lung	tissue	adult		encode	single	False	1.4228606224060059	chip_histone		H3K4me3
UBERON:0002048 Histone ChIP-seq H3K9ac	.	Histone ChIP-seq	UBERON:0002048	lung	tissue	embryonic		encode	single	False	1.1020851135253906	chip_histone		H3K9ac
UBERON:0002048 Histone ChIP-seq H3K9me3	.	Histone ChIP-seq	UBERON:0002048	lung	tissue	adult		encode	single	False	1.596697211265564	chip_histone		H3K9me3
UBERON:0002078 Histone ChIP-seq H3K27ac	.	Histone ChIP-seq	UBERON:0002078	right cardiac atrium	tissue	adult		encode	single	False	1.2285999059677124	chip_histone		H3K27ac
UBERON:0002078 Histone ChIP-seq H3K4me1	.	Histone ChIP-seq	UBERON:0002078	right cardiac atrium	tissue	adult		encode	single	False	1.5381871461868286	chip_histone		H3K4me1
UBERON:0002078 Histone ChIP-seq H3K4me3	.	Histone ChIP-seq	UBERON:0002078	right cardiac atrium	tissue	adult		encode	single	False	0.9993526339530945	chip_histone		H3K4me3
UBERON:0002080 Histone ChIP-seq H3K27ac	.	Histone ChIP-seq	UBERON:0002080	heart right ventricle	tissue	adult		encode	single	False	0.742721438407898	chip_histone		H3K27ac
UBERON:0002080 Histone ChIP-seq H3K27me3	.	Histone ChIP-seq	UBERON:0002080	heart right ventricle	tissue	adult		encode	single	False	0.8221991062164307	chip_histone		H3K27me3
UBERON:0002080 Histone ChIP-seq H3K36me3	.	Histone ChIP-seq	UBERON:0002080	heart right ventricle	tissue	adult		encode	single	False	0.7794134616851807	chip_histone		H3K36me3
UBERON:0002080 Histone ChIP-seq H3K4me1	.	Histone ChIP-seq	UBERON:0002080	heart right ventricle	tissue	adult		encode	single	False	0.7713398337364197	chip_histone		H3K4me1
UBERON:0002080 Histone ChIP-seq H3K4me3	.	Histone ChIP-seq	UBERON:0002080	heart right ventricle	tissue	adult		encode	single	False	0.7453254461288452	chip_histone		H3K4me3
UBERON:0002080 Histone ChIP-seq H3K9me3	.	Histone ChIP-seq	UBERON:0002080	heart right ventricle	tissue	adult		encode	single	False	0.8001134991645813	chip_histone		H3K9me3
UBERON:0002084 Histone ChIP-seq H3K27ac	.	Histone ChIP-seq	UBERON:0002084	heart left ventricle	tissue	adult		encode	single	False	0.8882824778556824	chip_histone		H3K27ac
UBERON:0002084 Histone ChIP-seq H3K27me3	.	Histone ChIP-seq	UBERON:0002084	heart left ventricle	tissue	adult		encode	single	False	0.7984142303466797	chip_histone		H3K27me3
UBERON:0002084 Histone ChIP-seq H3K36me3	.	Histone ChIP-seq	UBERON:0002084	heart left ventricle	tissue	adult		encode	single	False	0.8181394338607788	chip_histone		H3K36me3
UBERON:0002084 Histone ChIP-seq H3K4me1	.	Histone ChIP-seq	UBERON:0002084	heart left ventricle	tissue	adult		encode	single	False	0.8571037650108337	chip_histone		H3K4me1
UBERON:0002084 Histone ChIP-seq H3K4me3	.	Histone ChIP-seq	UBERON:0002084	heart left ventricle	tissue	adult		encode	single	False	0.7315558195114136	chip_histone		H3K4me3
UBERON:0002084 Histone ChIP-seq H3K9me3	.	Histone ChIP-seq	UBERON:0002084	heart left ventricle	tissue	adult		encode	single	False	0.890792191028595	chip_histone		H3K9me3
UBERON:0002106 Histone ChIP-seq H3K27ac	.	Histone ChIP-seq	UBERON:0002106	spleen	tissue	adult		encode	single	False	0.7800244092941284	chip_histone		H3K27ac
UBERON:0002106 Histone ChIP-seq H3K27me3	.	Histone ChIP-seq	UBERON:0002106	spleen	tissue	adult		encode	single	False	0.8321865200996399	chip_histone		H3K27me3
UBERON:0002106 Histone ChIP-seq H3K36me3	.	Histone ChIP-seq	UBERON:0002106	spleen	tissue	adult		encode	single	False	0.8215964436531067	chip_histone		H3K36me3
UBERON:0002106 Histone ChIP-seq H3K4me1	.	Histone ChIP-seq	UBERON:0002106	spleen	tissue	adult		encode	single	False	0.8138890862464905	chip_histone		H3K4me1
UBERON:0002106 Histone ChIP-seq H3K4me3	.	Histone ChIP-seq	UBERON:0002106	spleen	tissue	adult		encode	single	False	0.7977772951126099	chip_histone		H3K4me3
UBERON:0002106 Histone ChIP-seq H3K9me3	.	Histone ChIP-seq	UBERON:0002106	spleen	tissue	adult		encode	single	False	0.8140273690223694	chip_histone		H3K9me3
UBERON:0002107 Histone ChIP-seq H3K27ac	.	Histone ChIP-seq	UBERON:0002107	liver	tissue	adult		encode	single	False	0.9069214463233948	chip_histone		H3K27ac
UBERON:0002107 Histone ChIP-seq H3K36me3	.	Histone ChIP-seq	UBERON:0002107	liver	tissue	adult		encode	single	False	0.8101385235786438	chip_histone		H3K36me3
UBERON:0002107 Histone ChIP-seq H3K4me1	.	Histone ChIP-seq	UBERON:0002107	liver	tissue	adult		encode	single	False	0.7480568885803223	chip_histone		H3K4me1
UBERON:0002107 Histone ChIP-seq H3K4me3	.	Histone ChIP-seq	UBERON:0002107	liver	tissue	adult		encode	single	False	0.7054669857025146	chip_histone		H3K4me3
UBERON:0002107 Histone ChIP-seq H3K9ac	.	Histone ChIP-seq	UBERON:0002107	liver	tissue	adult		encode	single	False	0.8565387725830078	chip_histone		H3K9ac
UBERON:0002107 Histone ChIP-seq H3K9me3	.	Histone ChIP-seq	UBERON:0002107	liver	tissue	adult		encode	single	False	1.423638939857483	chip_histone		H3K9me3
UBERON:0002108 Histone ChIP-seq H3K27ac	.	Histone ChIP-seq	UBERON:0002108	small intestine	tissue	adult		encode	single	False	1.5306456089019775	chip_histone		H3K27ac
UBERON:0002108 Histone ChIP-seq H3K27me3	.	Histone ChIP-seq	UBERON:0002108	small intestine	tissue	embryonic		encode	single	False	1.321641445159912	chip_histone		H3K27me3
UBERON:0002108 Histone ChIP-seq H3K36me3	.	Histone ChIP-seq	UBERON:0002108	small intestine	tissue	adult		encode	single	False	1.1116917133331299	chip_histone		H3K36me3
UBERON:0002108 Histone ChIP-seq H3K4me1	.	Histone ChIP-seq	UBERON:0002108	small intestine	tissue	embryonic		encode	single	False	1.1648976802825928	chip_histone		H3K4me1
UBERON:0002108 Histone ChIP-seq H3K4me3	.	Histone ChIP-seq	UBERON:0002108	small intestine	tissue	adult		encode	single	False	0.9390207529067993	chip_histone		H3K4me3
UBERON:0002108 Histone ChIP-seq H3K9me3	.	Histone ChIP-seq	UBERON:0002108	small intestine	tissue	embryonic		encode	single	False	1.295670986175537	chip_histone		H3K9me3
UBERON:0002113 Histone ChIP-seq H3K27ac	.	Histone ChIP-seq	UBERON:0002113	kidney	tissue	adult		encode	single	False	0.9552195072174072	chip_histone		H3K27ac
UBERON:0002113 Histone ChIP-seq H3K36me3	.	Histone ChIP-seq	UBERON:0002113	kidney	tissue	adult		encode	single	False	0.798854410648346	chip_histone		H3K36me3
UBERON:0002113 Histone ChIP-seq H3K4me1	.	Histone ChIP-seq	UBERON:0002113	kidney	tissue	adult		encode	single	False	0.8005074858665466	chip_histone		H3K4me1
UBERON:0002113 Histone ChIP-seq H3K4me3	.	Histone ChIP-seq	UBERON:0002113	kidney	tissue	adult		encode	single	False	0.7985708117485046	chip_histone		H3K4me3
UBERON:0002113 Histone ChIP-seq H3K9ac	.	Histone ChIP-seq	UBERON:0002113	kidney	tissue	adult		encode	single	False	0.8986935615539551	chip_histone		H3K9ac
UBERON:0002168 Histone ChIP-seq H3K27ac	.	Histone ChIP-seq	UBERON:0002168	left lung	tissue	adult		encode	single	False	0.8949621319770813	chip_histone		H3K27ac
UBERON:0002168 Histone ChIP-seq H3K27me3	.	Histone ChIP-seq	UBERON:0002168	left lung	tissue	adult		encode	single	False	0.8752104640007019	chip_histone		H3K27me3
UBERON:0002168 Histone ChIP-seq H3K36me3	.	Histone ChIP-seq	UBERON:0002168	left lung	tissue	adult		encode	single	False	0.8681212663650513	chip_histone		H3K36me3
UBERON:0002168 Histone ChIP-seq H3K4me1	.	Histone ChIP-seq	UBERON:0002168	left lung	tissue	adult		encode	single	False	0.9048176407814026	chip_histone		H3K4me1
UBERON:0002168 Histone ChIP-seq H3K4me3	.	Histone ChIP-seq	UBERON:0002168	left lung	tissue	adult		encode	single	False	0.9501997828483582	chip_histone		H3K4me3
UBERON:0002168 Histone ChIP-seq H3K9me3	.	Histone ChIP-seq	UBERON:0002168	left lung	tissue	adult		encode	single	False	1.1099082231521606	chip_histone		H3K9me3
UBERON:0002170 Histone ChIP-seq H3K27ac	.	Histone ChIP-seq	UBERON:0002170	upper lobe of right lung	tissue	adult		encode	single	False	0.8909234404563904	chip_histone		H3K27ac
UBERON:0002170 Histone ChIP-seq H3K36me3	.	Histone ChIP-seq	UBERON:0002170	upper lobe of right lung	tissue	adult		encode	single	False	0.8416327834129333	chip_histone		H3K36me3
UBERON:0002170 Histone ChIP-seq H3K4me1	.	Histone ChIP-seq	UBERON:0002170	upper lobe of right lung	tissue	adult		encode	single	False	0.8523540496826172	chip_histone		H3K4me1
UBERON:0002170 Histone ChIP-seq H3K4me3	.	Histone ChIP-seq	UBERON:0002170	upper lobe of right lung	tissue	adult		encode	single	False	0.9516236186027527	chip_histone		H3K4me3
UBERON:0002171 Histone ChIP-seq H3K27ac	.	Histone ChIP-seq	UBERON:0002171	lower lobe of right lung	tissue	adult		encode	single	False	0.9444779753684998	chip_histone		H3K27ac
UBERON:0002171 Histone ChIP-seq H3K27me3	.	Histone ChIP-seq	UBERON:0002171	lower lobe of right lung	tissue	adult		encode	single	False	0.9000256061553955	chip_histone		H3K27me3
UBERON:0002171 Histone ChIP-seq H3K36me3	.	Histone ChIP-seq	UBERON:0002171	lower lobe of right lung	tissue	adult		encode	single	False	0.8784345984458923	chip_histone		H3K36me3
UBERON:0002171 Histone ChIP-seq H3K4me1	.	Histone ChIP-seq	UBERON:0002171	lower lobe of right lung	tissue	adult		encode	single	False	0.8521840572357178	chip_histone		H3K4me1
UBERON:0002171 Histone ChIP-seq H3K4me3	.	Histone ChIP-seq	UBERON:0002171	lower lobe of right lung	tissue	adult		encode	single	False	0.9574486017227173	chip_histone		H3K4me3
UBERON:0002240 Histone ChIP-seq H3K27ac	.	Histone ChIP-seq	UBERON:0002240	spinal cord	tissue	embryonic		encode	single	False	1.5454556941986084	chip_histone		H3K27ac
UBERON:0002240 Histone ChIP-seq H3K27me3	.	Histone ChIP-seq	UBERON:0002240	spinal cord	tissue	embryonic		encode	single	False	1.2282136678695679	chip_histone		H3K27me3
UBERON:0002240 Histone ChIP-seq H3K36me3	.	Histone ChIP-seq	UBERON:0002240	spinal cord	tissue	embryonic		encode	single	False	1.335628867149353	chip_histone		H3K36me3
UBERON:0002240 Histone ChIP-seq H3K4me1	.	Histone ChIP-seq	UBERON:0002240	spinal cord	tissue	embryonic		encode	single	False	2.040064573287964	chip_histone		H3K4me1
UBERON:0002240 Histone ChIP-seq H3K4me3	.	Histone ChIP-seq	UBERON:0002240	spinal cord	tissue	embryonic		encode	single	False	1.6200331449508667	chip_histone		H3K4me3
UBERON:0002305 Histone ChIP-seq H3K27ac	.	Histone ChIP-seq	UBERON:0002305	layer of hippocampus	tissue	adult		encode	single	False	0.9011349081993103	chip_histone		H3K27ac
UBERON:0002305 Histone ChIP-seq H3K36me3	.	Histone ChIP-seq	UBERON:0002305	layer of hippocampus	tissue	adult		encode	single	False	0.7941612601280212	chip_histone		H3K36me3
UBERON:0002305 Histone ChIP-seq H3K4me1	.	Histone ChIP-seq	UBERON:0002305	layer of hippocampus	tissue	adult		encode	single	False	0.8219332695007324	chip_histone		H3K4me1
UBERON:0002305 Histone ChIP-seq H3K4me3	.	Histone ChIP-seq	UBERON:0002305	layer of hippocampus	tissue	adult		encode	single	False	0.7843244075775146	chip_histone		H3K4me3
UBERON:0002305 Histone ChIP-seq H3K9ac	.	Histone ChIP-seq	UBERON:0002305	layer of hippocampus	tissue	adult		encode	single	False	1.1184202432632446	chip_histone		H3K9ac
UBERON:0002367 Histone ChIP-seq H3K27ac	.	Histone ChIP-seq	UBERON:0002367	prostate gland	tissue	adult		encode	single	False	0.8253678679466248	chip_histone		H3K27ac
UBERON:0002367 Histone ChIP-seq H3K36me3	.	Histone ChIP-seq	UBERON:0002367	prostate gland	tissue	adult		encode	single	False	0.8486926555633545	chip_histone		H3K36me3
UBERON:0002367 Histone ChIP-seq H3K4me3	.	Histone ChIP-seq	UBERON:0002367	prostate gland	tissue	adult		encode	single	False	0.827519953250885	chip_histone		H3K4me3
UBERON:0002369 Histone ChIP-seq H3K27ac	.	Histone ChIP-seq	UBERON:0002369	adrenal gland	tissue	adult		encode	single	False	0.7852216958999634	chip_histone		H3K27ac
UBERON:0002369 Histone ChIP-seq H3K27me3	.	Histone ChIP-seq	UBERON:0002369	adrenal gland	tissue	embryonic		encode	single	False	1.6154215335845947	chip_histone		H3K27me3
UBERON:0002369 Histone ChIP-seq H3K36me3	.	Histone ChIP-seq	UBERON:0002369	adrenal gland	tissue	adult		encode	single	False	0.8357100486755371	chip_histone		H3K36me3
UBERON:0002369 Histone ChIP-seq H3K4me1	.	Histone ChIP-seq	UBERON:0002369	adrenal gland	tissue	adult		encode	single	False	0.8265619277954102	chip_histone		H3K4me1
UBERON:0002369 Histone ChIP-seq H3K4me3	.	Histone ChIP-seq	UBERON:0002369	adrenal gland	tissue	adult		encode	single	False	0.9138931035995483	chip_histone		H3K4me3
UBERON:0002369 Histone ChIP-seq H3K9me3	.	Histone ChIP-seq	UBERON:0002369	adrenal gland	tissue	embryonic		encode	single	False	1.4173235893249512	chip_histone		H3K9me3
UBERON:0002370 Histone ChIP-seq H3K27ac	.	Histone ChIP-seq	UBERON:0002370	thymus	tissue	embryonic		encode	single	False	0.9632824063301086	chip_histone		H3K27ac
UBERON:0002370 Histone ChIP-seq H3K27me3	.	Histone ChIP-seq	UBERON:0002370	thymus	tissue	embryonic		encode	single	False	0.9465627074241638	chip_histone		H3K27me3
UBERON:0002370 Histone ChIP-seq H3K36me3	.	Histone ChIP-seq	UBERON:0002370	thymus	tissue	embryonic		encode	single	False	1.3685346841812134	chip_histone		H3K36me3
UBERON:0002370 Histone ChIP-seq H3K4me1	.	Histone ChIP-seq	UBERON:0002370	thymus	tissue	embryonic		encode	single	False	1.824151873588562	chip_histone		H3K4me1
UBERON:0002370 Histone ChIP-seq H3K4me3	.	Histone ChIP-seq	UBERON:0002370	thymus	tissue	embryonic		encode	single	False	1.1562947034835815	chip_histone		H3K4me3
UBERON:0002370 Histone ChIP-seq H3K9me3	.	Histone ChIP-seq	UBERON:0002370	thymus	tissue	embryonic		encode	single	False	1.4777132272720337	chip_histone		H3K9me3
UBERON:0002686 Histone ChIP-seq H3K27ac	.	Histone ChIP-seq	UBERON:0002686	angular gyrus	tissue	adult		encode	single	False	0.9001856446266174	chip_histone		H3K27ac
UBERON:0002686 Histone ChIP-seq H3K36me3	.	Histone ChIP-seq	UBERON:0002686	angular gyrus	tissue	adult		encode	single	False	0.8129374980926514	chip_histone		H3K36me3
UBERON:0002686 Histone ChIP-seq H3K4me1	.	Histone ChIP-seq	UBERON:0002686	angular gyrus	tissue	adult		encode	single	False	0.8170185089111328	chip_histone		H3K4me1
UBERON:0002686 Histone ChIP-seq H3K4me3	.	Histone ChIP-seq	UBERON:0002686	angular gyrus	tissue	adult		encode	single	False	0.8224157094955444	chip_histone		H3K4me3
UBERON:0002686 Histone ChIP-seq H3K9ac	.	Histone ChIP-seq	UBERON:0002686	angular gyrus	tissue	adult		encode	single	False	1.0026452541351318	chip_histone		H3K9ac
UBERON:0002967 Histone ChIP-seq H3K27ac	.	Histone ChIP-seq	UBERON:0002967	cingulate gyrus	tissue	adult		encode	single	False	0.8721300959587097	chip_histone		H3K27ac
UBERON:0002967 Histone ChIP-seq H3K36me3	.	Histone ChIP-seq	UBERON:0002967	cingulate gyrus	tissue	adult		encode	single	False	0.8179123401641846	chip_histone		H3K36me3
UBERON:0002967 Histone ChIP-seq H3K4me1	.	Histone ChIP-seq	UBERON:0002967	cingulate gyrus	tissue	adult		encode	single	False	0.8339878916740417	chip_histone		H3K4me1
UBERON:0002967 Histone ChIP-seq H3K4me3	.	Histone ChIP-seq	UBERON:0002967	cingulate gyrus	tissue	adult		encode	single	False	0.8354508876800537	chip_histone		H3K4me3
UBERON:0002967 Histone ChIP-seq H3K9ac	.	Histone ChIP-seq	UBERON:0002967	cingulate gyrus	tissue	adult		encode	single	False	1.1167891025543213	chip_histone		H3K9ac
UBERON:0003124 Histone ChIP-seq H3K27ac	.	Histone ChIP-seq	UBERON:0003124	chorion	tissue	embryonic		encode	single	False	1.1212384700775146	chip_histone		H3K27ac
UBERON:0003124 Histone ChIP-seq H3K36me3	.	Histone ChIP-seq	UBERON:0003124	chorion	tissue	embryonic		encode	single	False	1.0928360223770142	chip_histone		H3K36me3
UBERON:0003124 Histone ChIP-seq H3K4me1	.	Histone ChIP-seq	UBERON:0003124	chorion	tissue	embryonic		encode	single	False	1.134663701057434	chip_histone		H3K4me1
UBERON:0003124 Histone ChIP-seq H3K4me3	.	Histone ChIP-seq	UBERON:0003124	chorion	tissue	embryonic		encode	single	False	1.0205134153366089	chip_histone		H3K4me3
UBERON:0003346 Histone ChIP-seq H3K27ac	.	Histone ChIP-seq	UBERON:0003346	mucosa of rectum	tissue	adult		encode	single	False	1.2068597078323364	chip_histone		H3K27ac
UBERON:0003346 Histone ChIP-seq H3K36me3	.	Histone ChIP-seq	UBERON:0003346	mucosa of rectum	tissue	adult		encode	single	False	0.8918594121932983	chip_histone		H3K36me3
UBERON:0003346 Histone ChIP-seq H3K4me1	.	Histone ChIP-seq	UBERON:0003346	mucosa of rectum	tissue	adult		encode	single	False	0.9211472272872925	chip_histone		H3K4me1
UBERON:0003346 Histone ChIP-seq H3K4me3	.	Histone ChIP-seq	UBERON:0003346	mucosa of rectum	tissue	adult		encode	single	False	0.9614381790161133	chip_histone		H3K4me3
UBERON:0003346 Histone ChIP-seq H3K9ac	.	Histone ChIP-seq	UBERON:0003346	mucosa of rectum	tissue	adult		encode	single	False	0.8959307074546814	chip_histone		H3K9ac
UBERON:0004222 Histone ChIP-seq H3K27ac	.	Histone ChIP-seq	UBERON:0004222	stomach smooth muscle	tissue	adult		encode	single	False	1.061765193939209	chip_histone		H3K27ac
UBERON:0004222 Histone ChIP-seq H3K27me3	.	Histone ChIP-seq	UBERON:0004222	stomach smooth muscle	tissue	adult		encode	single	False	0.8521047234535217	chip_histone		H3K27me3
UBERON:0004222 Histone ChIP-seq H3K36me3	.	Histone ChIP-seq	UBERON:0004222	stomach smooth muscle	tissue	adult		encode	single	False	0.826144814491272	chip_histone		H3K36me3
UBERON:0004222 Histone ChIP-seq H3K4me1	.	Histone ChIP-seq	UBERON:0004222	stomach smooth muscle	tissue	adult		encode	single	False	1.913686752319336	chip_histone		H3K4me1
UBERON:0004222 Histone ChIP-seq H3K4me3	.	Histone ChIP-seq	UBERON:0004222	stomach smooth muscle	tissue	adult		encode	single	False	0.9053452610969543	chip_histone		H3K4me3
UBERON:0004222 Histone ChIP-seq H3K9ac	.	Histone ChIP-seq	UBERON:0004222	stomach smooth muscle	tissue	adult		encode	single	False	0.7713716626167297	chip_histone		H3K9ac
UBERON:0004550 Histone ChIP-seq H3K27ac	.	Histone ChIP-seq	UBERON:0004550	gastroesophageal sphincter	tissue	adult		encode	single	False	1.4019594192504883	chip_histone		H3K27ac
UBERON:0004550 Histone ChIP-seq H3K27me3	.	Histone ChIP-seq	UBERON:0004550	gastroesophageal sphincter	tissue	adult		encode	single	False	0.860275387763977	chip_histone		H3K27me3
UBERON:0004550 Histone ChIP-seq H3K36me3	.	Histone ChIP-seq	UBERON:0004550	gastroesophageal sphincter	tissue	adult		encode	single	False	0.9105188250541687	chip_histone		H3K36me3
UBERON:0004550 Histone ChIP-seq H3K4me1	.	Histone ChIP-seq	UBERON:0004550	gastroesophageal sphincter	tissue	adult		encode	single	False	0.8863487243652344	chip_histone		H3K4me1
UBERON:0004550 Histone ChIP-seq H3K4me3	.	Histone ChIP-seq	UBERON:0004550	gastroesophageal sphincter	tissue	adult		encode	single	False	0.7414591312408447	chip_histone		H3K4me3
UBERON:0004550 Histone ChIP-seq H3K9me3	.	Histone ChIP-seq	UBERON:0004550	gastroesophageal sphincter	tissue	adult		encode	single	False	0.8467487692832947	chip_histone		H3K9me3
UBERON:0004648 Histone ChIP-seq H3K27ac	.	Histone ChIP-seq	UBERON:0004648	esophagus muscularis mucosa	tissue	adult		encode	single	False	0.7982273697853088	chip_histone		H3K27ac
UBERON:0004648 Histone ChIP-seq H3K27me3	.	Histone ChIP-seq	UBERON:0004648	esophagus muscularis mucosa	tissue	adult		encode	single	False	0.9206722378730774	chip_histone		H3K27me3
UBERON:0004648 Histone ChIP-seq H3K36me3	.	Histone ChIP-seq	UBERON:0004648	esophagus muscularis mucosa	tissue	adult		encode	single	False	0.816602349281311	chip_histone		H3K36me3
UBERON:0004648 Histone ChIP-seq H3K4me1	.	Histone ChIP-seq	UBERON:0004648	esophagus muscularis mucosa	tissue	adult		encode	single	False	0.8247384428977966	chip_histone		H3K4me1
UBERON:0004648 Histone ChIP-seq H3K4me3	.	Histone ChIP-seq	UBERON:0004648	esophagus muscularis mucosa	tissue	adult		encode	single	False	0.7969858050346375	chip_histone		H3K4me3
UBERON:0004648 Histone ChIP-seq H3K9me3	.	Histone ChIP-seq	UBERON:0004648	esophagus muscularis mucosa	tissue	adult		encode	single	False	0.8506141304969788	chip_histone		H3K9me3
UBERON:0004992 Histone ChIP-seq H3K4me1	.	Histone ChIP-seq	UBERON:0004992	mucosa of descending colon	tissue	adult		encode	single	False	0.9400363564491272	chip_histone		H3K4me1
UBERON:0004992 Histone ChIP-seq H3K4me3	.	Histone ChIP-seq	UBERON:0004992	mucosa of descending colon	tissue	adult		encode	single	False	0.9843800067901611	chip_histone		H3K4me3
UBERON:0004992 Histone ChIP-seq H3K9me3	.	Histone ChIP-seq	UBERON:0004992	mucosa of descending colon	tissue	adult		encode	single	False	1.0794081687927246	chip_histone		H3K9me3
UBERON:0006631 Histone ChIP-seq H3K27ac	.	Histone ChIP-seq	UBERON:0006631	right atrium auricular region	tissue	adult		encode	single	False	1.5091086626052856	chip_histone		H3K27ac
UBERON:0006631 Histone ChIP-seq H3K36me3	.	Histone ChIP-seq	UBERON:0006631	right atrium auricular region	tissue	adult		encode	single	False	0.8356142640113831	chip_histone		H3K36me3
UBERON:0006631 Histone ChIP-seq H3K4me1	.	Histone ChIP-seq	UBERON:0006631	right atrium auricular region	tissue	adult		encode	single	False	0.8639379739761353	chip_histone		H3K4me1
UBERON:0006631 Histone ChIP-seq H3K4me3	.	Histone ChIP-seq	UBERON:0006631	right atrium auricular region	tissue	adult		encode	single	False	1.0309559106826782	chip_histone		H3K4me3
UBERON:0006631 Histone ChIP-seq H3K9me3	.	Histone ChIP-seq	UBERON:0006631	right atrium auricular region	tissue	adult		encode	single	False	0.843159556388855	chip_histone		H3K9me3
UBERON:0006920 Histone ChIP-seq H3K27ac	.	Histone ChIP-seq	UBERON:0006920	esophagus squamous epithelium	tissue	adult		encode	single	False	1.224211573600769	chip_histone		H3K27ac
UBERON:0006920 Histone ChIP-seq H3K27me3	.	Histone ChIP-seq	UBERON:0006920	esophagus squamous epithelium	tissue	adult		encode	single	False	0.9047441482543945	chip_histone		H3K27me3
UBERON:0006920 Histone ChIP-seq H3K36me3	.	Histone ChIP-seq	UBERON:0006920	esophagus squamous epithelium	tissue	adult		encode	single	False	0.8787626624107361	chip_histone		H3K36me3
UBERON:0006920 Histone ChIP-seq H3K4me1	.	Histone ChIP-seq	UBERON:0006920	esophagus squamous epithelium	tissue	adult		encode	single	False	0.8141622543334961	chip_histone		H3K4me1
UBERON:0006920 Histone ChIP-seq H3K4me3	.	Histone ChIP-seq	UBERON:0006920	esophagus squamous epithelium	tissue	adult		encode	single	False	0.8070417642593384	chip_histone		H3K4me3
UBERON:0006920 Histone ChIP-seq H3K9me3	.	Histone ChIP-seq	UBERON:0006920	esophagus squamous epithelium	tissue	adult		encode	single	False	0.8435921669006348	chip_histone		H3K9me3
UBERON:0007106 Histone ChIP-seq H3K27ac	.	Histone ChIP-seq	UBERON:0007106	chorionic villus	tissue	embryonic		encode	single	False	1.0513697862625122	chip_histone		H3K27ac
UBERON:0007610 Histone ChIP-seq H3K27ac	.	Histone ChIP-seq	UBERON:0007610	tibial artery	tissue	adult		encode	single	False	0.7654767036437988	chip_histone		H3K27ac
UBERON:0007610 Histone ChIP-seq H3K27me3	.	Histone ChIP-seq	UBERON:0007610	tibial artery	tissue	adult		encode	single	False	0.8302474021911621	chip_histone		H3K27me3
UBERON:0007610 Histone ChIP-seq H3K36me3	.	Histone ChIP-seq	UBERON:0007610	tibial artery	tissue	adult		encode	single	False	0.8503223657608032	chip_histone		H3K36me3
UBERON:0007610 Histone ChIP-seq H3K4me1	.	Histone ChIP-seq	UBERON:0007610	tibial artery	tissue	adult		encode	single	False	0.7865008115768433	chip_histone		H3K4me1
UBERON:0007610 Histone ChIP-seq H3K4me3	.	Histone ChIP-seq	UBERON:0007610	tibial artery	tissue	adult		encode	single	False	0.7735725045204163	chip_histone		H3K4me3
UBERON:0007610 Histone ChIP-seq H3K9me3	.	Histone ChIP-seq	UBERON:0007610	tibial artery	tissue	adult		encode	single	False	0.9169700741767883	chip_histone		H3K9me3
UBERON:0008367 Histone ChIP-seq H3K27ac	.	Histone ChIP-seq	UBERON:0008367	breast epithelium	tissue	adult		encode	single	False	0.7933363914489746	chip_histone		H3K27ac
UBERON:0008367 Histone ChIP-seq H3K27me3	.	Histone ChIP-seq	UBERON:0008367	breast epithelium	tissue	adult		encode	single	False	0.8398851156234741	chip_histone		H3K27me3
UBERON:0008367 Histone ChIP-seq H3K36me3	.	Histone ChIP-seq	UBERON:0008367	breast epithelium	tissue	adult		encode	single	False	0.8763333559036255	chip_histone		H3K36me3
UBERON:0008367 Histone ChIP-seq H3K4me3	.	Histone ChIP-seq	UBERON:0008367	breast epithelium	tissue	adult		encode	single	False	0.8072652816772461	chip_histone		H3K4me3
UBERON:0008367 Histone ChIP-seq H3K9me3	.	Histone ChIP-seq	UBERON:0008367	breast epithelium	tissue	adult		encode	single	False	0.8470003604888916	chip_histone		H3K9me3
UBERON:0008450 Histone ChIP-seq H3K27ac	.	Histone ChIP-seq	UBERON:0008450	psoas muscle	tissue	adult		encode	single	False	0.9119850397109985	chip_histone		H3K27ac
UBERON:0008450 Histone ChIP-seq H3K27me3	.	Histone ChIP-seq	UBERON:0008450	psoas muscle	tissue	adult		encode	single	False	0.8814289569854736	chip_histone		H3K27me3
UBERON:0008450 Histone ChIP-seq H3K36me3	.	Histone ChIP-seq	UBERON:0008450	psoas muscle	tissue	adult		encode	single	False	0.9716756343841553	chip_histone		H3K36me3
UBERON:0008450 Histone ChIP-seq H3K4me1	.	Histone ChIP-seq	UBERON:0008450	psoas muscle	tissue	adult		encode	single	False	0.8452923893928528	chip_histone		H3K4me1
UBERON:0008450 Histone ChIP-seq H3K4me3	.	Histone ChIP-seq	UBERON:0008450	psoas muscle	tissue	adult		encode	single	False	0.7766005396842957	chip_histone		H3K4me3
UBERON:0008952 Histone ChIP-seq H3K27ac	.	Histone ChIP-seq	UBERON:0008952	upper lobe of left lung	tissue	adult		encode	single	False	0.8779808282852173	chip_histone		H3K27ac
UBERON:0008952 Histone ChIP-seq H3K36me3	.	Histone ChIP-seq	UBERON:0008952	upper lobe of left lung	tissue	adult		encode	single	False	0.8125616908073425	chip_histone		H3K36me3
UBERON:0008952 Histone ChIP-seq H3K4me1	.	Histone ChIP-seq	UBERON:0008952	upper lobe of left lung	tissue	adult		encode	single	False	0.8664360642433167	chip_histone		H3K4me1
UBERON:0008952 Histone ChIP-seq H3K4me3	.	Histone ChIP-seq	UBERON:0008952	upper lobe of left lung	tissue	adult		encode	single	False	0.8021848201751709	chip_histone		H3K4me3
UBERON:0008953 Histone ChIP-seq H3K27ac	.	Histone ChIP-seq	UBERON:0008953	lower lobe of left lung	tissue	adult		encode	single	False	0.8131684064865112	chip_histone		H3K27ac
UBERON:0008953 Histone ChIP-seq H3K27me3	.	Histone ChIP-seq	UBERON:0008953	lower lobe of left lung	tissue	adult		encode	single	False	0.8400024771690369	chip_histone		H3K27me3
UBERON:0008953 Histone ChIP-seq H3K36me3	.	Histone ChIP-seq	UBERON:0008953	lower lobe of left lung	tissue	adult		encode	single	False	0.8133916854858398	chip_histone		H3K36me3
UBERON:0008953 Histone ChIP-seq H3K4me1	.	Histone ChIP-seq	UBERON:0008953	lower lobe of left lung	tissue	adult		encode	single	False	0.8141807317733765	chip_histone		H3K4me1
UBERON:0008953 Histone ChIP-seq H3K4me3	.	Histone ChIP-seq	UBERON:0008953	lower lobe of left lung	tissue	adult		encode	single	False	0.8252076506614685	chip_histone		H3K4me3
UBERON:0008953 Histone ChIP-seq H3K9me3	.	Histone ChIP-seq	UBERON:0008953	lower lobe of left lung	tissue	adult		encode	single	False	0.8201392889022827	chip_histone		H3K9me3
UBERON:0009834 Histone ChIP-seq H3K27ac	.	Histone ChIP-seq	UBERON:0009834	dorsolateral prefrontal cortex	tissue	adult		encode	single	False	0.7915490865707397	chip_histone		H3K27ac
UBERON:0009834 Histone ChIP-seq H3K27me3	.	Histone ChIP-seq	UBERON:0009834	dorsolateral prefrontal cortex	tissue	adult		encode	single	False	0.8048524856567383	chip_histone		H3K27me3
UBERON:0009834 Histone ChIP-seq H3K36me3	.	Histone ChIP-seq	UBERON:0009834	dorsolateral prefrontal cortex	tissue	adult		encode	single	False	0.8312941193580627	chip_histone		H3K36me3
UBERON:0009834 Histone ChIP-seq H3K4me1	.	Histone ChIP-seq	UBERON:0009834	dorsolateral prefrontal cortex	tissue	adult		encode	single	False	0.8213521838188171	chip_histone		H3K4me1
UBERON:0009834 Histone ChIP-seq H3K4me3	.	Histone ChIP-seq	UBERON:0009834	dorsolateral prefrontal cortex	tissue	adult		encode	single	False	0.795435905456543	chip_histone		H3K4me3
UBERON:0009834 Histone ChIP-seq H3K9ac	.	Histone ChIP-seq	UBERON:0009834	dorsolateral prefrontal cortex	tissue	adult		encode	single	False	1.0359257459640503	chip_histone		H3K9ac
UBERON:0011907 Histone ChIP-seq H3K27ac	.	Histone ChIP-seq	UBERON:0011907	gastrocnemius medialis	tissue	adult		encode	single	False	0.7793625593185425	chip_histone		H3K27ac
UBERON:0011907 Histone ChIP-seq H3K27me3	.	Histone ChIP-seq	UBERON:0011907	gastrocnemius medialis	tissue	adult		encode	single	False	1.0060234069824219	chip_histone		H3K27me3
UBERON:0011907 Histone ChIP-seq H3K36me3	.	Histone ChIP-seq	UBERON:0011907	gastrocnemius medialis	tissue	adult		encode	single	False	0.8559026122093201	chip_histone		H3K36me3
UBERON:0011907 Histone ChIP-seq H3K4me1	.	Histone ChIP-seq	UBERON:0011907	gastrocnemius medialis	tissue	adult		encode	single	False	0.7837246656417847	chip_histone		H3K4me1
UBERON:0011907 Histone ChIP-seq H3K4me3	.	Histone ChIP-seq	UBERON:0011907	gastrocnemius medialis	tissue	adult		encode	single	False	0.7359679341316223	chip_histone		H3K4me3
UBERON:0012488 Histone ChIP-seq H3K27ac	.	Histone ChIP-seq	UBERON:0012488	muscle layer of duodenum	tissue	adult		encode	single	False	0.988544225692749	chip_histone		H3K27ac
UBERON:0012488 Histone ChIP-seq H3K36me3	.	Histone ChIP-seq	UBERON:0012488	muscle layer of duodenum	tissue	adult		encode	single	False	0.8478550910949707	chip_histone		H3K36me3
UBERON:0012488 Histone ChIP-seq H3K4me1	.	Histone ChIP-seq	UBERON:0012488	muscle layer of duodenum	tissue	adult		encode	single	False	1.4443985223770142	chip_histone		H3K4me1
UBERON:0012488 Histone ChIP-seq H3K4me3	.	Histone ChIP-seq	UBERON:0012488	muscle layer of duodenum	tissue	adult		encode	single	False	0.8497915267944336	chip_histone		H3K4me3
UBERON:0012488 Histone ChIP-seq H3K9me3	.	Histone ChIP-seq	UBERON:0012488	muscle layer of duodenum	tissue	adult		encode	single	False	1.749129295349121	chip_histone		H3K9me3
UBERON:0012489 Histone ChIP-seq H3K27ac	.	Histone ChIP-seq	UBERON:0012489	muscle layer of colon	tissue	adult		encode	single	False	1.6868175268173218	chip_histone		H3K27ac
UBERON:0012489 Histone ChIP-seq H3K36me3	.	Histone ChIP-seq	UBERON:0012489	muscle layer of colon	tissue	adult		encode	single	False	0.9592627882957458	chip_histone		H3K36me3
UBERON:0012489 Histone ChIP-seq H3K4me1	.	Histone ChIP-seq	UBERON:0012489	muscle layer of colon	tissue	adult		encode	single	False	0.9385117888450623	chip_histone		H3K4me1
UBERON:0012489 Histone ChIP-seq H3K4me3	.	Histone ChIP-seq	UBERON:0012489	muscle layer of colon	tissue	adult		encode	single	False	0.8421162962913513	chip_histone		H3K4me3
UBERON:0012489 Histone ChIP-seq H3K9ac	.	Histone ChIP-seq	UBERON:0012489	muscle layer of colon	tissue	adult		encode	single	False	0.8927491307258606	chip_histone		H3K9ac
UBERON:0014455 Histone ChIP-seq H3K27ac	.	Histone ChIP-seq	UBERON:0014455	subcutaneous abdominal adipose tissue	tissue	adult		encode	single	False	1.372426986694336	chip_histone		H3K27ac
UBERON:0014455 Histone ChIP-seq H3K27me3	.	Histone ChIP-seq	UBERON:0014455	subcutaneous abdominal adipose tissue	tissue	adult		encode	single	False	0.7572541832923889	chip_histone		H3K27me3
UBERON:0014455 Histone ChIP-seq H3K36me3	.	Histone ChIP-seq	UBERON:0014455	subcutaneous abdominal adipose tissue	tissue	adult		encode	single	False	0.7747286558151245	chip_histone		H3K36me3
UBERON:0014455 Histone ChIP-seq H3K4me1	.	Histone ChIP-seq	UBERON:0014455	subcutaneous abdominal adipose tissue	tissue	adult		encode	single	False	0.8434963822364807	chip_histone		H3K4me1
UBERON:0014455 Histone ChIP-seq H3K4me3	.	Histone ChIP-seq	UBERON:0014455	subcutaneous abdominal adipose tissue	tissue	adult		encode	single	False	0.7925373911857605	chip_histone		H3K4me3
UBERON:0014455 Histone ChIP-seq H3K9ac	.	Histone ChIP-seq	UBERON:0014455	subcutaneous abdominal adipose tissue	tissue	adult		encode	single	False	0.7789035439491272	chip_histone		H3K9ac
UBERON:0014455 Histone ChIP-seq H3K9me3	.	Histone ChIP-seq	UBERON:0014455	subcutaneous abdominal adipose tissue	tissue	adult		encode	single	False	0.8017343878746033	chip_histone		H3K9me3
UBERON:0018112 Histone ChIP-seq H3K27ac	.	Histone ChIP-seq	UBERON:0018112	rectal smooth muscle tissue	tissue	adult		encode	single	False	1.4903203248977661	chip_histone		H3K27ac
UBERON:0018112 Histone ChIP-seq H3K36me3	.	Histone ChIP-seq	UBERON:0018112	rectal smooth muscle tissue	tissue	adult		encode	single	False	1.1542083024978638	chip_histone		H3K36me3
UBERON:0018112 Histone ChIP-seq H3K4me1	.	Histone ChIP-seq	UBERON:0018112	rectal smooth muscle tissue	tissue	adult		encode	single	False	0.9858405590057373	chip_histone		H3K4me1
UBERON:0018112 Histone ChIP-seq H3K4me3	.	Histone ChIP-seq	UBERON:0018112	rectal smooth muscle tissue	tissue	adult		encode	single	False	1.2279937267303467	chip_histone		H3K4me3
UBERON:0036149 Histone ChIP-seq H3K27ac	.	Histone ChIP-seq	UBERON:0036149	suprapubic skin	tissue	adult		encode	single	False	0.8285009860992432	chip_histone		H3K27ac
UBERON:0036149 Histone ChIP-seq H3K27me3	.	Histone ChIP-seq	UBERON:0036149	suprapubic skin	tissue	adult		encode	single	False	0.8321241736412048	chip_histone		H3K27me3
UBERON:0036149 Histone ChIP-seq H3K36me3	.	Histone ChIP-seq	UBERON:0036149	suprapubic skin	tissue	adult		encode	single	False	0.8314632773399353	chip_histone		H3K36me3
UBERON:0036149 Histone ChIP-seq H3K4me1	.	Histone ChIP-seq	UBERON:0036149	suprapubic skin	tissue	adult		encode	single	False	0.8719038963317871	chip_histone		H3K4me1
UBERON:0036149 Histone ChIP-seq H3K4me3	.	Histone ChIP-seq	UBERON:0036149	suprapubic skin	tissue	adult		encode	single	False	0.9653574824333191	chip_histone		H3K4me3
