motif_id	motif_alt_id	sequence_name	start	stop	strand	score	p-value	q-value	matched_sequence
MA1596.1	ZNF460	bg17	179	194	-	28.4831	9.8e-11	8.27e-07	GCCTCAGCCTCCCGAG
MA1596.1	ZNF460	bg09	38	53	-	25.4494	2.21e-09	9.34e-06	ACCTCCGCCTCCCGGG
MA1596.1	ZNF460	bg09	6	21	-	22.9326	1.54e-08	3.48e-05	GCCTCAGCCTCCTGAG
MA1596.1	ZNF460	bg17	73	88	-	22.8764	1.65e-08	3.48e-05	GCCTCAGCCTCCCCAA
MA1596.1	ZNF460	bg19	2	17	+	20.4045	8.33e-08	0.000132	GCCTCAGCCTCCTGAA
MA1596.1	ZNF460	bg06	47	62	+	20.2135	9.44e-08	0.000132	GCCTCTGCCTCCCAGC
MA1596.1	ZNF460	bg19	109	124	-	19.9663	1.09e-07	0.000132	CCCTCAGCCTCCTGAG
MA1723.2	PRDM9	bg11	110	129	-	19.5306	1.36e-07	0.00146	AGAGGCCAGGGAGGTGAGAG
MA2122.1	Ebf4	bg27	186	196	+	19.9007	1.38e-07	0.00157	TCCCCAGGGGA
MA0154.5	EBF1	bg27	186	196	+	19.7518	1.38e-07	0.00152	TCCCCAGGGGA
MA1987.2	ZNF701	bg13	67	83	-	19.1284	2.07e-07	0.00219	GAGCATGGCAGGGGGAA
MA0149.1	EWSR1-FLI1	bg26	7	24	+	7.97368	2.84e-07	0.00267	GGAAGGAGGGAGGCAGGG
MA1573.2	Thap11	bg29	156	169	+	18.7156	2.95e-07	0.00357	ACTACAAGCCCCAG
MA1418.2	IRF3	bg05	122	138	-	17.7683	3.07e-07	0.00382	GAGAAGGAAACTGATAC
MA1716.2	ZNF76	bg29	164	180	+	18.1724	4.36e-07	0.00461	CCCCAGAAGGCAATGCG
MA0149.1	EWSR1-FLI1	bg26	6	23	+	6.88158	4.72e-07	0.00267	GGGAAGGAGGGAGGCAGG
MA2330.1	ZBTB24	bg24	148	157	-	17.488	5.03e-07	0.00505	CCCAGGACCC
MA0154.5	EBF1	bg27	186	196	-	17.4965	5.58e-07	0.00308	TCCCCTGGGGA
MA1723.2	PRDM9	bg26	3	22	+	17.6837	6.2e-07	0.00335	GATGGGAAGGAGGGAGGCAG
MA0149.1	EWSR1-FLI1	bg20	129	146	+	5.81579	7.27e-07	0.00274	GGGAGAGACGAAGGAAGG
MA1656.2	ZNF449	bg27	90	99	+	17.8716	7.46e-07	0.0073	AAGCCCAACC
MA0599.1	KLF5	bg28	207	216	+	16.6735	7.52e-07	0.00856	GCCCCACCCC
MA0029.2	Mecom	bg16	21	31	+	18.7528	8.2e-07	0.0105	AGACAAGATAA
MA1976.2	ZNF320	bg08	137	156	-	16.8539	8.38e-07	0.00829	CGGGCACCCAGGGGACAGTG
MA2122.1	Ebf4	bg27	186	196	-	17.1206	8.39e-07	0.00477	TCCCCTGGGGA
MA0728.1	Nr2F6	bg23	133	147	-	12.2143	9.1e-07	0.0114	AAGGGCAGGAGGTCA
MA1531.2	NR1D1	bg23	133	146	-	17.0192	9.88e-07	0.0117	AGGGCAGGAGGTCA
MA0073.2	RREB1	bg13	195	213	+	15.4862	1.02e-06	0.0117	TCCCCAACCACCCCACCCA
MA1930.2	CTCF	bg27	18	50	+	15.7248	1.15e-06	0.0104	CTGTTCTGCTCATCTCTGTCCAGAAGAGGGTCA
MA1990.2	Gli1	bg20	23	32	-	17.1206	1.36e-06	0.0147	GGACCACCCA
MA1656.2	ZNF449	bg27	134	143	+	16.9266	1.36e-06	0.0073	CAGCCCAACC
MA1599.2	ZNF682	bg24	196	206	-	16.5447	1.38e-06	0.0135	GGCAAAGCCCC
MA1981.2	ZNF530	bg01	16	29	-	16.6122	1.46e-06	0.0149	GAAAGGGAAGAGGC
MA0810.2	TFAP2A	bg12	181	191	+	15.4545	1.49e-06	0.0125	TGCCCTCAGGC
MA0858.1	Rarb	bg13	165	181	-	11.3636	1.59e-06	0.0185	AGGTGATACAAAGGCCA
MA1587.1	ZNF135	bg17	180	193	-	16.0408	1.6e-06	0.00472	CCTCAGCCTCCCGA
MA1587.1	ZNF135	bg19	3	16	+	15.9184	1.72e-06	0.00472	CCTCAGCCTCCTGA
MA1587.1	ZNF135	bg09	7	20	-	15.9184	1.72e-06	0.00472	CCTCAGCCTCCTGA
MA1587.1	ZNF135	bg19	110	123	-	15.9184	1.72e-06	0.00472	CCTCAGCCTCCTGA
MA0811.2	TFAP2B	bg20	69	79	+	15.3091	1.73e-06	0.0163	GCCCTGAGGCA
MA1653.2	ZNF148	bg27	107	116	+	16.102	1.74e-06	0.0124	CCCCTCCCCT
MA0138.3	REST	bg12	161	180	-	14.1122	1.76e-06	0.0178	GCAGCAGGATGGACAGGACC
MA0857.1	Rarb	bg23	133	148	-	9.62069	1.9e-06	0.0229	CAAGGGCAGGAGGTCA
MA0524.3	TFAP2C	bg20	69	79	+	15.0918	2.12e-06	0.0152	GCCCTGAGGCA
MA1529.2	NHLH2	bg28	182	197	-	15.5306	2.17e-06	0.0214	GGGCCCAGCTGCGCGG
MA1976.2	ZNF320	bg07	88	107	-	15.1236	2.3e-06	0.0114	GGGGGTGCAGAGGGCTGGGC
MA0653.1	IRF9	bg05	121	135	-	10.3273	2.35e-06	0.0296	AAGGAAACTGATACC
MA1961.2	PATZ1	bg28	207	217	-	16.3034	2.41e-06	0.0107	CGGGGTGGGGC
MA0859.2	Rarg	bg23	133	147	-	10.4894	2.46e-06	0.0276	AAGGGCAGGAGGTCA
MA1587.1	ZNF135	bg09	39	52	-	15.2551	2.49e-06	0.00547	CCTCCGCCTCCCGG
MA0747.2	SP8	bg04	18	28	-	15.5395	2.51e-06	0.0288	CCACTCCCACT
MA1961.2	PATZ1	bg24	190	200	+	16.236	2.52e-06	0.0107	GGAGGAGGGGC
MA1730.2	ZNF708	bg23	84	92	-	16.8716	2.72e-06	0.0303	GCTGTGCCT
MA1652.2	ZKSCAN5	bg11	112	120	-	16.4587	2.72e-06	0.032	GGAGGTGAG
MA1629.2	Zic2	bg24	24	32	-	16.8211	2.72e-06	0.0298	CACAGCAGG
MA0734.4	Gli2	bg20	23	31	-	17.1193	2.72e-06	0.0285	GACCACCCA
MA1714.2	ZNF675	bg11	131	149	-	15.2889	2.78e-06	0.0337	AGCAAGGGAGGCCAAAAAG
MA1987.2	ZNF701	bg05	184	200	-	15.2385	2.97e-06	0.0156	GAGGGGCTGGGGGAGGA
MA0730.1	RARA	bg13	165	181	-	12.2787	3.09e-06	0.0347	AGGTGATACAAAGGCCA
MA1712.2	ZNF454	bg15	77	93	-	15.1463	3.25e-06	0.0278	GGCTCCTGGTTCCTGTC
MA0092.2	Hand1::Tcf3	bg03	106	114	+	13.9101	3.31e-06	0.0425	GTCTGGCAT
MA0822.1	HES7	bg23	93	104	-	13.1379	3.36e-06	0.0332	TGGCACATGCCA
MA0524.3	TFAP2C	bg12	181	191	-	14.6633	3.42e-06	0.0152	GCCTGAGGGCA
MA1576.2	THRB	bg27	106	123	+	13.2143	3.54e-06	0.0252	TCCCCTCCCCTGACCCCA
MA1596.1	ZNF460	element	180	195	-	13.382	3.58e-06	0.00378	GGCTCCGCATCCCGGG
MA1627.2	Wt1	bg05	185	194	+	15.4309	3.76e-06	0.0381	CCTCCCCCAG
MA1723.2	PRDM9	bg06	48	67	-	14.9388	3.99e-06	0.0143	GAGGGGCTGGGAGGCAGAGG
MA1625.2	Stat5b	bg07	167	175	+	16.3578	4.03e-06	0.0522	TTCCCAGAA
MA0519.2	Stat5a::Stat5b	bg07	167	175	+	15.1224	4.03e-06	0.0522	TTCCCAGAA
MA0144.3	STAT3	bg07	167	175	-	15.2041	4.03e-06	0.0522	TTCTGGGAA
MA1653.2	ZNF148	bg23	169	178	-	15.5816	4.09e-06	0.0124	CCCCTCCTCC
MA1653.2	ZNF148	bg24	190	199	-	15.5816	4.09e-06	0.0124	CCCCTCCTCC
MA1979.2	ZNF416	bg28	193	202	-	15.1	4.22e-06	0.0468	TATCTGGGCC
MA0146.3	Zfx	bg21	132	141	-	15.3636	4.28e-06	0.0218	GCCTGGGCCT
MA1933.2	ELK1::SREBF2	bg05	94	108	-	14.129	4.36e-06	0.0454	TTGGAAGTCGGGTGA
MA1656.2	ZNF449	bg29	66	75	+	15.1651	4.4e-06	0.0158	AAGCCCAGCC
MA0814.3	TFAP2C	bg20	70	78	+	15.2033	4.46e-06	0.019	CCCTGAGGC
MA0814.3	TFAP2C	bg12	135	143	-	15.2033	4.46e-06	0.019	CCCTGAGGC
MA0003.5	TFAP2A	bg20	70	78	-	15.2195	4.46e-06	0.0212	GCCTCAGGG
MA0003.5	TFAP2A	bg12	135	143	+	15.2195	4.46e-06	0.0212	GCCTCAGGG
MA1630.3	ZNF281	bg23	169	178	+	15.0112	4.51e-06	0.0244	GGAGGAGGGG
MA1630.3	ZNF281	bg24	190	199	+	15.0112	4.51e-06	0.0244	GGAGGAGGGG
MA1576.2	THRB	bg07	44	61	+	12.5857	4.57e-06	0.0252	TGACCGTCCGTGTTCTCA
MA1930.2	CTCF	bg08	124	156	+	13.0917	4.65e-06	0.021	AAGCAGTGGTAGCCACTGTCCCCTGGGTGCCCG
MA0811.2	TFAP2B	bg12	181	191	-	14.4727	4.74e-06	0.0223	GCCTGAGGGCA
MA1969.2	THRA	bg17	92	109	-	13.4605	4.81e-06	0.0559	CTGACCTCAGGTGATCCA
MA0494.2	Nr1h3::Rxra	bg17	93	108	-	14.6452	4.87e-06	0.0609	TGACCTCAGGTGATCC
MA1541.2	NR6A1	bg23	141	154	-	14.629	4.9e-06	0.062	CAGGGCCAAGGGCA
MA1527.2	NFIC	bg15	123	137	+	13.8103	4.99e-06	0.0528	TTGGCTCAGTGGCAG
MA1643.2	NFIB	bg15	122	138	-	13.6224	5.1e-06	0.0528	TCTGCCACTGAGCCAAG
MA1511.2	KLF10	bg28	208	216	-	15.2022	5.17e-06	0.0576	GGGGTGGGG
MA0685.2	SP4	bg27	107	115	-	15.8539	5.17e-06	0.0547	GGGGAGGGG
MA0079.5	SP1	bg27	107	115	-	16.0612	5.17e-06	0.0504	GGGGAGGGG
MA0816.1	Ascl2	bg02	135	144	+	14.8429	5.28e-06	0.0661	ACCAGCTGCT
MA2121.1	ZNF213	bg21	134	145	+	14.4715	5.32e-06	0.0245	GCCCAGGCTACA
MA2125.1	Zfp809	bg11	164	172	+	15.7317	5.43e-06	0.0641	TTCCCAGCC
MA0017.3	NR2F1	bg13	99	110	-	14.8269	5.88e-06	0.0669	AAAGGTCAGGTG
MA2121.1	ZNF213	element	189	200	-	14.3252	5.99e-06	0.0245	CCCCAGGCTCCG
MA0081.3	SPIB	bg22	128	140	+	14.4634	6.05e-06	0.0735	TCTCTTCCTCTCC
MA0146.3	Zfx	bg21	93	102	+	14.7576	6.11e-06	0.0218	GGCCAGGCCT
MA0146.3	Zfx	bg21	97	106	-	14.7576	6.11e-06	0.0218	GGCCAGGCCT
MA0810.2	TFAP2A	bg20	69	79	-	14.2545	6.25e-06	0.0264	TGCCTCAGGGC
MA0155.1	INSM1	bg13	67	78	-	14.8367	6.42e-06	0.0757	TGGCAGGGGGAA
MA0763.2	ETV3	element	109	117	+	14.2535	6.62e-06	0.0429	ACCGGATGT
MA0763.2	ETV3	element	168	176	+	14.2535	6.62e-06	0.0429	ACCGGATGT
MA1548.2	PLAGL2	bg28	99	106	+	15.6721	6.67e-06	0.0293	GGGCCCCC
MA1548.2	PLAGL2	bg28	97	104	-	15.6721	6.67e-06	0.0293	GGGCCCCC
MA0814.3	TFAP2C	bg12	183	191	-	14.4553	6.69e-06	0.019	GCCTGAGGG
MA0003.5	TFAP2A	bg12	183	191	+	14.9593	6.69e-06	0.0212	CCCTCAGGC
MA0080.7	Spi1	bg22	128	140	-	14.0894	6.81e-06	0.0623	GGAGAGGAAGAGA
MA1983.2	ZNF582	bg24	69	87	-	11.8624	6.82e-06	0.0838	AGTTTTACTTGCATCTGTA
MA1938.2	ERF::NHLH1	bg12	169	184	-	12.2714	6.82e-06	0.0773	GGCAGCAGCAGGATGG
MA0518.2	Stat4	bg07	166	175	-	14.3793	7.03e-06	0.0906	TTCTGGGAAG
MA0698.2	ZBTB18	bg29	46	56	+	14.8857	7.06e-06	0.0817	AGACAGATGTG
MA1485.1	FERD3L	bg02	133	146	-	13.2553	7.07e-06	0.074	ACAGCAGCTGGTGC
MA1604.2	Ebf2	bg08	142	150	-	14.6748	7.18e-06	0.0382	CCCAGGGGA
MA1604.2	Ebf2	bg27	188	196	+	14.6748	7.18e-06	0.0382	CCCAGGGGA
MA1637.2	EBF3	bg08	142	150	-	14.6341	7.18e-06	0.0369	CCCAGGGGA
MA1637.2	EBF3	bg27	188	196	+	14.6341	7.18e-06	0.0369	CCCAGGGGA
MA0505.3	Nr5A2	bg18	69	77	-	14.8537	7.34e-06	0.0917	TGGCCTTGA
MA1654.2	ZNF16	bg26	10	30	+	9.79032	7.52e-06	0.0873	AGGAGGGAGGCAGGGATGAGG
MA1981.2	ZNF530	bg26	7	20	+	13.551	7.64e-06	0.0247	GGAAGGAGGGAGGC
MA1629.2	Zic2	bg05	166	174	+	15.1382	7.67e-06	0.042	CCCAGCAGG
MA1723.2	PRDM9	bg03	113	132	+	13.8061	7.79e-06	0.0192	ATGGGGTGCAGAGGGGGCAG
MA1587.1	ZNF135	bg17	74	87	-	13.051	7.8e-06	0.0143	CCTCAGCCTCCCCA
MA1929.2	CTCF	bg02	134	164	-	13.0488	7.81e-06	0.066	CTCCAGTGCAGCCTCAGGACAGCAGCTGGTG
MA1981.2	ZNF530	bg13	68	81	-	13.5	7.84e-06	0.0247	GCATGGCAGGGGGA
MA2122.1	Ebf4	bg09	188	198	+	13.7092	7.86e-06	0.0297	GCCCCAGAGGA
MA0138.3	REST	bg28	174	193	-	10.7347	7.92e-06	0.04	CCAGCTGCGCGGACAGCGGT
MA2328.1	ZBED4	bg10	33	42	-	14.0071	7.92e-06	0.0604	CCAGCCCCGC
MA1491.3	GLI3	bg20	18	32	-	8.90385	8.04e-06	0.0881	GGACCACCCAAAGAC
MA2094.1	PAX8	bg19	158	173	-	13.8269	8.12e-06	0.0881	CGTCACAGCTCACTGC
MA1986.2	ZNF692	bg12	37	44	+	15	8.13e-06	0.0532	GGGCCCAC
MA1522.2	MAZ	bg27	107	114	+	16.0816	8.13e-06	0.0415	CCCCTCCC
MA0039.5	KLF4	bg13	205	212	+	15.4818	8.13e-06	0.0436	CCCCACCC
MA0039.5	KLF4	bg28	208	215	+	15.4818	8.13e-06	0.0436	CCCCACCC
MA1710.2	ZNF257	bg06	42	51	-	14.5281	8.38e-06	0.0485	GAGGCAGGAG
MA1710.2	ZNF257	bg17	190	199	+	14.5281	8.38e-06	0.0485	GAGGCAGGAG
MA1716.2	ZNF76	bg21	10	26	-	12.7241	8.39e-06	0.0444	CACCATAATGCAAAGCC
MA1721.2	ZNF93	bg12	174	187	-	13.4679	8.59e-06	0.0565	GAGGGCAGCAGCAG
MA1972.1	ZFP14	bg06	165	179	-	13.9326	8.71e-06	0.0487	GGAGGGAGATGAATG
MA0116.1	Znf423	bg08	140	154	-	10.3371	8.72e-06	0.0502	GGCACCCAGGGGACA
MA0502.3	NFYB	bg01	51	59	+	14.0976	8.74e-06	0.105	GCATTGGCC
MA1723.2	PRDM9	bg19	113	132	+	13.5714	8.9e-06	0.0192	GGAGGCTGAGGGGGAAGGAC
MA0506.3	Nrf1	bg29	202	213	-	13.626	8.93e-06	0.0699	CCGCGCCTCCGC
MA1618.2	Ptf1A	bg16	180	188	+	13.4472	8.94e-06	0.106	ACAGATGGT
MA1973.2	ZKSCAN3	bg07	84	97	+	13.0286	9.15e-06	0.0674	CCCAGCCCAGCCCT
MA0065.3	Pparg::Rxra	bg23	141	153	-	13.6126	9.18e-06	0.0643	AGGGCCAAGGGCA
MA0149.1	EWSR1-FLI1	bg06	93	110	+	-4.86842	9.19e-06	0.0217	GGAGAGATGGGAGGCAGA
MA1107.3	KLF9	bg10	98	108	-	13.8699	9.21e-06	0.0894	GCCACACTCAC
MA1972.1	ZFP14	bg25	195	209	+	13.8427	9.22e-06	0.0487	GGAGGGCCTTGAGCT
MA1656.2	ZNF449	bg07	86	95	+	14.2202	9.25e-06	0.0231	CAGCCCAGCC
MA0116.1	Znf423	bg24	139	153	+	10.2022	9.25e-06	0.0502	GGACTCCAGGGGTCC
MA1652.2	ZKSCAN5	bg13	175	183	-	14.2844	9.34e-06	0.0473	GGAGGTGAT
MA1653.2	ZNF148	bg06	62	71	+	13.8776	9.35e-06	0.0212	CCCCTCACCC
MA1529.2	NHLH2	bg28	182	197	+	12.5918	9.53e-06	0.0469	CCGCGCAGCTGGGCCC
MA0149.1	EWSR1-FLI1	bg26	11	28	+	-4.97368	9.58e-06	0.0217	GGAGGGAGGCAGGGATGA
MA1630.3	ZNF281	bg19	122	131	+	12.5506	9.63e-06	0.0325	GGGGGAAGGA
MA0146.3	Zfx	bg16	101	110	-	14.3182	9.67e-06	0.0255	GGCTGGGCCT
MA1711.2	ZNF343	bg12	87	102	+	11.7872	9.69e-06	0.11	ACGCTTCCCCTCCTCA
MA0829.3	SREBF1	bg17	95	104	+	14.122	9.71e-06	0.117	ATCACCTGAG
MA0163.1	PLAG1	bg19	114	127	+	11.1327	9.73e-06	0.0568	GAGGCTGAGGGGGA
MA1976.2	ZNF320	bg05	73	92	-	12.3708	9.88e-06	0.0293	GGAAGGCCTGGGGGACTCAG
MA0596.1	SREBF2	bg10	22	31	+	14.5056	9.89e-06	0.118	ATGAGGTGAT
MA1615.2	Plagl1	bg22	179	186	+	15.1463	9.9e-06	0.1	TGGGGCCA
MA2341.1	FEZF2	bg16	104	111	+	15.0286	9.9e-06	0.0282	CCCAGCCT
MA2341.1	FEZF2	bg11	166	173	+	15.0286	9.9e-06	0.0282	CCCAGCCT
MA1728.2	ZNF549	bg12	178	185	+	15.2439	9.9e-06	0.104	TGCTGCCC
MA0597.3	THAP1	bg15	3	10	+	14.798	9.9e-06	0.0327	GCAGGGCA
MA0597.3	THAP1	bg26	118	125	+	14.798	9.9e-06	0.0327	GCAGGGCA
MA0597.3	THAP1	bg10	166	173	+	14.798	9.9e-06	0.0327	GCAGGGCA
MA1560.2	SOHLH2	bg18	19	26	+	14.9138	9.9e-06	0.0616	GCACGTGC
MA1560.2	SOHLH2	bg18	19	26	-	14.9138	9.9e-06	0.0616	GCACGTGC
MA0119.1	NFIC::TLX1	bg15	123	136	-	10.7857	1e-05	0.112	TGCCACTGAGCCAA
MA1714.2	ZNF675	bg15	25	43	+	13.1111	1.01e-05	0.0612	TGGCTGGGAGGTCACAAGG
MA0080.7	Spi1	bg01	201	213	+	13.4715	1.02e-05	0.0623	AAGGAGGAAGTAC
MA0154.5	EBF1	bg15	91	101	-	13.4468	1.05e-05	0.0386	TCCCCAGAGGC
MA1587.1	ZNF135	bg29	17	30	-	12.4082	1.06e-05	0.0167	CCTTGCCCTCCCAA
MA0159.1	RARA::RXRA	bg13	165	181	-	13.4082	1.06e-05	0.117	AGGTGATACAAAGGCCA
MA0163.1	PLAG1	bg05	187	200	-	10.9184	1.07e-05	0.0568	GAGGGGCTGGGGGA
MA1656.2	ZNF449	bg21	122	131	+	14.0642	1.07e-05	0.0231	GAGCCCAACT
MA0595.1	SREBF1	bg10	22	31	-	14.3049	1.08e-05	0.121	ATCACCTCAT
MA0599.1	KLF5	bg27	106	115	+	14.2653	1.08e-05	0.0617	TCCCCTCCCC
MA1581.2	ZBTB6	bg19	134	142	+	14.1009	1.1e-05	0.072	ACTTGAGCC
MA0728.1	Nr2F6	bg17	102	116	+	2.87143	1.11e-05	0.0696	GAGGTCAGGAGTTTG
MA0483.2	Gfi1B	bg28	63	72	+	14.1897	1.12e-05	0.144	AAATCTGAGC
MA0524.3	TFAP2C	bg20	68	78	-	13.4286	1.12e-05	0.0325	GCCTCAGGGCT
MA1149.2	RARA::RXRG	bg27	105	121	-	13.5364	1.13e-05	0.0662	GGGTCAGGGGAGGGGAG
MA0800.2	EOMES	bg18	102	110	+	13.7073	1.14e-05	0.144	AGGTGTGAC
MA0137.4	STAT1	bg07	167	175	-	15.1273	1.14e-05	0.147	TTCTGGGAA
MA0105.4	NFKB1	element	155	167	-	8.67308	1.14e-05	0.133	GGGGGATGCACCG
MA1731.2	ZNF768	element	149	157	-	14.2022	1.15e-05	0.103	CCGTCTCTG
MA0729.1	RARA	bg23	130	147	-	-1.18182	1.15e-05	0.142	AAGGGCAGGAGGTCAGAT
MA0652.2	IRF8	bg05	121	133	-	5.69231	1.15e-05	0.146	GGAAACTGATACC
MA2121.1	ZNF213	bg09	83	94	-	13.4309	1.15e-05	0.0293	GTCCAGGCTGGA
MA1149.2	RARA::RXRG	bg13	165	181	-	13.4818	1.17e-05	0.0662	AGGTGATACAAAGGCCA
MA1976.2	ZNF320	bg27	170	189	-	12	1.19e-05	0.0293	GGGAGAGAAAGGGGACTGTC
MA0146.3	Zfx	bg02	188	197	+	13.8182	1.19e-05	0.0255	GCTCAGGCCT
MA1652.2	ZKSCAN5	bg07	1	9	-	14	1.21e-05	0.0473	GGAGGTGAC
MA2125.1	Zfp809	bg17	169	177	+	13.5366	1.21e-05	0.0711	ATCCCAGCT
MA0764.4	ETV4	element	109	117	+	13.551	1.21e-05	0.0652	ACCGGATGT
MA0764.4	ETV4	element	168	176	+	13.551	1.21e-05	0.0652	ACCGGATGT
MA1484.2	ETS2	element	109	117	+	14.5102	1.21e-05	0.0727	ACCGGATGT
MA1484.2	ETS2	element	168	176	+	14.5102	1.21e-05	0.0727	ACCGGATGT
MA1987.2	ZNF701	bg30	77	93	-	12.7523	1.21e-05	0.0426	AAGCAGCAGGTGGGGAA
MA0019.2	Ddit3::Cebpa	bg16	8	17	+	13.5111	1.22e-05	0.0914	GTGCAATCCT
MA0516.3	SP2	bg27	107	115	-	14.2921	1.22e-05	0.0636	GGGGAGGGG
MA1596.1	ZNF460	bg19	141	156	-	10.6067	1.23e-05	0.0111	GCCTCTACCTTCCAGG
MA0066.2	PPARG	bg07	69	87	-	11.4889	1.24e-05	0.0829	TGGGGCCCTGTGTCCTCAA
MA1712.2	ZNF454	bg06	53	69	+	12.8943	1.27e-05	0.0392	GCCTCCCAGCCCCTCAC
MA0073.2	RREB1	bg06	110	128	+	9.05505	1.27e-05	0.0727	ACCCCCACCACCATACATG
MA1981.2	ZNF530	bg06	61	74	-	12.5204	1.27e-05	0.0247	GCTGGGTGAGGGGC
MA1532.2	NR1D2	bg23	133	147	-	9.86667	1.28e-05	0.16	AAGGGCAGGAGGTCA
MA1972.1	ZFP14	bg01	126	140	-	13.2584	1.29e-05	0.0487	GGAGACCAGGGACTG
MA1624.2	Stat5a	bg07	167	175	+	13.7523	1.3e-05	0.168	TTCCCAGAA
MA1419.2	IRF4	bg05	120	133	-	6.86364	1.3e-05	0.164	GGAAACTGATACCA
MA1596.1	ZNF460	bg11	156	171	+	10.4382	1.32e-05	0.0111	TCCTCAGCTTCCCAGC
MA1581.2	ZBTB6	bg11	194	202	-	13.6606	1.32e-05	0.072	GCTGGAGCC
MA0698.2	ZBTB18	bg19	72	82	+	13.6714	1.33e-05	0.0817	AGCCAGCTGTG
MA1548.2	PLAGL2	bg28	98	105	+	13.6885	1.33e-05	0.0293	GGGGCCCC
MA1548.2	PLAGL2	bg28	98	105	-	13.6885	1.33e-05	0.0293	GGGGCCCC
MA1513.2	KLF15	bg08	100	107	+	14.6538	1.33e-05	0.1	GCCCGCCC
MA0098.4	ETS1	element	109	117	+	13.9091	1.34e-05	0.0783	ACCGGATGT
MA0098.4	ETS1	element	168	176	+	13.9091	1.34e-05	0.0783	ACCGGATGT
MA0810.2	TFAP2A	bg20	68	78	+	13.4727	1.35e-05	0.0381	AGCCCTGAGGC
MA0066.2	PPARG	bg21	113	131	+	11.2889	1.35e-05	0.0829	TGGGTGCCAGAGCCCAACT
MA1599.2	ZNF682	bg29	62	72	+	13.0081	1.37e-05	0.0472	TGCCAAGCCCA
MA0813.1	TFAP2B	bg04	129	141	+	13.6393	1.38e-05	0.0363	TGCCCCACAGGCT
MA0811.2	TFAP2B	bg12	134	144	-	13.3636	1.39e-05	0.0334	GCCCTGAGGCT
MA1627.2	Wt1	bg14	76	85	-	13.3089	1.39e-05	0.0705	TCTCCCACAC
MA1723.2	PRDM9	bg05	189	208	-	12.7551	1.39e-05	0.025	GGTGGCTGGAGGGGCTGGGG
MA0496.4	MAFK	bg17	187	196	-	13.2061	1.4e-05	0.174	CTGCCTCAGC
MA0811.2	TFAP2B	bg20	68	78	-	13.3455	1.42e-05	0.0334	GCCTCAGGGCT
MA0065.3	Pparg::Rxra	bg10	45	57	+	13.036	1.43e-05	0.0643	AGAGGAAAGGCCA
MA1599.2	ZNF682	bg24	103	113	-	12.9837	1.44e-05	0.0472	GGCCAAGCCTC
MA1630.3	ZNF281	bg16	108	117	-	12.0337	1.44e-05	0.0325	GGGGGAAGGC
MA0815.1	TFAP2C	bg03	140	152	+	13.4655	1.44e-05	0.0331	TCCCCTCGAGGGA
MA1587.1	ZNF135	bg17	106	119	-	11.7143	1.46e-05	0.0202	TCTCAAACTCCTGA
MA0524.3	TFAP2C	bg12	134	144	-	13.1735	1.47e-05	0.0325	GCCCTGAGGCT
MA1494.2	HNF4A	bg12	153	166	-	9.54545	1.47e-05	0.174	AGGACCAAAGGTCC
MA0668.3	Neurod2	bg16	180	187	+	14.6881	1.47e-05	0.0899	ACAGATGG
MA1579.2	ZBTB26	bg04	12	19	-	14.3163	1.47e-05	0.0951	CTCCAGAA
MA1579.2	ZBTB26	bg01	179	186	-	14.3163	1.47e-05	0.0951	CTCCAGAA
MA0673.2	NKX2-8	bg23	71	78	-	12.25	1.47e-05	0.0946	CCACTTGA
MA2003.2	NKX2-4	bg23	71	78	-	12.6379	1.47e-05	0.09	CCACTTGA
MA0672.2	NKX2-3	bg23	71	78	-	13.2857	1.47e-05	0.0954	CCACTTGA
MA1109.2	NEUROD1	bg16	180	187	+	14.578	1.47e-05	0.0903	ACAGATGG
MA0807.1	TBX5	bg18	102	109	+	13.0862	1.47e-05	0.18	AGGTGTGA
MA0806.1	TBX4	bg18	102	109	+	13.7347	1.47e-05	0.163	AGGTGTGA
MA0805.1	TBX1	bg18	102	109	+	15.1633	1.47e-05	0.16	AGGTGTGA
MA0803.1	TBX15	bg18	102	109	+	15.4423	1.47e-05	0.145	AGGTGTGA
MA0801.1	MGA	bg18	102	109	+	14.2727	1.47e-05	0.135	AGGTGTGA
MA0673.2	NKX2-8	bg19	132	139	+	12.25	1.47e-05	0.0946	CCACTTGA
MA2003.2	NKX2-4	bg19	132	139	+	12.6379	1.47e-05	0.09	CCACTTGA
MA0672.2	NKX2-3	bg19	132	139	+	13.2857	1.47e-05	0.0954	CCACTTGA
MA0154.5	EBF1	bg09	188	198	+	13.1702	1.47e-05	0.0405	GCCCCAGAGGA
MA1929.2	CTCF	bg29	145	175	+	11.9024	1.47e-05	0.066	CCGGAGTGCAAACTACAAGCCCCAGAAGGCA
MA0783.1	PKNOX2	bg23	93	104	+	8.19672	1.47e-05	0.156	TGGCATGTGCCA
MA1712.2	ZNF454	bg10	180	196	-	12.626	1.47e-05	0.0392	GGCCCCCAGCTCTGCAC
MA0019.2	Ddit3::Cebpa	bg25	177	186	-	13.3778	1.48e-05	0.0914	CTGCAATCCC
MA0493.3	KLF1	bg13	205	212	-	14.6404	1.48e-05	0.0785	GGGTGGGG
MA0493.3	KLF1	bg28	208	215	-	14.6404	1.48e-05	0.0785	GGGTGGGG
MA0814.3	TFAP2C	bg02	146	154	+	13.252	1.49e-05	0.0318	TCCTGAGGC
MA2340.1	Zbtb2	element	109	118	+	13	1.51e-05	0.0736	ACCGGATGTG
MA2340.1	Zbtb2	element	168	177	+	13	1.51e-05	0.0736	ACCGGATGTG
MA0740.2	KLF14	bg27	107	115	-	13.8764	1.51e-05	0.0915	GGGGAGGGG
MA0765.4	ETV5	element	109	117	+	13.8163	1.54e-05	0.0838	ACCGGATGT
MA0765.4	ETV5	element	168	176	+	13.8163	1.54e-05	0.0838	ACCGGATGT
MA0872.1	TFAP2A	bg03	140	152	+	13.3934	1.54e-05	0.0371	TCCCCTCGAGGGA
MA0734.4	Gli2	bg15	29	37	-	13.2752	1.54e-05	0.0809	GACCTCCCA
MA1485.1	FERD3L	bg23	85	98	-	11.2979	1.56e-05	0.0817	ATGCCAGCTGTGCC
MA0813.1	TFAP2B	bg03	140	152	+	13.4098	1.56e-05	0.0363	TCCCCTCGAGGGA
MA1710.2	ZNF257	bg11	119	128	-	13.9551	1.6e-05	0.0528	GAGGCCAGGG
MA1726.2	ZNF331	bg10	109	118	+	13.3578	1.6e-05	0.105	TGCAGAGCAG
MA1529.2	NHLH2	bg24	45	60	+	11.4082	1.61e-05	0.0527	TGGCCCACCTGCGTGG
MA2120.1	ZNF184	bg27	173	185	-	13.2182	1.61e-05	0.158	GAGAAAGGGGACT
MA0088.2	ZNF143	bg05	55	70	+	7.03448	1.61e-05	0.199	TGCCCATAGTCCCCTG
MA0815.1	TFAP2C	bg03	140	152	-	13.2241	1.61e-05	0.0331	TCCCTCGAGGGGA
MA0156.4	FEV	element	109	117	+	13.0385	1.61e-05	0.0941	ACCGGATGT
MA0156.4	FEV	element	168	176	+	13.0385	1.61e-05	0.0941	ACCGGATGT
MA0760.2	ERF	element	109	117	+	13.5143	1.61e-05	0.0902	ACCGGATGT
MA0760.2	ERF	element	168	176	+	13.5143	1.61e-05	0.0902	ACCGGATGT
MA1981.2	ZNF530	bg27	175	188	-	12	1.61e-05	0.0247	GGAGAGAAAGGGGA
MA1999.2	Prdm5	bg25	206	216	-	12.8909	1.61e-05	0.109	GTCCTCCAGCT
MA0003.5	TFAP2A	bg02	146	154	-	13.187	1.62e-05	0.0385	GCCTCAGGA
MA0737.1	GLIS3	bg18	93	106	-	8.45902	1.62e-05	0.179	CACCTCCCACTTTG
MA0742.2	KLF12	bg27	107	115	-	13.4045	1.62e-05	0.0852	GGGGAGGGG
MA1986.2	ZNF692	bg28	192	199	+	14.5769	1.63e-05	0.0532	GGGCCCAG
MA1986.2	ZNF692	bg28	190	197	-	14.5769	1.63e-05	0.0532	GGGCCCAG
MA1650.2	ZBTB14	bg28	182	189	+	13.0545	1.63e-05	0.141	CCGCGCAG
MA1102.3	CTCFL	bg03	123	130	+	13.0612	1.63e-05	0.15	GAGGGGGC
MA0815.1	TFAP2C	bg04	129	141	-	13.1897	1.63e-05	0.0331	AGCCTGTGGGGCA
MA0813.1	TFAP2B	bg04	129	141	-	13.3279	1.64e-05	0.0363	AGCCTGTGGGGCA
MA2122.1	Ebf4	bg15	91	101	-	12.8794	1.64e-05	0.0466	TCCCCAGAGGC
MA1987.2	ZNF701	bg16	86	102	+	12.1468	1.67e-05	0.0439	GAGAACCAGCAGGGAAG
MA0778.2	NFKB2	element	156	166	+	12.197	1.67e-05	0.0697	GGTGCATCCCC
MA0696.1	ZIC1	bg30	79	92	+	10.3404	1.67e-05	0.169	CCCCACCTGCTGCT
MA1961.2	PATZ1	bg23	169	179	+	13.0112	1.67e-05	0.0317	GGAGGAGGGGA
MA0079.5	SP1	bg24	120	128	+	13.4082	1.67e-05	0.0722	GGGGAGGGA
MA1540.3	NR5A1	bg10	81	92	-	12.8936	1.67e-05	0.146	AGATCCAGGTCA
MA0740.2	KLF14	bg28	208	216	-	13.7978	1.7e-05	0.0915	GGGGTGGGG
MA1569.2	TFAP2E	bg12	183	191	+	13.449	1.7e-05	0.0325	CCCTCAGGC
MA0041.3	FOXD3	bg11	50	63	+	12.8194	1.71e-05	0.217	GATGCAAATAATCA
MA0518.2	Stat4	bg05	133	142	-	13.4138	1.73e-05	0.111	TTCCGAGAAG
MA1631.2	ASCL1	bg30	81	89	+	13.4715	1.76e-05	0.0993	CCACCTGCT
MA1972.1	ZFP14	bg18	149	163	+	12.6854	1.76e-05	0.0498	GAAGGACTGGGAAAG
MA1976.2	ZNF320	bg05	182	201	-	11.1798	1.76e-05	0.0349	GGAGGGGCTGGGGGAGGACT
MA1630.3	ZNF281	bg22	21	30	-	10.9213	1.77e-05	0.0325	GGGGGATGTG
MA0744.3	SCRT2	bg30	82	91	-	12.8532	1.77e-05	0.224	GCAGCAGGTG
MA1981.2	ZNF530	bg10	152	165	+	11.8163	1.77e-05	0.0247	GCCAGGCGAGGGCT
MA1961.2	PATZ1	bg29	204	214	+	12.8427	1.78e-05	0.0317	GGAGGCGCGGG
MA1600.2	ZNF684	bg02	52	65	+	10.4098	1.78e-05	0.209	ACATACCAGCCCTT
MA0160.3	NR4A2	bg13	103	110	-	14.2	1.79e-05	0.233	AAAGGTCA
MA1112.3	NR4A1	bg13	103	110	-	14.6636	1.79e-05	0.233	AAAGGTCA
MA0091.2	TAL1::TCF3	bg04	176	185	+	13.427	1.8e-05	0.142	ACCATCTGGA
MA1597.1	ZNF528	element	21	37	+	9.35714	1.8e-05	0.204	CTGCAGGAAGGCACTTC
MA1522.2	MAZ	bg12	93	100	+	14.0612	1.8e-05	0.0415	CCCCTCCT
MA2126.1	Zfp961	bg21	114	121	+	12.9593	1.8e-05	0.173	GGGTGCCA
MA0695.2	ZBTB7C	bg21	157	164	-	12.6129	1.8e-05	0.116	CGACCCCC
MA1522.2	MAZ	bg23	171	178	-	14.0612	1.8e-05	0.0415	CCCCTCCT
MA1522.2	MAZ	bg24	192	199	-	14.0612	1.8e-05	0.0415	CCCCTCCT
MA2099.1	ZNF770	bg18	167	174	-	13.9541	1.8e-05	0.0456	CGGCCTCC
MA0665.1	MSC	bg02	135	144	+	13.2683	1.82e-05	0.213	ACCAGCTGCT
MA0753.3	ZNF740	bg06	111	120	+	12.427	1.83e-05	0.102	CCCCCACCAC
MA0149.1	EWSR1-FLI1	bg01	7	24	-	-8	1.84e-05	0.0315	GGAAGAGGCGAAGGCGGA
MA1584.2	ZIC5	bg30	79	93	+	9.61702	1.84e-05	0.134	CCCCACCTGCTGCTT
MA0071.1	RORA	bg10	81	90	-	13.6122	1.85e-05	0.237	ATCCAGGTCA
MA0872.1	TFAP2A	bg02	166	178	-	13.082	1.86e-05	0.0371	GCCCCTGCGGGCG
MA1961.2	PATZ1	bg27	106	116	-	12.7865	1.87e-05	0.0317	AGGGGAGGGGA
MA0065.3	Pparg::Rxra	bg14	94	106	+	12.6757	1.88e-05	0.0643	TGGGGAGAGGTGA
MA0872.1	TFAP2A	bg03	140	152	-	13.0492	1.89e-05	0.0371	TCCCTCGAGGGGA
MA1941.2	ETV2::FIGLA	bg15	79	91	+	12.1844	1.89e-05	0.135	CAGGAACCAGGAG
MA0796.1	TGIF1	bg30	93	104	+	4.67347	1.89e-05	0.173	TGACAACTGTCC
MA0815.1	TFAP2C	bg02	166	178	-	12.8793	1.89e-05	0.0331	GCCCCTGCGGGCG
MA0778.2	NFKB2	bg03	126	136	-	11.8636	1.89e-05	0.0697	GGGACTGCCCC
MA1948.2	ETV5::HOXA2	bg29	32	43	-	12.9091	1.9e-05	0.234	CGGAGGTAGTCA
MA1930.2	CTCF	bg23	147	179	+	10.1743	1.9e-05	0.0465	TGGCCCTGCAGCCCCTAGCCCAGGAGGAGGGGA
MA1569.2	TFAP2E	bg20	70	78	-	13.4286	1.93e-05	0.0325	GCCTCAGGG
MA1569.2	TFAP2E	bg12	135	143	+	13.4286	1.93e-05	0.0325	GCCTCAGGG
MA0813.1	TFAP2B	bg03	140	152	-	13	1.93e-05	0.0363	TCCCTCGAGGGGA
MA0116.1	Znf423	bg24	139	153	-	8.78652	1.93e-05	0.0661	GGACCCCTGGAGTCC
MA0771.1	HSF4	bg04	147	159	-	12.939	1.93e-05	0.241	AGCTGGAACGTTC
MA2121.1	ZNF213	bg19	43	54	-	12.6667	1.94e-05	0.0293	GGCCAGGCACGG
MA0475.3	FLI1	element	109	117	+	13.2444	1.94e-05	0.12	ACCGGATGT
MA0475.3	FLI1	element	168	176	+	13.2444	1.94e-05	0.12	ACCGGATGT
MA0149.1	EWSR1-FLI1	bg02	53	70	-	-8.55263	1.94e-05	0.0315	GGGAGAAGGGCTGGTATG
MA1616.2	Prdm15	bg11	175	185	+	12.7798	1.95e-05	0.193	AAAACCCTGGA
MA0119.1	NFIC::TLX1	bg01	95	108	+	9.06122	1.97e-05	0.112	TGGCACGAAGCCTG
MA1615.2	Plagl1	bg06	136	143	-	12.8537	1.98e-05	0.1	AGGGGCCA
MA0048.3	NHLH1	bg28	186	194	-	13.3276	1.98e-05	0.15	CCCAGCTGC
MA1511.2	KLF10	bg27	107	115	-	13.3708	1.99e-05	0.106	GGGGAGGGG
MA1710.2	ZNF257	bg11	110	119	-	13.7303	1.99e-05	0.0528	GAGGTGAGAG
MA0112.4	ESR1	bg09	50	64	+	5.01515	1.99e-05	0.212	AGGTTGCAGTGAGCT
MA1656.2	ZNF449	bg28	70	79	-	12.5688	2e-05	0.0348	AAGCCCAGCT
MA0797.1	TGIF2	bg30	93	104	+	10.8899	2.01e-05	0.159	TGACAACTGTCC
MA1938.2	ERF::NHLH1	bg23	88	103	-	9.71429	2.01e-05	0.104	GGCACATGCCAGCTGT
MA1725.2	ZNF189	bg01	187	195	-	13.0429	2.01e-05	0.244	TACTGTTCC
MA2121.1	ZNF213	bg17	119	130	-	12.626	2.01e-05	0.0293	GGCCAGGCTGGT
MA1981.2	ZNF530	bg23	142	155	-	11.5204	2.03e-05	0.0247	GCAGGGCCAAGGGC
MA0667.1	MYF6	bg30	94	103	+	13.0303	2.03e-05	0.248	GACAACTGTC
MA0599.1	KLF5	bg28	121	130	-	13.4898	2.04e-05	0.0633	GCTCCACCCC
MA0812.2	TFAP2B	bg12	183	191	+	13.3818	2.04e-05	0.0561	CCCTCAGGC
MA0752.2	ZNF410	bg21	14	29	-	2.25455	2.04e-05	0.256	ACACACCATAATGCAA
MA0747.2	SP8	bg29	189	199	-	12.7895	2.04e-05	0.117	CCACTCCCATC
MA0162.5	EGR1	bg29	194	203	-	12.6992	2.05e-05	0.173	GCGCCCACTC
MA1930.2	CTCF	element	159	191	-	10	2.06e-05	0.0465	CCGCATCCCGGGGTCACATCCGGTGGGGGATGC
MA0816.1	Ascl2	bg02	135	144	-	13.1286	2.07e-05	0.129	AGCAGCTGGT
MA2330.1	ZBTB24	bg03	51	60	-	12.259	2.07e-05	0.0777	CCCAGGCCCT
MA0698.2	ZBTB18	bg23	87	97	-	12.5857	2.07e-05	0.0847	TGCCAGCTGTG
MA0815.1	TFAP2C	bg04	129	141	+	12.7241	2.08e-05	0.0331	TGCCCCACAGGCT
MA2122.1	Ebf4	bg08	142	152	-	12.4468	2.08e-05	0.0472	CACCCAGGGGA
MA1618.2	Ptf1A	bg08	76	84	-	13.2033	2.1e-05	0.106	ACAGATGTC
MA1576.2	THRB	bg29	114	131	+	8.42857	2.1e-05	0.058	TTTCCAGCACTGTCCTCA
MA1576.2	THRB	element	166	183	+	8.42857	2.1e-05	0.058	CCACCGGATGTGACCCCG
MA1630.3	ZNF281	bg06	173	182	-	10.4382	2.12e-05	0.0325	GGAGGAGGGA
MA1945.2	ETV5::FIGLA	bg15	78	91	+	11.1207	2.13e-05	0.183	ACAGGAACCAGGAG
MA0163.1	PLAG1	bg03	116	129	+	9.0102	2.13e-05	0.0692	GGGTGCAGAGGGGG
MA0067.3	PAX2	bg19	158	173	+	11.4364	2.14e-05	0.239	GCAGTGAGCTGTGACG
MA1548.2	PLAGL2	bg12	35	42	-	13.6066	2.15e-05	0.0314	GGGCCCCT
MA1548.2	PLAGL2	bg15	174	181	+	13.6066	2.15e-05	0.0314	GGGCCCCT
MA1569.2	TFAP2E	bg20	70	78	+	13.4082	2.15e-05	0.0325	CCCTGAGGC
MA1569.2	TFAP2E	bg12	135	143	-	13.4082	2.15e-05	0.0325	CCCTGAGGC
MA1512.2	KLF11	bg04	19	28	-	12.9231	2.16e-05	0.201	CCACTCCCAC
MA0822.1	HES7	bg29	55	66	+	7.36207	2.16e-05	0.106	TGAAACGTGCCA
MA0065.3	Pparg::Rxra	bg17	4	16	+	12.4955	2.17e-05	0.0643	GGGAAAAAGGTGA
MA1643.2	NFIB	bg01	93	109	-	10.449	2.17e-05	0.0798	GCAGGCTTCGTGCCACC
MA0073.2	RREB1	bg28	138	156	-	7.43119	2.18e-05	0.0833	CCCCCACTCACGCACGACC
MA2341.1	FEZF2	bg19	4	11	+	12.5571	2.2e-05	0.0282	CTCAGCCT
MA2341.1	FEZF2	bg09	12	19	-	12.5571	2.2e-05	0.0282	CTCAGCCT
MA2341.1	FEZF2	bg17	79	86	-	12.5571	2.2e-05	0.0282	CTCAGCCT
MA2341.1	FEZF2	bg19	115	122	-	12.5571	2.2e-05	0.0282	CTCAGCCT
MA2341.1	FEZF2	bg12	131	138	+	12.5571	2.2e-05	0.0282	CTCAGCCT
MA2341.1	FEZF2	bg01	141	148	+	12.5571	2.2e-05	0.0282	CTCAGCCT
MA2341.1	FEZF2	bg17	185	192	-	12.5571	2.2e-05	0.0282	CTCAGCCT
MA0464.3	BHLHE40	bg18	19	26	+	13.9231	2.2e-05	0.134	GCACGTGC
MA0464.3	BHLHE40	bg18	19	26	-	13.9231	2.2e-05	0.134	GCACGTGC
MA1981.2	ZNF530	bg18	159	172	+	11.3367	2.2e-05	0.0247	GAAAGGGTGGAGGC
MA1637.2	EBF3	bg22	114	122	-	13.2033	2.2e-05	0.0717	CCCAAGGGT
MA0742.2	KLF12	bg29	197	205	+	12.6067	2.21e-05	0.0852	TGGGCGCGG
MA0516.3	SP2	bg08	100	108	-	13.0674	2.21e-05	0.0636	AGGGCGGGC
MA0813.1	TFAP2B	bg02	166	178	-	12.7213	2.21e-05	0.0363	GCCCCTGCGGGCG
MA1630.3	ZNF281	bg26	15	24	+	10.3708	2.22e-05	0.0325	GGAGGCAGGG
MA0079.5	SP1	bg07	120	128	-	12.7143	2.22e-05	0.0722	GGGGCGCAG
MA1529.2	NHLH2	bg02	132	147	+	10.6327	2.22e-05	0.0547	GGCACCAGCTGCTGTC
MA1147.2	NR4A2::RXRA	element	128	140	+	12.3434	2.22e-05	0.256	AGGGCGCTGAACC
MA0694.2	ZBTB7B	bg13	12	21	+	12.9483	2.24e-05	0.135	CAACCACCGT
MA0736.1	GLIS2	bg28	100	113	+	10.9672	2.24e-05	0.251	GGCCCCCAGCGTCT
MA0829.3	SREBF1	bg10	22	31	-	12.2033	2.24e-05	0.135	ATCACCTCAT
MA1581.2	ZBTB6	bg25	201	209	+	12.9633	2.25e-05	0.072	CCTTGAGCT
MA1984.2	ZNF667	bg14	104	114	-	12.6667	2.29e-05	0.288	GGATGAGCTCA
MA1714.2	ZNF675	bg17	5	23	+	11.5889	2.3e-05	0.093	GGAAAAAGGTGATAAAATA
MA1929.2	CTCF	bg16	106	136	+	11.0569	2.3e-05	0.0691	CAGCCTTCCCCCACCAGCACACCGGGCGGAG
MA1976.2	ZNF320	bg07	76	95	-	10.6067	2.31e-05	0.038	GGCTGGGCTGGGGCCCTGTG
MA1643.2	NFIB	bg15	122	138	+	10.3061	2.31e-05	0.0798	CTTGGCTCAGTGGCAGA
MA1629.2	Zic2	bg23	87	95	+	12.2276	2.31e-05	0.0633	CACAGCTGG
MA1629.2	Zic2	bg19	74	82	-	12.2276	2.31e-05	0.0633	CACAGCTGG
MA1981.2	ZNF530	bg05	79	92	-	11.2245	2.31e-05	0.0247	GGAAGGCCTGGGGG
MA1715.1	ZNF707	bg24	109	123	-	9.63636	2.32e-05	0.112	CCCCAGTTCTGGCCA
MA1973.2	ZKSCAN3	bg15	15	28	-	11.1857	2.32e-05	0.0674	GCCAGGGTAGACCG
MA0017.3	NR2F1	bg17	101	112	+	13.25	2.33e-05	0.0816	TGAGGTCAGGAG
MA1726.2	ZNF331	bg10	181	190	+	12.6422	2.33e-05	0.105	TGCAGAGCTG
MA1623.2	Stat2	bg06	149	158	-	12.5248	2.35e-05	0.303	GAAACAGAAT
MA0778.2	NFKB2	bg03	126	136	+	11.3788	2.35e-05	0.0697	GGGGCAGTCCC
MA1540.3	NR5A1	bg25	198	209	-	12.3404	2.36e-05	0.146	AGCTCAAGGCCC
MA1592.2	ZNF274	bg24	136	147	-	11.6596	2.37e-05	0.302	CTGGAGTCCTCA
MA1569.2	TFAP2E	bg12	183	191	-	13.3878	2.37e-05	0.0325	GCCTGAGGG
MA1961.2	PATZ1	bg06	172	182	-	12.236	2.37e-05	0.0336	GGAGGAGGGAG
MA0690.3	TBX21	bg18	101	110	-	12.5455	2.39e-05	0.2	GTCACACCTC
MA0778.2	NFKB2	element	156	166	-	11.3182	2.4e-05	0.0697	GGGGATGCACC
MA0141.4	ESRRB	bg18	69	78	+	11.0862	2.4e-05	0.31	TCAAGGCCAT
MA1982.2	ZNF574	bg04	142	155	+	11.8315	2.41e-05	0.239	GCCTAGAACGTTCC
MA1653.2	ZNF148	bg05	195	204	+	12.3878	2.41e-05	0.0347	CCCCTCCAGC
MA0149.1	EWSR1-FLI1	bg26	10	27	+	-9.71053	2.42e-05	0.033	AGGAGGGAGGCAGGGATG
MA1604.2	Ebf2	bg22	114	122	-	12.748	2.43e-05	0.0858	CCCAAGGGT
MA0694.2	ZBTB7B	bg20	23	32	-	12.8103	2.43e-05	0.135	GGACCACCCA
MA1559.2	SNAI3	bg08	51	59	+	13.4727	2.43e-05	0.198	GCAGGTGGA
MA0116.1	Znf423	bg05	202	216	+	8.34831	2.43e-05	0.0661	AGCCACCAGGGTGTC
MA1521.2	MAFA	bg20	97	109	+	12.2273	2.44e-05	0.216	GGCTGTGGCAGCA
MA1564.2	SP9	bg04	19	28	-	12.6909	2.45e-05	0.258	CCACTCCCAC
MA1723.2	PRDM9	bg12	92	111	-	11.6735	2.45e-05	0.0283	AGAGGCCAGTGAGGAGGGGA
MA0802.2	TBR1	bg18	102	110	+	12.9574	2.45e-05	0.194	AGGTGTGAC
MA1630.3	ZNF281	bg05	183	192	-	10.1798	2.45e-05	0.0325	GGGGGAGGAC
MA1981.2	ZNF530	bg10	182	195	+	11.0918	2.46e-05	0.0247	GCAGAGCTGGGGGC
MA0105.4	NFKB1	element	155	167	+	6.07692	2.46e-05	0.143	CGGTGCATCCCCC
MA2121.1	ZNF213	bg07	106	117	-	12.3659	2.46e-05	0.0293	GGCCGGGCTGGG
MA0146.3	Zfx	bg03	5	14	-	13.2121	2.47e-05	0.0377	TCCCCGGCCT
MA0146.3	Zfx	bg05	80	89	+	13.2121	2.47e-05	0.0377	CCCCAGGCCT
MA1656.2	ZNF449	bg21	5	14	-	12.2936	2.47e-05	0.0348	AAGCCCAAAC
MA0599.1	KLF5	bg13	204	213	+	13.1837	2.47e-05	0.0633	ACCCCACCCA
MA0810.2	TFAP2A	bg12	134	144	+	12.7273	2.47e-05	0.045	AGCCTCAGGGC
MA0039.5	KLF4	bg18	174	181	-	12.5	2.47e-05	0.0742	CCACACCC
MA1515.2	KLF2	bg18	174	181	-	13.2182	2.47e-05	0.103	CCACACCC
MA1973.2	ZKSCAN3	bg29	64	77	+	11.0571	2.47e-05	0.0674	CCAAGCCCAGCCCT
MA0872.1	TFAP2A	bg04	129	141	+	12.4426	2.48e-05	0.0371	TGCCCCACAGGCT
MA1712.2	ZNF454	element	199	215	-	11.6667	2.48e-05	0.0392	GGCTCGCAGATCTGACC
MA1723.2	PRDM9	bg20	100	119	+	11.6429	2.49e-05	0.0283	TGTGGCAGCAGAGGCTTGAG
MA0093.4	USF1	bg30	37	46	-	12.439	2.5e-05	0.235	GTCATCTGAC
MA2120.1	ZNF184	bg02	112	124	+	12.5818	2.5e-05	0.158	GAGAAAGCTGCAG
MA1618.2	Ptf1A	bg29	48	56	+	13.1789	2.51e-05	0.106	ACAGATGTG
MA1653.2	ZNF148	bg04	125	134	+	12.3673	2.51e-05	0.0347	CCCCTGCCCC
MA0872.1	TFAP2A	bg04	129	141	-	12.4098	2.51e-05	0.0371	AGCCTGTGGGGCA
MA1979.2	ZNF416	bg21	181	190	+	12.7143	2.52e-05	0.14	TACCTGGGCT
MA0155.1	INSM1	bg05	186	197	-	12.4184	2.53e-05	0.119	GGGCTGGGGGAG
MA1581.2	ZBTB6	bg02	158	166	+	12.4495	2.53e-05	0.072	ACTGGAGCC
MA2325.1	EPAS1	bg22	3	11	-	12.9592	2.53e-05	0.249	AGCACGTAC
MA0832.2	Tcf21	bg02	135	144	+	10.1053	2.54e-05	0.204	ACCAGCTGCT
MA1972.1	ZFP14	bg11	115	129	-	11.9775	2.54e-05	0.0574	AGAGGCCAGGGAGGT
MA1596.1	ZNF460	bg06	98	113	-	8.8427	2.55e-05	0.0196	GGGTCTGCCTCCCATC
MA0797.1	TGIF2	bg23	93	104	+	10.4037	2.55e-05	0.159	TGGCATGTGCCA
MA0154.5	EBF1	bg08	142	152	-	12.1631	2.56e-05	0.0564	CACCCAGGGGA
MA1533.2	NR1I2	bg03	117	131	-	12.2895	2.56e-05	0.295	TGCCCCCTCTGCACC
MA1947.2	ETV5::FOXO1	bg27	125	134	-	12.4286	2.57e-05	0.26	GGACACAGGA
MA0003.5	TFAP2A	bg27	1	9	-	12.9431	2.57e-05	0.0489	ACCTCAGGC
MA1656.2	ZNF449	bg13	7	16	+	12.2018	2.59e-05	0.0348	GAGGCCAACC
MA0859.2	Rarg	bg17	102	116	+	1.93617	2.6e-05	0.146	GAGGTCAGGAGTTTG
MA0815.1	TFAP2C	bg02	166	178	+	12.2931	2.6e-05	0.0345	CGCCCGCAGGGGC
MA0640.3	ELF3	bg01	204	212	-	12.3786	2.6e-05	0.322	TACTTCCTC
MA1625.2	Stat5b	bg05	134	142	-	12.578	2.61e-05	0.169	TTCCGAGAA
MA0730.1	RARA	bg08	140	156	-	6.29508	2.61e-05	0.144	CGGGCACCCAGGGGACA
MA1973.2	ZKSCAN3	bg03	104	117	-	10.9429	2.61e-05	0.0674	CCCATGCCAGACCA
MA0114.5	HNF4A	bg13	165	173	-	12.3475	2.62e-05	0.338	CAAAGGCCA
MA0685.2	SP4	bg06	176	184	-	12.3596	2.64e-05	0.0873	TGGGAGGAG
MA0746.3	SP3	bg04	19	29	-	12.0385	2.65e-05	0.197	TCCACTCCCAC
MA1981.2	ZNF530	bg18	55	68	+	10.9184	2.65e-05	0.0247	GGAGGGCATGGGCA
MA0495.4	MAFF	bg27	47	57	+	12.3252	2.65e-05	0.34	GTCAGCAGTGT
MA0810.2	TFAP2A	bg05	78	88	+	12.6727	2.67e-05	0.045	TCCCCCAGGCC
MA1930.2	CTCF	bg25	5	37	+	9.43119	2.67e-05	0.0481	CAGGAATGCTAGGCACCAGGCAGTCGGTGGGAC
MA1123.3	TWIST1	bg04	177	184	-	12.626	2.67e-05	0.168	CCAGATGG
MA1123.3	TWIST1	bg27	205	212	-	12.626	2.67e-05	0.168	CCAGATGG
MA1645.2	NKX2-2	bg04	15	22	-	11.878	2.67e-05	0.213	CCACTCCA
MA1109.2	NEUROD1	bg23	119	126	+	13.4862	2.67e-05	0.0903	GCAGATGG
MA0056.3	MZF1	bg04	48	55	+	12.3577	2.67e-05	0.165	CATCCCCA
MA0803.1	TBX15	bg10	94	101	+	11.75	2.67e-05	0.145	GGGTGTGA
MA0801.1	MGA	bg10	94	101	+	12.7727	2.67e-05	0.135	GGGTGTGA
MA0668.3	Neurod2	bg04	177	184	-	13.1651	2.67e-05	0.0899	CCAGATGG
MA0668.3	Neurod2	bg27	205	212	-	13.1651	2.67e-05	0.0899	CCAGATGG
MA1109.2	NEUROD1	bg07	116	123	-	13.4862	2.67e-05	0.0903	GCAGATGG
MA0056.3	MZF1	bg20	8	15	-	12.3577	2.67e-05	0.165	CATCCCCA
MA2121.1	ZNF213	bg15	21	32	+	12.2276	2.68e-05	0.0293	ACCCTGGCTGGG
MA0149.1	EWSR1-FLI1	bg06	12	29	-	-10.0526	2.68e-05	0.033	GGGTGGAAGCCACGAAGA
MA1723.2	PRDM9	bg07	89	108	-	11.4898	2.69e-05	0.0283	GGGGGGTGCAGAGGGCTGGG
MA0688.2	TBX2	bg18	102	110	+	12.5091	2.69e-05	0.315	AGGTGTGAC
MA0741.1	KLF16	bg04	19	29	-	12.2414	2.7e-05	0.161	TCCACTCCCAC
MA1653.2	ZNF148	bg12	93	102	+	12.2245	2.7e-05	0.0347	CCCCTCCTCA
MA1941.2	ETV2::FIGLA	bg17	3	15	+	11.5248	2.7e-05	0.135	CGGGAAAAAGGTG
MA1527.2	NFIC	bg15	123	137	-	7.10345	2.71e-05	0.11	CTGCCACTGAGCCAA
MA1711.2	ZNF343	bg10	113	128	-	9.19149	2.71e-05	0.154	GCACTTCACCCTGCTC
MA1630.3	ZNF281	bg04	125	134	-	10.1348	2.71e-05	0.0325	GGGGCAGGGG
MA0081.3	SPIB	bg01	201	213	-	12.0407	2.71e-05	0.165	GTACTTCCTCCTT
MA0753.3	ZNF740	bg10	208	217	-	11.6966	2.71e-05	0.102	CCCCCTCCAC
MA0814.3	TFAP2C	bg27	1	9	+	12.8211	2.71e-05	0.0352	GCCTGAGGT
MA0812.2	TFAP2B	bg05	26	34	+	13.0182	2.72e-05	0.0561	GCCCAAGGC
MA0080.7	Spi1	bg01	17	29	-	11.9268	2.73e-05	0.111	GAAAGGGAAGAGG
MA0872.1	TFAP2A	bg02	166	178	+	12.2459	2.73e-05	0.0371	CGCCCGCAGGGGC
MA0740.2	KLF14	bg13	205	213	-	12.6854	2.74e-05	0.0979	TGGGTGGGG
MA1938.2	ERF::NHLH1	bg19	4	19	+	8.97143	2.75e-05	0.104	CTCAGCCTCCTGAAGT
MA0017.3	NR2F1	bg15	31	42	+	12.9808	2.75e-05	0.0816	GGAGGTCACAAG
MA0028.3	ELK1	element	109	117	+	12.6222	2.77e-05	0.153	ACCGGATGT
MA0028.3	ELK1	element	168	176	+	12.6222	2.77e-05	0.153	ACCGGATGT
MA1723.2	PRDM9	bg26	30	49	+	11.4286	2.77e-05	0.0283	GTTGGGGAAGAAGGAGAGAA
MA0599.1	KLF5	bg24	120	129	-	13.0204	2.78e-05	0.0633	GTCCCTCCCC
MA0524.3	TFAP2C	bg12	135	145	+	12.4694	2.78e-05	0.0494	GCCTCAGGGCC
MA1721.2	ZNF93	bg20	97	110	+	11.2661	2.79e-05	0.0565	GGCTGTGGCAGCAG
MA1637.2	EBF3	bg27	187	195	+	12.0325	2.79e-05	0.0717	CCCCAGGGG
MA0504.2	NR2C2	bg07	92	105	-	11.3857	2.79e-05	0.124	GGGTGCAGAGGGCT
MA1494.2	HNF4A	bg27	6	19	+	7.71212	2.79e-05	0.174	AGGTGCAAGGGTCT
MA0751.2	ZIC4	bg30	79	92	+	12	2.83e-05	0.128	CCCCACCTGCTGCT
MA1155.1	ZSCAN4	bg22	158	172	+	5.81034	2.84e-05	0.357	GGCACATGCAGACAG
MA0516.3	SP2	bg24	120	128	+	12.4382	2.84e-05	0.0636	GGGGAGGGA
MA1726.2	ZNF331	element	187	196	+	12.0367	2.84e-05	0.105	TGCGGAGCCT
MA1712.2	ZNF454	element	179	195	-	11.3984	2.86e-05	0.0392	GGCTCCGCATCCCGGGG
MA2121.1	ZNF213	bg03	181	192	+	12.122	2.86e-05	0.0293	ACCGAGGCTGCA
MA0017.3	NR2F1	bg27	112	123	-	12.9231	2.87e-05	0.0816	TGGGGTCAGGGG
MA0504.2	NR2C2	bg03	116	129	+	11.3143	2.88e-05	0.124	GGGTGCAGAGGGGG
MA1723.2	PRDM9	bg26	6	25	+	11.3469	2.89e-05	0.0283	GGGAAGGAGGGAGGCAGGGA
MA0753.3	ZNF740	bg07	101	110	+	11.5843	2.9e-05	0.102	CACCCCCCAG
MA1730.2	ZNF708	bg16	101	109	-	11.7798	2.91e-05	0.163	GCTGGGCCT
MA0149.1	EWSR1-FLI1	bg18	158	175	+	-10.3158	2.92e-05	0.033	GGAAAGGGTGGAGGCCGG
MA1569.2	TFAP2E	bg05	79	87	+	13.0204	2.92e-05	0.0343	CCCCCAGGC
MA1710.2	ZNF257	bg10	46	55	+	12.6629	2.94e-05	0.0528	GAGGAAAGGC
MA0073.2	RREB1	bg13	196	214	+	6.48624	2.96e-05	0.0847	CCCCAACCACCCCACCCAA
MA0597.3	THAP1	bg29	20	27	+	12.9495	2.97e-05	0.0589	GGAGGGCA
MA0597.3	THAP1	bg18	55	62	+	12.9495	2.97e-05	0.0589	GGAGGGCA
MA0830.3	TCF4	bg24	49	56	+	12.9024	2.97e-05	0.0986	CCACCTGC
MA0830.3	TCF4	bg08	51	58	-	12.9024	2.97e-05	0.0986	CCACCTGC
MA0830.3	TCF4	bg30	81	88	+	12.9024	2.97e-05	0.0986	CCACCTGC
MA0163.1	PLAG1	bg12	126	139	-	8.05102	2.97e-05	0.0692	GAGGCTGAGTGGTG
MA0486.2	HSF1	bg04	147	159	-	9.67213	3e-05	0.308	AGCTGGAACGTTC
MA1710.2	ZNF257	bg06	172	181	-	12.6404	3e-05	0.0528	GAGGAGGGAG
MA1652.2	ZKSCAN5	bg14	99	107	+	11.6606	3e-05	0.0742	AGAGGTGAG
MA0695.2	ZBTB7C	bg13	12	19	+	12.4194	3.01e-05	0.116	CAACCACC
MA0695.2	ZBTB7C	bg13	199	206	+	12.4194	3.01e-05	0.116	CAACCACC
MA0471.3	E2F6	bg08	57	64	+	12.2358	3.01e-05	0.15	GGAGGGAA
MA0471.3	E2F6	bg01	183	190	+	12.2358	3.01e-05	0.15	GGAGGGAA
MA2099.1	ZNF770	bg12	133	140	+	13.4495	3.01e-05	0.0456	CAGCCTCA
MA2099.1	ZNF770	bg02	149	156	-	13.4495	3.01e-05	0.0456	CAGCCTCA
MA2099.1	ZNF770	bg11	168	175	+	13.4495	3.01e-05	0.0456	CAGCCTCA
MA1720.2	ZNF85	bg05	150	161	-	11.7551	3.01e-05	0.384	AGGATTCCAGCT
MA1721.2	ZNF93	bg02	129	142	+	11.1193	3.01e-05	0.0565	GGTGGCACCAGCTG
MA1485.1	FERD3L	bg02	133	146	+	9.53191	3.01e-05	0.105	GCACCAGCTGCTGT
MA1418.2	IRF3	bg06	148	164	-	6.41463	3.02e-05	0.188	GGAGATGAAACAGAATG
MA0155.1	INSM1	element	192	203	+	12.0408	3.02e-05	0.119	AGCCTGGGGTCA
MA0516.3	SP2	bg25	193	201	+	12.4045	3.03e-05	0.0636	GGGGAGGGC
MA0048.3	NHLH1	bg28	185	193	+	12.5172	3.03e-05	0.15	CGCAGCTGG
MA0139.2	CTCF	bg05	44	58	-	10.918	3.06e-05	0.362	GGCACCAGAAGGCAA
MA0698.2	ZBTB18	bg17	142	152	+	11.7571	3.06e-05	0.0938	AGCCAGGTGTG
MA1966.2	TFAP4::ETV1	bg15	79	91	+	11.6016	3.06e-05	0.289	CAGGAACCAGGAG
MA1653.2	ZNF148	bg21	151	160	-	11.6735	3.07e-05	0.0347	CCCCTCGCCT
MA2123.1	Hand1	bg14	14	22	-	12.5447	3.07e-05	0.0927	CCCAGACCC
MA1631.2	ASCL1	bg08	50	58	-	12.4634	3.08e-05	0.0993	CCACCTGCA
MA0759.3	ELK3	element	109	117	+	12.3061	3.1e-05	0.155	ACCGGATGT
MA0759.3	ELK3	element	168	176	+	12.3061	3.1e-05	0.155	ACCGGATGT
MA1959.2	KLF7	bg16	129	136	+	13.3371	3.11e-05	0.131	GGGCGGAG
MA0751.2	ZIC4	bg02	163	176	+	11.8269	3.11e-05	0.128	AGCCGCCCGCAGGG
MA0800.2	EOMES	bg18	77	85	+	12.561	3.11e-05	0.197	ATGTGTGAA
MA0484.3	HNF4G	bg13	165	173	-	12.3121	3.11e-05	0.372	CAAAGGCCA
MA1587.1	ZNF135	bg09	130	143	-	10.0306	3.12e-05	0.0381	CCTTCACCTCTGGA
MA1527.2	NFIC	bg15	60	74	-	6.39655	3.12e-05	0.11	GTGGCCTTATGGCAA
MA1616.2	Prdm15	bg26	96	106	-	11.9908	3.14e-05	0.193	GGAAGCCTGGA
MA0783.1	PKNOX2	bg29	46	57	+	5.93443	3.15e-05	0.156	AGACAGATGTGA
MA1107.3	KLF9	bg04	19	29	-	11.813	3.17e-05	0.0948	TCCACTCCCAC
MA0504.2	NR2C2	bg21	167	180	-	11.1143	3.17e-05	0.124	AGGGTCGGAGGCCT
MA1420.1	IRF5	bg05	121	134	-	11.5286	3.18e-05	0.351	AGGAAACTGATACC
MA0860.1	Rarg	bg17	92	108	+	-2.16364	3.19e-05	0.355	TGGATCACCTGAGGTCA
MA1930.2	CTCF	bg02	174	206	-	9.01835	3.21e-05	0.0482	CTGGAGAGAAGGCCTGAGCCCGGCAGAAGCCCC
MA1567.3	Tbx6	bg10	94	102	+	12.1284	3.21e-05	0.211	GGGTGTGAG
MA0091.2	TAL1::TCF3	bg02	135	144	+	12.5169	3.23e-05	0.142	ACCAGCTGCT
MA0822.1	HES7	bg23	93	104	+	5.93103	3.23e-05	0.106	TGGCATGTGCCA
MA0065.3	Pparg::Rxra	bg12	153	165	-	11.964	3.23e-05	0.0767	GGACCAAAGGTCC
MA0117.3	Mafb	bg27	47	57	-	12.3146	3.24e-05	0.415	ACACTGCTGAC
MA2096.1	ZNF524	bg09	32	40	+	12.6724	3.24e-05	0.352	CTTGAACCC
MA2125.1	Zfp809	bg15	26	34	-	12.6341	3.25e-05	0.0713	CTCCCAGCC
MA2125.1	Zfp809	bg06	55	63	+	12.6341	3.25e-05	0.0713	CTCCCAGCC
MA1961.2	PATZ1	bg09	39	49	+	11.4944	3.25e-05	0.0394	CCGGGAGGCGG
MA0163.1	PLAG1	bg21	32	45	+	7.80612	3.25e-05	0.0692	GGGGCCTTGAGGAG
MA0596.1	SREBF2	bg12	45	54	+	12.6404	3.27e-05	0.195	ATGGTCTGAT
MA0802.2	TBR1	bg18	77	85	+	12.766	3.27e-05	0.194	ATGTGTGAA
MA2121.1	ZNF213	bg06	79	90	-	11.8943	3.27e-05	0.0298	GTCCAGGCAGAG
MA1514.2	KLF17	bg26	200	213	-	10.5408	3.28e-05	0.252	ACCACGCACTCACC
MA0812.2	TFAP2B	bg20	70	78	+	12.8727	3.28e-05	0.0561	CCCTGAGGC
MA0812.2	TFAP2B	bg12	135	143	-	12.8727	3.28e-05	0.0561	CCCTGAGGC
MA0598.4	EHF	bg01	204	212	-	12.2114	3.28e-05	0.409	TACTTCCTC
MA1515.2	KLF2	bg13	205	212	+	12.4727	3.28e-05	0.103	CCCCACCC
MA1515.2	KLF2	bg28	208	215	+	12.4727	3.28e-05	0.103	CCCCACCC
MA0493.3	KLF1	bg18	174	181	+	13.2921	3.28e-05	0.0812	GGGTGTGG
MA0050.4	Irf1	bg23	27	37	+	11.9441	3.28e-05	0.292	GGAAACTGAGA
MA1511.2	KLF10	bg13	205	213	-	11.9438	3.29e-05	0.106	TGGGTGGGG
MA0832.2	Tcf21	bg28	173	182	+	9.31579	3.29e-05	0.204	AACCGCTGTC
MA0762.2	ETV2	element	109	117	+	12.2951	3.3e-05	0.198	ACCGGATGT
MA0762.2	ETV2	element	168	176	+	12.2951	3.3e-05	0.198	ACCGGATGT
MA0811.2	TFAP2B	bg12	135	145	+	12.2909	3.3e-05	0.057	GCCTCAGGGCC
MA1710.2	ZNF257	bg01	196	205	+	12.5281	3.31e-05	0.0528	GAGGAAAGGA
MA0091.2	TAL1::TCF3	bg16	179	188	-	12.5056	3.32e-05	0.142	ACCATCTGTG
MA0078.3	Sox17	bg16	193	202	+	11.8662	3.32e-05	0.428	AGAACAATTG
MA1654.2	ZNF16	bg26	76	96	-	5.77419	3.33e-05	0.193	AAGCGGGAGACCCAGAGAGTG
MA1596.1	ZNF460	bg23	165	180	-	8.16854	3.33e-05	0.0218	ATCCCCTCCTCCTGGG
MA1721.2	ZNF93	bg22	7	20	-	10.9083	3.34e-05	0.0565	AGAAGCAGCAGCAC
MA1581.2	ZBTB6	element	118	126	+	12	3.35e-05	0.0764	GCTTGAGCT
MA1630.3	ZNF281	bg06	62	71	-	9.85393	3.35e-05	0.0329	GGGTGAGGGG
MA1630.3	ZNF281	bg27	107	116	-	9.85393	3.35e-05	0.0329	AGGGGAGGGG
MA1983.2	ZNF582	bg11	46	64	-	8.20183	3.35e-05	0.206	GTGATTATTTGCATCCAAT
MA0690.3	TBX21	bg10	93	102	-	11.9455	3.36e-05	0.2	CTCACACCCT
MA2341.1	FEZF2	bg09	83	90	+	12.2571	3.4e-05	0.0327	TCCAGCCT
MA2341.1	FEZF2	bg24	185	192	-	12.2571	3.4e-05	0.0327	TCCAGCCT
MA2341.1	FEZF2	bg11	197	204	+	12.2571	3.4e-05	0.0327	TCCAGCCT
MA1596.1	ZNF460	bg26	11	26	-	8.11236	3.41e-05	0.0218	ATCCCTGCCTCCCTCC
MA1999.2	Prdm5	bg16	182	192	-	11.8424	3.41e-05	0.109	GCTCACCATCT
MA0090.4	TEAD1	bg02	52	60	+	12.5528	3.42e-05	0.239	ACATACCAG
MA1957.1	HOXB2::ELK1	bg29	32	45	-	10.5574	3.42e-05	0.266	GACGGAGGTAGTCA
MA2330.1	ZBTB24	bg24	34	43	+	11.5904	3.42e-05	0.0777	GCCAGGACTC
MA1566.3	TBX3	bg18	102	110	+	12.8	3.43e-05	0.195	AGGTGTGAC
MA0645.2	ETV6	bg01	204	212	+	12.4231	3.43e-05	0.428	GAGGAAGTA
MA0751.2	ZIC4	bg14	65	78	+	11.6538	3.43e-05	0.128	GCCTCCCCACCGTG
MA2327.1	PGR	bg06	147	155	+	11.9431	3.43e-05	0.144	ACATTCTGT
MA2327.1	PGR	bg06	147	155	-	11.9431	3.43e-05	0.144	ACAGAATGT
MA1976.2	ZNF320	bg07	89	108	-	9.73034	3.44e-05	0.039	GGGGGGTGCAGAGGGCTGGG
MA1539.1	NR2F6	element	127	141	+	7.42308	3.45e-05	0.184	AAGGGCGCTGAACCA
MA1107.3	KLF9	bg28	207	217	+	11.6667	3.45e-05	0.0948	GCCCCACCCCG
MA0149.1	EWSR1-FLI1	bg26	3	20	+	-10.8158	3.45e-05	0.0336	GATGGGAAGGAGGGAGGC
MA1652.2	ZKSCAN5	bg27	105	113	-	11.3945	3.45e-05	0.0742	GGAGGGGAG
MA1969.2	THRA	bg27	105	122	+	9.11842	3.45e-05	0.135	CTCCCCTCCCCTGACCCC
MA0039.5	KLF4	bg28	122	129	-	11.8273	3.46e-05	0.0742	CTCCACCC
MA0039.5	KLF4	bg18	163	170	-	11.8273	3.46e-05	0.0742	CTCCACCC
MA1721.2	ZNF93	bg20	100	113	+	10.8349	3.46e-05	0.0565	TGTGGCAGCAGAGG
MA1629.2	Zic2	bg16	90	98	+	11.7561	3.47e-05	0.0717	ACCAGCAGG
MA1657.2	ZNF652	bg24	11	19	-	12.0857	3.47e-05	0.45	AAGGGTTAG
MA0088.2	ZNF143	bg13	12	27	+	4.13793	3.47e-05	0.215	CAACCACCGTCCACCA
MA0686.2	SPDEF	element	108	117	+	11.7818	3.47e-05	0.142	CACCGGATGT
MA0686.2	SPDEF	element	167	176	+	11.7818	3.47e-05	0.142	CACCGGATGT
MA0079.5	SP1	bg03	136	144	-	11.5306	3.49e-05	0.0851	GGGGAGGTG
MA1969.2	THRA	bg11	153	170	+	9.09211	3.49e-05	0.135	GTGTCCTCAGCTTCCCAG
MA0727.2	NR3C2	bg28	154	168	+	7.57447	3.5e-05	0.236	GGGACAGTGTGTCTC
MA1954.2	FOXO1::ELK1	bg26	101	113	-	11.4592	3.51e-05	0.428	GGTAGCAGGAAGC
MA1627.2	Wt1	bg04	127	136	+	11.7642	3.54e-05	0.0738	CCTGCCCCAC
MA1567.3	Tbx6	bg18	102	110	+	11.945	3.54e-05	0.211	AGGTGTGAC
MA1565.2	TBX18	bg10	94	102	+	12.1129	3.54e-05	0.125	GGGTGTGAG
MA0686.2	SPDEF	bg26	129	138	+	11.7636	3.55e-05	0.142	ACCAGGATGC
MA1999.2	Prdm5	bg14	51	61	-	11.8061	3.56e-05	0.109	CATCTCCATCT
MA0149.1	EWSR1-FLI1	bg26	2	19	+	-10.9079	3.56e-05	0.0336	GGATGGGAAGGAGGGAGG
MA0685.2	SP4	bg03	136	144	-	11.8539	3.58e-05	0.0873	GGGGAGGTG
MA1653.2	ZNF148	bg10	207	216	-	11.4286	3.58e-05	0.036	CCCCTCCACT
MA0138.3	REST	bg11	82	101	+	6.96939	3.58e-05	0.0914	CCTGGCCTGTGGACAGCTCT
MA1587.1	ZNF135	bg28	87	100	-	9.70408	3.59e-05	0.0395	CCCCGACCTCCGTC
MA1627.2	Wt1	element	160	169	+	11.6829	3.6e-05	0.0738	CATCCCCCAC
MA2097.1	ZNF75A	bg25	63	74	-	10.6379	3.6e-05	0.19	AGTTTTCTCACA
MA1522.2	MAZ	bg05	195	202	+	12.7143	3.6e-05	0.0554	CCCCTCCA
MA1615.2	Plagl1	bg10	190	197	+	12.6179	3.6e-05	0.121	GGGGGCCA
MA1522.2	MAZ	bg10	209	216	-	12.7143	3.6e-05	0.0554	CCCCTCCA
MA0069.1	PAX6	bg30	64	77	+	11.6556	3.61e-05	0.397	TTCAGGCCTCAGTT
MA0812.2	TFAP2B	bg05	79	87	+	12.4909	3.61e-05	0.0561	CCCCCAGGC
MA1596.1	ZNF460	bg29	200	215	-	7.96629	3.61e-05	0.0218	GCCCGCGCCTCCGCGC
MA1516.2	KLF3	bg18	174	183	-	11.2128	3.61e-05	0.194	CACCACACCC
MA1976.2	ZNF320	bg01	124	143	-	9.61798	3.62e-05	0.039	GAGGGAGACCAGGGACTGGG
MA1726.2	ZNF331	bg21	9	18	-	11.7615	3.63e-05	0.105	TGCAAAGCCC
MA0811.2	TFAP2B	bg12	182	192	+	12.1818	3.64e-05	0.057	GCCCTCAGGCC
MA1528.2	NFIX	bg29	171	184	-	10.8511	3.64e-05	0.241	CTGGCGCATTGCCT
MA1588.1	ZNF136	bg17	128	142	-	10.3468	3.65e-05	0.459	TAATTTTTTGTTGGC
MA1521.2	MAFA	bg20	97	109	-	11.6545	3.65e-05	0.216	TGCTGCCACAGCC
MA1512.2	KLF11	bg29	196	205	-	11.8462	3.66e-05	0.201	CCGCGCCCAC
MA1934.2	ERF::FIGLA	bg15	79	91	+	8.7551	3.66e-05	0.361	CAGGAACCAGGAG
MA1976.2	ZNF320	bg14	22	41	+	9.58427	3.68e-05	0.039	GTAGAGCTCAGGGGACTGAT
MA1575.2	THRB	bg26	109	125	+	9.72727	3.68e-05	0.201	CTACCTGAAGCAGGGCA
MA0743.3	SCRT1	bg30	82	91	-	11.9908	3.68e-05	0.294	GCAGCAGGTG
MA1987.2	ZNF701	bg01	141	157	-	10.5413	3.71e-05	0.066	GAGGAGCAGAGGCTGAG
MA0814.3	TFAP2C	bg19	2	10	-	11.9187	3.71e-05	0.0352	GGCTGAGGC
MA0814.3	TFAP2C	bg09	13	21	+	11.9187	3.71e-05	0.0352	GGCTGAGGC
MA0814.3	TFAP2C	bg17	80	88	+	11.9187	3.71e-05	0.0352	GGCTGAGGC
MA0814.3	TFAP2C	bg17	186	194	+	11.9187	3.71e-05	0.0352	GGCTGAGGC
MA1967.2	TFAP4::FLI1	bg02	129	142	+	5.56897	3.72e-05	0.226	GGTGGCACCAGCTG
MA1723.2	PRDM9	bg29	195	214	+	10.8265	3.73e-05	0.0335	AGTGGGCGCGGAGGCGCGGG
MA1584.2	ZIC5	bg23	187	201	-	7.51064	3.73e-05	0.134	GCCCCCATGCTGACC
MA1539.1	NR2F6	bg28	91	105	+	7.19231	3.74e-05	0.184	GAGGTCGGGGGCCCC
MA0627.3	POU2F3	bg11	50	58	+	12.5152	3.76e-05	0.487	GATGCAAAT
MA1524.3	Msgn1	bg23	118	127	+	11.6515	3.78e-05	0.304	GGCAGATGGT
MA1584.2	ZIC5	bg14	65	79	+	7.46809	3.78e-05	0.134	GCCTCCCCACCGTGT
MA1652.2	ZKSCAN5	bg14	124	132	-	11.0734	3.78e-05	0.0742	GGAGATGAG
MA0797.1	TGIF2	bg30	93	104	-	9.55963	3.79e-05	0.159	GGACAGTTGTCA
MA1154.2	ZNF282	bg30	175	189	+	7.48571	3.8e-05	0.475	GAATCCCTCTACCCT
MA0003.5	TFAP2A	bg12	183	191	-	11.9512	3.8e-05	0.0495	GCCTGAGGG
MA1979.2	ZNF416	bg14	39	48	+	12.1714	3.81e-05	0.141	GATCTGGGCC
MA2097.1	ZNF75A	bg08	156	167	+	10.5172	3.83e-05	0.19	GGTTTTTCCACT
MA0730.1	RARA	bg04	55	71	+	5.06557	3.84e-05	0.144	AGGACAGCGTGAGGACA
MA0002.3	Runx1	bg25	169	177	-	12.1034	3.85e-05	0.347	CTGTGGTCA
MA0829.3	SREBF1	bg17	95	104	-	11.5447	3.88e-05	0.155	CTCAGGTGAT
MA0668.3	Neurod2	bg23	119	126	+	13.1468	3.88e-05	0.0899	GCAGATGG
MA1645.2	NKX2-2	bg12	128	135	+	11.6748	3.88e-05	0.213	CCACTCAG
MA0664.2	MLXIPL	bg18	18	25	+	12.6515	3.88e-05	0.441	AGCACGTG
MA1620.2	Ptf1A	bg18	7	14	+	12.4553	3.88e-05	0.23	ACACCTGG
MA1620.2	Ptf1A	bg17	144	151	-	12.4553	3.88e-05	0.23	ACACCTGG
MA0668.3	Neurod2	bg07	116	123	-	13.1468	3.88e-05	0.0899	GCAGATGG
MA0739.2	Hic1	bg23	91	98	-	11.9615	3.88e-05	0.21	ATGCCAGC
MA1472.3	Bhlha15	bg19	74	81	+	12.748	3.88e-05	0.111	CCAGCTGT
MA1472.3	Bhlha15	bg19	74	81	-	12.748	3.88e-05	0.111	ACAGCTGG
MA1472.3	Bhlha15	bg23	88	95	+	12.748	3.88e-05	0.111	ACAGCTGG
MA1472.3	Bhlha15	bg23	88	95	-	12.748	3.88e-05	0.111	CCAGCTGT
MA1646.2	OSR2	bg02	177	184	-	12.4397	3.88e-05	0.479	GCAGAAGC
MA1109.2	NEUROD1	bg04	177	184	-	13.3578	3.88e-05	0.0903	CCAGATGG
MA1109.2	NEUROD1	bg27	205	212	-	13.3578	3.88e-05	0.0903	CCAGATGG
MA0741.1	KLF16	bg24	190	200	-	11.6034	3.88e-05	0.161	GCCCCTCCTCC
MA1516.2	KLF3	bg29	62	71	+	11.1064	3.88e-05	0.194	TGCCAAGCCC
MA1572.1	TGIF2LY	bg30	93	104	-	11.5968	3.89e-05	0.213	GGACAGTTGTCA
MA2101.1	ZNF677	bg20	161	172	+	11.5691	3.89e-05	0.496	GGAAAGCACAGC
MA1637.2	EBF3	bg27	186	194	-	11.6504	3.9e-05	0.0801	CCCTGGGGA
MA1601.2	ZNF75D	bg08	155	166	-	10.7865	3.9e-05	0.313	GTGGAAAAACCG
MA1631.2	ASCL1	bg24	49	57	+	12.1545	3.9e-05	0.0993	CCACCTGCG
MA1959.2	KLF7	bg13	205	212	-	13.191	3.92e-05	0.131	GGGTGGGG
MA1959.2	KLF7	bg28	208	215	-	13.191	3.92e-05	0.131	GGGTGGGG
MA1629.2	Zic2	element	19	27	+	11.4553	3.92e-05	0.0717	CACTGCAGG
MA0810.2	TFAP2A	bg02	167	177	-	12.1273	3.92e-05	0.0538	CCCCTGCGGGC
MA1999.2	Prdm5	bg18	35	45	-	11.6364	3.94e-05	0.109	GTTCCCCCTCT
MA1976.2	ZNF320	bg10	181	200	+	9.42697	3.94e-05	0.039	TGCAGAGCTGGGGGCCAGGG
MA0517.2	STAT1::STAT2	bg08	87	99	+	11.0303	3.95e-05	0.283	AGTTCCTTTTCCT
MA1515.2	KLF2	bg29	198	205	-	12.4545	3.95e-05	0.103	CCGCGCCC
MA0804.2	TBX19	bg22	52	68	+	10.561	3.96e-05	0.493	TCACAATTAGCTGTGGA
MA0524.3	TFAP2C	bg12	182	192	+	11.9898	3.96e-05	0.0587	GCCCTCAGGCC
MA0606.3	Nfat5	bg08	159	166	-	11.9014	3.96e-05	0.4	GTGGAAAA
MA1989.2	Bcl11B	bg05	117	125	-	11.7305	3.98e-05	0.515	ATACCACAA
MA0753.3	ZNF740	bg13	205	214	+	10.9775	3.98e-05	0.105	CCCCACCCAA
MA2099.1	ZNF770	bg19	6	13	+	12.4679	4e-05	0.0456	CAGCCTCC
MA2099.1	ZNF770	bg09	10	17	-	12.4679	4e-05	0.0456	CAGCCTCC
MA2099.1	ZNF770	bg17	77	84	-	12.4679	4e-05	0.0456	CAGCCTCC
MA2099.1	ZNF770	bg19	113	120	-	12.4679	4e-05	0.0456	CAGCCTCC
MA2099.1	ZNF770	bg17	183	190	-	12.4679	4e-05	0.0456	CAGCCTCC
MA1729.2	ZNF680	bg05	109	119	-	11.1927	4.01e-05	0.514	CAAGGAAGAGT
MA1596.1	ZNF460	bg16	102	117	+	7.68539	4.03e-05	0.0224	GGCCCAGCCTTCCCCC
MA0159.1	RARA::RXRA	bg15	33	49	+	10.8878	4.04e-05	0.191	AGGTCACAAGGAAGAGA
MA1980.1	ZNF418	bg06	130	144	-	10.0808	4.04e-05	0.391	GAGGGGCCACAGACA
MA1722.2	ZSCAN31	bg26	115	132	-	2.36538	4.05e-05	0.502	TGGTACTTGCCCTGCTTC
MA1947.2	ETV5::FOXO1	bg15	69	78	+	11.9	4.05e-05	0.26	GGCCACAGGA
MA0138.3	REST	bg27	111	130	-	6.64286	4.05e-05	0.0914	ACAGGACTGGGGTCAGGGGA
MA2121.1	ZNF213	bg15	22	33	-	11.561	4.06e-05	0.0332	TCCCAGCCAGGG
MA1967.2	TFAP4::FLI1	bg27	135	148	+	5.24138	4.06e-05	0.226	AGCCCAACCAGGTG
MA2125.1	Zfp809	bg03	54	62	-	12.1138	4.06e-05	0.0713	TTCCCAGGC
MA0727.2	NR3C2	bg28	154	168	-	7.06383	4.07e-05	0.236	GAGACACACTGTCCC
MA2123.1	Hand1	bg13	34	42	-	11.8537	4.08e-05	0.0927	GCCAGACCA
MA2123.1	Hand1	bg03	104	112	-	11.8537	4.08e-05	0.0927	GCCAGACCA
MA0149.1	EWSR1-FLI1	bg26	14	31	+	-11.3158	4.08e-05	0.0355	GGGAGGCAGGGATGAGGT
MA0799.3	RFX4	bg30	87	99	-	7.09836	4.09e-05	0.267	GTTGTCAAGCAGC
MA0493.3	KLF1	bg27	107	114	-	13.1685	4.1e-05	0.0812	GGGAGGGG
MA1710.2	ZNF257	bg26	16	25	+	12.191	4.1e-05	0.0528	GAGGCAGGGA
MA1710.2	ZNF257	bg20	74	83	+	12.191	4.1e-05	0.0528	GAGGCAGGGA
MA1630.3	ZNF281	bg13	177	186	-	9.02247	4.11e-05	0.037	GGAGGAGGTG
MA0163.1	PLAG1	bg03	115	128	+	7.12245	4.11e-05	0.0729	GGGGTGCAGAGGGG
MA1930.2	CTCF	bg16	110	142	-	8.44954	4.12e-05	0.053	TGGCTGCTCCGCCCGGTGTGCTGGTGGGGGAAG
MA2330.1	ZBTB24	bg04	52	61	+	11.3614	4.12e-05	0.0777	CCCAGGACAG
MA1618.2	Ptf1A	bg04	176	184	-	12.0976	4.13e-05	0.113	CCAGATGGT
MA0742.2	KLF12	bg29	205	213	+	11.1348	4.14e-05	0.0852	GAGGCGCGG
MA1107.3	KLF9	bg20	95	105	-	11.252	4.17e-05	0.0948	GCCACAGCCAG
MA1468.1	ATOH7	bg23	118	127	-	11.8852	4.17e-05	0.48	ACCATCTGCC
MA0147.4	MYC	bg18	19	26	+	11.9431	4.17e-05	0.222	GCACGTGC
MA0147.4	MYC	bg18	19	26	-	11.9431	4.17e-05	0.222	GCACGTGC
MA1575.2	THRB	bg26	109	125	-	9.38182	4.18e-05	0.201	TGCCCTGCTTCAGGTAG
MA1712.2	ZNF454	bg21	110	126	-	10.6585	4.19e-05	0.0392	GGCTCTGGCACCCAGTG
MA1565.2	TBX18	bg18	102	110	+	12.0161	4.2e-05	0.125	AGGTGTGAC
MA1569.2	TFAP2E	bg05	79	87	-	12.898	4.2e-05	0.0432	GCCTGGGGG
MA0812.2	TFAP2B	bg20	70	78	-	12.2364	4.21e-05	0.0561	GCCTCAGGG
MA0812.2	TFAP2B	bg12	135	143	+	12.2364	4.21e-05	0.0561	GCCTCAGGG
MA1957.1	HOXB2::ELK1	element	109	122	+	10.082	4.21e-05	0.266	ACCGGATGTGCTTG
MA0065.3	Pparg::Rxra	bg04	122	134	-	11.5946	4.23e-05	0.0835	GGGGCAGGGGCCT
MA2329.1	ZBTB11	element	110	118	-	12.1651	4.23e-05	0.225	CACATCCGG
MA2329.1	ZBTB11	element	169	177	-	12.1651	4.23e-05	0.225	CACATCCGG
MA1124.1	ZNF24	bg27	73	85	+	10.4091	4.23e-05	0.537	TGTTCATGCATTC
MA0505.3	Nr5A2	bg21	33	41	+	11.9431	4.23e-05	0.176	GGGCCTTGA
MA0505.3	Nr5A2	bg25	198	206	+	11.9431	4.23e-05	0.176	GGGCCTTGA
MA1721.2	ZNF93	bg02	132	145	+	10.422	4.24e-05	0.0576	GGCACCAGCTGCTG
MA1650.2	ZBTB14	bg08	150	157	-	11.8545	4.24e-05	0.183	CCGGGCAC
MA1596.1	ZNF460	bg15	189	204	-	7.55056	4.24e-05	0.0224	TCCCCAGCTTCCTGAG
MA0516.3	SP2	bg09	43	51	+	11.8427	4.24e-05	0.0636	GAGGCGGAG
MA2095.1	Sox7	bg16	193	202	+	11.7523	4.27e-05	0.55	AGAACAATTG
MA1715.1	ZNF707	bg02	61	75	+	8.21212	4.27e-05	0.112	CCCTTCTCCCGGGAG
MA0039.5	KLF4	bg27	107	114	+	11.7636	4.27e-05	0.0763	CCCCTCCC
MA1723.2	PRDM9	bg01	194	213	+	10.5408	4.28e-05	0.0341	TAGAGGAAAGGAGGAAGTAC
MA0779.2	PAX1	bg19	158	173	-	7.2	4.28e-05	0.467	CGTCACAGCTCACTGC
MA2125.1	Zfp809	bg23	208	216	+	11.8862	4.29e-05	0.0713	ATCCCGGCC
MA1513.2	KLF15	bg29	198	205	-	11.2308	4.29e-05	0.124	CCGCGCCC
MA1731.2	ZNF768	bg14	113	121	+	11.8989	4.3e-05	0.103	CCCTCGCTG
MA0696.1	ZIC1	bg14	65	78	+	7.70213	4.3e-05	0.198	GCCTCCCCACCGTG
MA1587.1	ZNF135	bg06	48	61	+	9.27551	4.31e-05	0.0431	CCTCTGCCTCCCAG
MA1556.1	RXRG	bg17	200	213	-	9.18966	4.33e-05	0.448	AGGTTCACGCCATT
MA1540.3	NR5A1	bg18	66	77	+	11.3688	4.33e-05	0.179	GCATCAAGGCCA
MA0119.1	NFIC::TLX1	element	76	89	+	7.02041	4.33e-05	0.124	TGTCTCAGAGCCAA
MA0119.1	NFIC::TLX1	element	75	88	-	7.02041	4.33e-05	0.124	TGGCTCTGAGACAA
MA0492.2	JUND	bg14	102	112	+	11.8511	4.37e-05	0.362	GGTGAGCTCAT
MA0657.2	KLF13	bg27	169	185	+	6.27273	4.37e-05	0.532	TGACAGTCCCCTTTCTC
MA0758.1	E2F7	bg01	179	192	-	-2.72131	4.38e-05	0.539	TGTTCCCTCCAGAA
MA0081.3	SPIB	bg01	161	173	+	11.2195	4.39e-05	0.178	GCACTTCCCTTCA
MA2341.1	FEZF2	bg21	135	142	+	12.0429	4.39e-05	0.0362	CCCAGGCT
MA2341.1	FEZF2	element	192	199	-	12.0429	4.39e-05	0.0362	CCCAGGCT
MA0697.3	Zic3	bg16	92	98	+	13.7021	4.39e-05	0.0938	CAGCAGG
MA0697.3	Zic3	bg05	168	174	+	13.7021	4.39e-05	0.0938	CAGCAGG
MA1628.2	Zic1::Zic2	bg16	92	98	+	13.9268	4.39e-05	0.0847	CAGCAGG
MA1628.2	Zic1::Zic2	bg05	168	174	+	13.9268	4.39e-05	0.0847	CAGCAGG
MA0528.3	ZNF263	bg06	177	183	-	13.8273	4.39e-05	0.252	GGGAGGA
MA0528.3	ZNF263	bg05	184	190	-	13.8273	4.39e-05	0.252	GGGAGGA
MA1648.2	TCF12	bg24	50	56	+	13.3191	4.39e-05	0.15	CACCTGC
MA1648.2	TCF12	bg30	82	88	+	13.3191	4.39e-05	0.15	CACCTGC
MA1558.2	SNAI1	bg24	50	56	-	13.2041	4.39e-05	0.189	GCAGGTG
MA1558.2	SNAI1	bg30	82	88	-	13.2041	4.39e-05	0.189	GCAGGTG
MA0522.4	TCF3	bg24	50	56	+	13.5106	4.39e-05	0.151	CACCTGC
MA0522.4	TCF3	bg30	82	88	+	13.5106	4.39e-05	0.151	CACCTGC
MA0697.3	Zic3	bg24	24	30	-	13.7021	4.39e-05	0.0938	CAGCAGG
MA0697.3	Zic3	bg30	84	90	-	13.7021	4.39e-05	0.0938	CAGCAGG
MA0697.3	Zic3	bg12	173	179	-	13.7021	4.39e-05	0.0938	CAGCAGG
MA1628.2	Zic1::Zic2	bg24	24	30	-	13.9268	4.39e-05	0.0847	CAGCAGG
MA1628.2	Zic1::Zic2	bg30	84	90	-	13.9268	4.39e-05	0.0847	CAGCAGG
MA1628.2	Zic1::Zic2	bg12	173	179	-	13.9268	4.39e-05	0.0847	CAGCAGG
MA0626.2	Npas2	bg18	19	26	+	12.4918	4.39e-05	0.278	GCACGTGC
MA0626.2	Npas2	bg18	19	26	-	12.4918	4.39e-05	0.278	GCACGTGC
MA1648.2	TCF12	bg08	51	57	-	13.3191	4.39e-05	0.15	CACCTGC
MA1558.2	SNAI1	bg08	51	57	+	13.2041	4.39e-05	0.189	GCAGGTG
MA0522.4	TCF3	bg08	51	57	-	13.5106	4.39e-05	0.151	CACCTGC
MA1627.2	Wt1	bg16	110	119	+	11.3902	4.42e-05	0.0738	CTTCCCCCAC
MA1986.2	ZNF692	bg14	61	68	-	12.4231	4.42e-05	0.0806	AGGCCCAC
MA1522.2	MAZ	bg09	41	48	-	10.8367	4.42e-05	0.0582	CGCCTCCC
MA0149.1	EWSR1-FLI1	bg26	34	51	+	-11.5789	4.42e-05	0.0358	GGGAAGAAGGAGAGAAAA
MA1604.2	Ebf2	bg16	158	166	+	11.4146	4.43e-05	0.0858	CCCAAAGGA
MA0761.3	ETV1	bg26	101	109	-	11.6585	4.43e-05	0.211	GCAGGAAGC
MA1548.2	PLAGL2	bg10	190	197	-	12.459	4.44e-05	0.0487	TGGCCCCC
MA1548.2	PLAGL2	bg07	80	87	+	12.459	4.44e-05	0.0487	GGGCCCCA
MA0649.2	HEY2	bg18	18	26	+	11.1897	4.44e-05	0.287	AGCACGTGC
MA0113.4	NR3C1	bg28	154	168	+	6.85714	4.45e-05	0.321	GGGACAGTGTGTCTC
MA0736.1	GLIS2	bg13	203	216	+	9.27869	4.45e-05	0.251	CACCCCACCCAAAG
MA0616.3	HES2	bg18	19	27	-	12.2885	4.45e-05	0.253	TGCACGTGC
MA2330.1	ZBTB24	bg12	57	66	+	11.3012	4.45e-05	0.0777	CCCAGGAGCT
MA0805.1	TBX1	bg10	94	101	+	11.8776	4.46e-05	0.243	GGGTGTGA
MA1528.2	NFIX	bg01	95	108	-	10.2979	4.46e-05	0.241	CAGGCTTCGTGCCA
MA1618.2	Ptf1A	bg23	119	127	+	11.9106	4.46e-05	0.113	GCAGATGGT
MA1987.2	ZNF701	bg30	177	193	-	10.1468	4.47e-05	0.066	GAGAAGGGTAGAGGGAT
MA0737.1	GLIS3	bg13	203	216	+	5.14754	4.47e-05	0.213	CACCCCACCCAAAG
MA1630.3	ZNF281	bg09	42	51	+	8.51685	4.49e-05	0.0373	GGAGGCGGAG
MA1712.2	ZNF454	element	124	140	-	10.5203	4.49e-05	0.0392	GGTTCAGCGCCCTTAGC
MA0781.2	PAX9	bg28	138	153	+	2.38182	4.49e-05	0.242	GGTCGTGCGTGAGTGG
MA0781.2	PAX9	bg19	158	173	-	2.38182	4.49e-05	0.242	CGTCACAGCTCACTGC
MA1491.3	GLI3	bg24	46	60	+	2.96154	4.5e-05	0.187	GGCCCACCTGCGTGG
MA0694.2	ZBTB7B	bg21	155	164	-	11.6724	4.5e-05	0.166	CGACCCCCTC
MA1652.2	ZKSCAN5	bg03	134	142	-	11.055	4.5e-05	0.0756	GGAGGTGGG
MA1961.2	PATZ1	bg05	10	20	-	10.6517	4.51e-05	0.0432	GCAGGAGGGAG
MA0003.5	TFAP2A	bg15	178	186	+	11.7236	4.52e-05	0.0495	CCCTCAGGA
MA1565.2	TBX18	bg02	34	42	-	11.8387	4.53e-05	0.125	AGGTGTCAG
MA1564.2	SP9	bg29	196	205	-	11.6364	4.54e-05	0.258	CCGCGCCCAC
MA2122.1	Ebf4	bg04	50	60	+	11.234	4.54e-05	0.086	TCCCCAGGACA
MA1716.2	ZNF76	bg05	56	72	+	8.7069	4.55e-05	0.16	GCCCATAGTCCCCTGGA
MA0517.2	STAT1::STAT2	bg05	121	133	+	10.7424	4.55e-05	0.283	GGTATCAGTTTCC
MA0813.1	TFAP2B	bg02	166	178	+	11.1148	4.55e-05	0.0623	CGCCCGCAGGGGC
MA0741.1	KLF16	bg29	190	200	-	11.2759	4.56e-05	0.161	CCCACTCCCAT
MA1961.2	PATZ1	bg03	132	142	-	10.6292	4.58e-05	0.0432	GGAGGTGGGAC
MA2097.1	ZNF75A	bg14	77	88	-	10.0345	4.58e-05	0.19	AGCTCTCCCACA
MA1946.2	ETV5::FOXI1	bg12	170	181	-	11.303	4.59e-05	0.312	AGCAGCAGGATG
MA1511.2	KLF10	bg28	121	129	+	11.1236	4.59e-05	0.106	GGGGTGGAG
MA1604.2	Ebf2	bg27	187	195	+	11.3252	4.61e-05	0.0858	CCCCAGGGG
MA0799.3	RFX4	bg30	87	99	+	6.65574	4.63e-05	0.267	GCTGCTTGACAAC
MA1559.2	SNAI3	bg24	48	56	-	12.1818	4.63e-05	0.198	GCAGGTGGG
MA1559.2	SNAI3	bg30	80	88	-	12.1818	4.63e-05	0.198	GCAGGTGGG
MA2123.1	Hand1	bg05	21	29	+	11.6667	4.63e-05	0.0927	TCCAGGCCC
MA1602.2	ZSCAN29	bg24	159	169	+	10.918	4.64e-05	0.574	AGTCCACACAG
MA1712.2	ZNF454	bg11	187	203	+	10.4553	4.64e-05	0.0392	GACTCGGGGCTCCAGCC
MA0138.3	REST	bg02	60	79	-	6.27551	4.65e-05	0.0914	TTAGCTCCCGGGAGAAGGGC
MA1976.2	ZNF320	bg15	78	97	+	9.04494	4.67e-05	0.0419	ACAGGAACCAGGAGCCTCTG
MA1937.2	ERF::HOXB13	bg05	138	150	+	11.6897	4.67e-05	0.594	CGGAAATGAGAAA
MA0740.2	KLF14	bg24	120	128	+	11.6966	4.68e-05	0.0979	GGGGAGGGA
MA0516.3	SP2	bg12	93	101	-	11.7079	4.69e-05	0.0636	GAGGAGGGG
MA0516.3	SP2	bg23	170	178	+	11.7079	4.69e-05	0.0636	GAGGAGGGG
MA0516.3	SP2	bg24	191	199	+	11.7079	4.69e-05	0.0636	GAGGAGGGG
MA0735.2	GLIS1	bg18	93	107	-	-7.16364	4.7e-05	0.489	ACACCTCCCACTTTG
MA0136.4	Elf5	bg01	204	211	+	12.0244	4.72e-05	0.168	GAGGAAGT
MA1508.2	IKZF1	bg15	77	84	+	11.6098	4.72e-05	0.339	GACAGGAA
MA0018.5	CREB1	bg17	101	108	+	11.5461	4.72e-05	0.615	TGAGGTCA
MA0807.1	TBX5	bg02	35	42	-	11.5345	4.72e-05	0.18	AGGTGTCA
MA0806.1	TBX4	bg02	35	42	-	11.9592	4.72e-05	0.262	AGGTGTCA
MA0616.3	HES2	bg18	18	26	+	12.25	4.72e-05	0.253	AGCACGTGC
MA1572.1	TGIF2LY	bg30	93	104	+	11.3387	4.73e-05	0.213	TGACAACTGTCC
MA0742.2	KLF12	bg07	120	128	-	10.7528	4.73e-05	0.0852	GGGGCGCAG
MA0783.1	PKNOX2	bg23	62	73	+	4.36066	4.74e-05	0.156	GGCCATGTGTCA
MA1511.2	KLF10	bg29	197	205	+	10.8989	4.77e-05	0.106	TGGGCGCGG
MA1581.2	ZBTB6	bg13	89	97	+	11.4404	4.78e-05	0.0859	CCTCGAGCC
MA1930.2	CTCF	bg01	159	191	+	8.09174	4.8e-05	0.0542	GGGCACTTCCCTTCAGGGTCTTCTGGAGGGAAC
MA0695.2	ZBTB7C	bg20	25	32	-	12	4.81e-05	0.14	GGACCACC
MA0090.4	TEAD1	bg25	5	13	-	11.252	4.81e-05	0.239	GCATTCCTG
MA1624.2	Stat5a	bg05	134	142	-	11.6514	4.82e-05	0.312	TTCCGAGAA
MA1146.2	NR1H4::RXRA	element	128	140	+	11.2411	4.83e-05	0.574	AGGGCGCTGAACC
MA0746.3	SP3	bg24	190	200	-	10.7115	4.83e-05	0.197	GCCCCTCCTCC
MA1604.2	Ebf2	bg27	186	194	-	11.3008	4.83e-05	0.0858	CCCTGGGGA
MA0093.4	USF1	bg23	63	72	+	11.4065	4.84e-05	0.235	GCCATGTGTC
MA2125.1	Zfp809	bg23	104	112	+	11.3902	4.84e-05	0.0713	ATCCCAGTC
MA2125.1	Zfp809	bg01	122	130	+	11.3902	4.84e-05	0.0713	ATCCCAGTC
MA0486.2	HSF1	bg04	142	154	+	8.14754	4.85e-05	0.308	GCCTAGAACGTTC
MA1990.2	Gli1	bg15	29	38	-	11.3617	4.85e-05	0.191	TGACCTCCCA
MA1114.2	PBX3	bg07	156	166	-	11.1135	4.87e-05	0.587	GGAGTGAGAGG
MA1987.2	ZNF701	bg01	6	22	-	9.9633	4.88e-05	0.066	AAGAGGCGAAGGCGGAA
MA1627.2	Wt1	bg24	188	197	-	11.2033	4.88e-05	0.0738	CCTCCTCCAG
MA0810.2	TFAP2A	bg12	135	145	-	11.7818	4.88e-05	0.0538	GGCCCTGAGGC
MA0504.2	NR2C2	bg29	21	34	+	10.1714	4.88e-05	0.144	GAGGGCAAGGATGA
MA1107.3	KLF9	bg07	126	136	+	11.0081	4.89e-05	0.0948	CCCACAGCCCC
MA0823.1	HEY1	bg18	18	27	+	11.9091	4.91e-05	0.362	AGCACGTGCA
MA1532.2	NR1D2	bg20	145	159	+	5.88889	4.92e-05	0.307	GGGGCTAGTAGCTCA
MA0783.1	PKNOX2	bg30	93	104	+	4.19672	4.93e-05	0.156	TGACAACTGTCC
MA1719.2	ZNF816	bg15	96	110	+	10.0092	4.93e-05	0.199	TGGGGACAGCTTTGA
MA1992.2	Ikzf3	bg26	100	108	-	11.4862	4.96e-05	0.172	CAGGAAGCC
MA1513.2	KLF15	bg29	208	215	-	9.73077	4.96e-05	0.124	GCCCGCGC
MA2330.1	ZBTB24	bg11	15	24	-	11.1506	4.98e-05	0.0777	CCCAGGTCAC
MA0065.3	Pparg::Rxra	bg01	14	26	-	11.3604	4.99e-05	0.0845	AGGGAAGAGGCGA
MA2099.1	ZNF770	bg28	10	17	-	11.5229	4.99e-05	0.0465	CCGCCTCA
MA2099.1	ZNF770	bg14	199	206	+	11.5229	4.99e-05	0.0465	CCGCCTCA
MA1571.1	TGIF2LX	bg30	93	104	-	11	5e-05	0.159	GGACAGTTGTCA
MA1653.2	ZNF148	bg28	208	217	+	10.9592	5e-05	0.0453	CCCCACCCCG
MA0506.3	Nrf1	bg04	99	110	-	10.5122	5.01e-05	0.196	AGGCGCATGCTC
MA1938.2	ERF::NHLH1	bg12	60	75	+	7.47143	5.03e-05	0.142	AGGAGCTGCTGGATCT
MA0746.3	SP3	bg29	190	200	-	10.5962	5.03e-05	0.197	CCCACTCCCAT
MA1731.2	ZNF768	bg14	48	56	-	11.8652	5.04e-05	0.103	CCATCTCTG
MA0809.3	TEAD4	bg12	114	121	+	11.9908	5.04e-05	0.654	ACATTCCT
MA0808.1	TEAD3	bg12	114	121	+	12.551	5.04e-05	0.424	ACATTCCT
MA2327.1	PGR	bg06	124	132	+	11.9106	5.04e-05	0.144	ACATGCTGT
MA2327.1	PGR	bg06	124	132	-	11.9106	5.04e-05	0.144	ACAGCATGT
MA0770.1	HSF2	bg04	147	159	-	9.72727	5.05e-05	0.642	AGCTGGAACGTTC
MA0048.3	NHLH1	bg02	135	143	+	11.5862	5.05e-05	0.15	ACCAGCTGC
MA0732.2	EGR3	bg28	143	153	-	7.56897	5.06e-05	0.311	CCACTCACGCA
MA1969.2	THRA	bg11	15	32	+	8.18421	5.07e-05	0.147	GTGACCTGGGTTGCCCAG
MA1480.2	DPRX	bg14	106	114	+	11.5385	5.08e-05	0.658	AGCTCATCC
MA1576.2	THRB	bg07	70	87	-	5.67143	5.08e-05	0.112	TGGGGCCCTGTGTCCTCA
MA0668.3	Neurod2	bg23	88	95	+	11.4587	5.08e-05	0.0899	ACAGCTGG
MA1645.2	NKX2-2	bg28	146	153	-	11.5691	5.08e-05	0.213	CCACTCAC
MA1109.2	NEUROD1	bg23	88	95	+	11.1009	5.08e-05	0.0903	ACAGCTGG
MA0668.3	Neurod2	bg19	74	81	-	11.4587	5.08e-05	0.0899	ACAGCTGG
MA1109.2	NEUROD1	bg19	74	81	-	11.1009	5.08e-05	0.0903	ACAGCTGG
MA0493.3	KLF1	bg04	21	28	+	11.8202	5.09e-05	0.0812	GGGAGTGG
MA0493.3	KLF1	bg29	192	199	+	11.8202	5.09e-05	0.0812	GGGAGTGG
MA0149.1	EWSR1-FLI1	bg04	1	18	-	-12.1316	5.1e-05	0.0366	TCCAGAAAGGAAGCAAGG
MA1585.2	ZKSCAN1	bg20	90	98	-	12.1273	5.13e-05	0.664	CCAGTAGGT
MA0812.2	TFAP2B	bg12	183	191	-	11.7273	5.14e-05	0.0599	GCCTGAGGG
MA0828.3	SREBF2	bg17	95	104	-	7.71429	5.14e-05	0.292	CTCAGGTGAT
MA0149.1	EWSR1-FLI1	bg01	194	211	+	-12.1842	5.16e-05	0.0366	TAGAGGAAAGGAGGAAGT
MA1627.2	Wt1	bg14	78	87	-	11.0894	5.17e-05	0.0738	GCTCTCCCAC
MA1945.2	ETV5::FIGLA	bg02	129	142	+	9.03448	5.18e-05	0.183	GGTGGCACCAGCTG
MA0761.3	ETV1	element	23	31	+	11.3496	5.19e-05	0.211	GCAGGAAGG
MA0003.5	TFAP2A	bg20	70	78	+	11.6911	5.2e-05	0.0495	CCCTGAGGC
MA0003.5	TFAP2A	bg05	79	87	+	11.6911	5.2e-05	0.0495	CCCCCAGGC
MA0003.5	TFAP2A	bg12	135	143	-	11.6911	5.2e-05	0.0495	CCCTGAGGC
MA0753.3	ZNF740	bg25	191	200	-	10.3708	5.2e-05	0.109	CCCTCCCCAA
MA0159.1	RARA::RXRA	bg02	144	160	-	10.3571	5.2e-05	0.191	AGTGCAGCCTCAGGACA
MA0649.2	HEY2	bg18	19	27	-	11.1034	5.21e-05	0.287	TGCACGTGC
MA0163.1	PLAG1	bg07	123	136	-	6.42857	5.21e-05	0.0734	GGGGCTGTGGGGCG
MA1601.2	ZNF75D	bg02	192	203	-	10.1573	5.22e-05	0.313	GAGAGAAGGCCT
MA1992.2	Ikzf3	element	24	32	+	11.0826	5.23e-05	0.172	CAGGAAGGC
MA0145.2	Tfcp2l1	bg24	53	66	-	11.4545	5.24e-05	0.286	CCAGCTCCACGCAG
MA0599.1	KLF5	bg04	20	29	-	11.7347	5.24e-05	0.0881	TCCACTCCCA
MA0050.4	Irf1	bg05	123	133	-	11.2028	5.25e-05	0.292	GGAAACTGATA
MA1731.2	ZNF768	bg18	34	42	-	11.809	5.26e-05	0.103	CCCCCTCTG
MA1731.2	ZNF768	bg03	121	129	-	11.809	5.26e-05	0.103	CCCCCTCTG
MA1150.2	RORB	bg10	81	90	-	11.4014	5.26e-05	0.56	ATCCAGGTCA
MA1987.2	ZNF701	element	16	32	+	9.79817	5.27e-05	0.066	GAGCACTGCAGGAAGGC
MA1933.2	ELK1::SREBF2	element	169	183	+	8.95161	5.27e-05	0.274	CCGGATGTGACCCCG
MA1581.2	ZBTB6	bg02	187	195	-	11.2936	5.28e-05	0.0859	GCCTGAGCC
MA1571.1	TGIF2LX	bg29	46	57	-	10.8862	5.28e-05	0.159	TCACATCTGTCT
MA1961.2	PATZ1	bg30	78	88	-	10.236	5.28e-05	0.0434	GCAGGTGGGGA
MA1632.2	ATF2	bg17	100	109	+	10.9837	5.28e-05	0.445	CTGAGGTCAG
MA0685.2	SP4	bg04	20	28	+	9.97753	5.29e-05	0.0873	TGGGAGTGG
MA0685.2	SP4	bg29	191	199	+	9.97753	5.29e-05	0.0873	TGGGAGTGG
MA0007.4	Ar	bg28	153	168	+	7.48276	5.29e-05	0.658	GGGGACAGTGTGTCTC
MA0066.2	PPARG	bg05	72	90	-	7.92222	5.31e-05	0.217	AAGGCCTGGGGGACTCAGT
MA0828.3	SREBF2	bg17	95	104	+	7.69388	5.32e-05	0.292	ATCACCTGAG
MA1571.1	TGIF2LX	bg29	46	57	+	10.8537	5.33e-05	0.159	AGACAGATGTGA
MA1981.2	ZNF530	bg05	188	201	-	9.2551	5.34e-05	0.0432	GGAGGGGCTGGGGG
MA0689.1	TBX20	bg12	6	16	+	11.1818	5.34e-05	0.627	TAGGTGTGTAA
MA1998.2	Prdm14	bg28	109	116	+	11.2113	5.35e-05	0.666	CGTCTCTA
MA1467.3	Atoh1	bg23	120	126	+	13.3394	5.35e-05	0.137	CAGATGG
MA1467.3	Atoh1	bg16	181	187	+	13.3394	5.35e-05	0.137	CAGATGG
MA0161.3	NFIC	bg29	62	68	-	13.374	5.35e-05	0.223	CTTGGCA
MA1642.2	NEUROG2	bg23	120	126	+	13.2927	5.35e-05	0.136	CAGATGG
MA1642.2	NEUROG2	bg16	181	187	+	13.2927	5.35e-05	0.136	CAGATGG
MA1523.2	MSANTD3	bg10	98	104	-	12.0968	5.35e-05	0.233	CACTCAC
MA1523.2	MSANTD3	bg28	146	152	-	12.0968	5.35e-05	0.233	CACTCAC
MA1523.2	MSANTD3	bg26	201	207	-	12.0968	5.35e-05	0.233	CACTCAC
MA2324.1	BCL11A	bg23	186	192	-	12.8511	5.35e-05	0.239	CTGACCA
MA1467.3	Atoh1	bg07	116	122	-	13.3394	5.35e-05	0.137	CAGATGG
MA1467.3	Atoh1	bg04	177	183	-	13.3394	5.35e-05	0.137	CAGATGG
MA1467.3	Atoh1	bg27	205	211	-	13.3394	5.35e-05	0.137	CAGATGG
MA1649.2	ZBTB12	bg04	151	157	-	12.7943	5.35e-05	0.324	CTGGAAC
MA1649.2	ZBTB12	bg10	202	208	-	12.7943	5.35e-05	0.324	CTGGAAC
MA0161.3	NFIC	bg09	162	168	+	13.374	5.35e-05	0.223	CTTGGCA
MA0161.3	NFIC	bg21	206	212	+	13.374	5.35e-05	0.223	CTTGGCA
MA1642.2	NEUROG2	bg07	116	122	-	13.2927	5.35e-05	0.136	CAGATGG
MA1642.2	NEUROG2	bg04	177	183	-	13.2927	5.35e-05	0.136	CAGATGG
MA1642.2	NEUROG2	bg27	205	211	-	13.2927	5.35e-05	0.136	CAGATGG
MA0017.3	NR2F1	bg22	108	119	-	11.9231	5.36e-05	0.0972	AAGGGTCAGGGA
MA1712.2	ZNF454	bg25	193	209	-	10.1626	5.37e-05	0.0392	AGCTCAAGGCCCTCCCC
MA2332.1	ZNF175	bg26	101	109	-	11.2057	5.41e-05	0.204	GCAGGAAGC
MA2330.1	ZBTB24	bg16	205	214	+	11.0301	5.41e-05	0.0777	GCCAGGAACC
MA1571.1	TGIF2LX	bg30	93	104	+	10.8211	5.42e-05	0.159	TGACAACTGTCC
MA0599.1	KLF5	bg29	191	200	-	11.6735	5.42e-05	0.0881	CCCACTCCCA
MA1945.2	ETV5::FIGLA	bg17	2	15	+	8.91379	5.42e-05	0.183	CCGGGAAAAAGGTG
MA1999.2	Prdm5	bg05	7	17	+	11.1515	5.42e-05	0.109	CTTCTCCCTCC
MA0659.4	Mafg	bg17	186	197	-	10.5887	5.43e-05	0.651	CCTGCCTCAGCC
MA0691.1	TFAP4	bg02	135	144	+	11.4364	5.44e-05	0.298	ACCAGCTGCT
MA0740.2	KLF14	bg04	20	28	+	11.1236	5.44e-05	0.0979	TGGGAGTGG
MA0740.2	KLF14	bg29	191	199	+	11.1236	5.44e-05	0.0979	TGGGAGTGG
MA1723.2	PRDM9	bg06	167	186	-	10.0204	5.47e-05	0.0341	GGTGGGAGGAGGGAGATGAA
MA1990.2	Gli1	bg26	206	215	-	11.1489	5.47e-05	0.191	TGACCACGCA
MA0814.3	TFAP2C	bg02	187	195	-	11.3659	5.47e-05	0.0445	GCCTGAGCC
MA1712.2	ZNF454	bg23	141	157	+	10.122	5.47e-05	0.0392	TGCCCTTGGCCCTGCAG
MA1725.2	ZNF189	bg04	27	35	-	11.0357	5.49e-05	0.332	CCCTGTTCC
MA1981.2	ZNF530	bg10	166	179	+	9.18367	5.49e-05	0.0432	GCAGGGCAGGAGCT
MA0114.5	HNF4A	bg06	86	94	-	11.5319	5.49e-05	0.354	CCAAGTCCA
MA0667.1	MYF6	bg30	94	103	-	11.0606	5.49e-05	0.335	GACAGTTGTC
MA1631.2	ASCL1	bg11	79	87	+	11.3333	5.5e-05	0.0993	CCACCTGGC
MA1712.2	ZNF454	bg14	26	42	+	10.1138	5.5e-05	0.0392	AGCTCAGGGGACTGATC
MA1712.2	ZNF454	bg12	135	151	+	10.1138	5.5e-05	0.0392	GCCTCAGGGCCTTTGCA
MA1541.2	NR6A1	bg21	202	215	-	10.4355	5.5e-05	0.237	CAATGCCAAGATCA
MA0163.1	PLAG1	bg13	86	99	-	6.2551	5.52e-05	0.0734	GTGGCTCGAGGGTG
MA1596.1	ZNF460	bg04	112	127	-	6.86517	5.52e-05	0.027	GGGCCTGCCTCCCTAT
MA1999.2	Prdm5	bg08	117	127	-	11.1273	5.52e-05	0.109	GCTTTCCATCT
MA0146.3	Zfx	bg30	67	76	-	12.0606	5.54e-05	0.0741	ACTGAGGCCT
MA0113.4	NR3C1	bg28	154	168	-	6.10204	5.55e-05	0.321	GAGACACACTGTCCC
MA1420.1	IRF5	bg03	176	189	+	10.4857	5.55e-05	0.351	AGGAAACCGAGGCT
MA0685.2	SP4	bg18	98	106	+	9.83146	5.56e-05	0.0873	TGGGAGGTG
MA2125.1	Zfp809	bg18	153	161	-	11.1301	5.57e-05	0.073	TTCCCAGTC
MA1929.2	CTCF	bg05	186	216	+	9.31707	5.58e-05	0.1	CTCCCCCAGCCCCTCCAGCCACCAGGGTGTC
MA0002.3	Runx1	bg15	68	76	-	11.7069	5.58e-05	0.347	CTGTGGCCT
MA0092.2	Hand1::Tcf3	bg13	36	44	+	11.5281	5.59e-05	0.359	GTCTGGCTC
MA1713.2	ZNF610	bg05	192	201	+	10.7755	5.61e-05	0.273	CAGCCCCTCC
MA0079.5	SP1	bg06	176	184	-	9.79592	5.62e-05	0.0943	TGGGAGGAG
MA1961.2	PATZ1	bg24	119	129	+	10.0899	5.62e-05	0.0434	TGGGGAGGGAC
MA0502.3	NFYB	bg12	100	108	+	11.1951	5.62e-05	0.234	TCACTGGCC
MA0742.2	KLF12	bg09	43	51	+	10.2809	5.62e-05	0.0852	GAGGCGGAG
MA1946.2	ETV5::FOXI1	bg01	199	210	+	10.9394	5.62e-05	0.312	GAAAGGAGGAAG
MA0677.2	Nr2f6	bg23	141	153	-	9.2	5.64e-05	0.516	AGGGCCAAGGGCA
MA1987.2	ZNF701	bg06	43	59	-	9.65138	5.64e-05	0.066	GGGAGGCAGAGGCAGGA
MA0492.2	JUND	bg14	103	113	-	11.2553	5.65e-05	0.362	GATGAGCTCAC
MA1723.2	PRDM9	bg10	94	113	+	9.94898	5.65e-05	0.0341	GGGTGTGAGTGTGGCTGCAG
MA1123.3	TWIST1	bg08	77	84	-	11.7967	5.67e-05	0.178	ACAGATGT
MA0801.1	MGA	bg19	31	38	+	11.4545	5.67e-05	0.135	AGGCGTGA
MA0801.1	MGA	bg17	52	59	-	11.4545	5.67e-05	0.135	AGGCGTGA
MA0801.1	MGA	bg18	186	193	-	11.4545	5.67e-05	0.135	AGGCGTGA
MA1123.3	TWIST1	bg29	48	55	+	11.7967	5.67e-05	0.178	ACAGATGT
MA1631.2	ASCL1	bg17	155	163	-	11.2683	5.68e-05	0.0993	GCGCCTGCC
MA1723.2	PRDM9	bg15	38	57	+	9.93878	5.68e-05	0.0341	ACAAGGAAGAGAGGGTGCAG
MA1653.2	ZNF148	bg09	39	48	-	10.8265	5.68e-05	0.0468	CGCCTCCCGG
MA0810.2	TFAP2A	bg19	116	126	-	11.5818	5.7e-05	0.0538	CCCCCTCAGCC
MA0688.2	TBX2	bg02	34	42	-	11.3273	5.72e-05	0.315	AGGTGTCAG
MA1723.2	PRDM9	bg05	73	92	-	9.91837	5.73e-05	0.0341	GGAAGGCCTGGGGGACTCAG
MA0152.3	Nfatc2	bg08	118	125	+	11.4228	5.75e-05	0.491	GATGGAAA
MA1715.1	ZNF707	bg26	109	123	-	7.48485	5.76e-05	0.112	CCCTGCTTCAGGTAG
MA1596.1	ZNF460	bg30	69	84	+	6.75281	5.76e-05	0.027	GCCTCAGTTTCCCCAC
MA0496.4	MAFK	bg09	14	23	-	11.1939	5.77e-05	0.357	GTGCCTCAGC
MA1587.1	ZNF135	bg15	28	41	-	8.57143	5.77e-05	0.0516	TTGTGACCTCCCAG
MA1555.1	RXRB	bg17	200	213	+	9.72414	5.77e-05	0.693	AATGGCGTGAACCT
MA0079.5	SP1	bg29	197	205	+	9.77551	5.8e-05	0.0943	TGGGCGCGG
MA1728.2	ZNF549	bg10	161	168	-	11.0081	5.8e-05	0.202	TGCAGCCC
MA1728.2	ZNF549	bg23	153	160	+	11.0081	5.8e-05	0.202	TGCAGCCC
MA0009.2	TBXT	bg22	52	67	-	8.30769	5.8e-05	0.384	CCACAGCTAATTGTGA
MA0478.2	FOSL2	bg19	35	44	-	11.0364	5.81e-05	0.372	GGTGGCTCAC
MA0478.2	FOSL2	bg18	180	189	+	11.0364	5.81e-05	0.372	GGTGGCTCAC
MA0154.5	EBF1	bg04	50	60	+	10.9078	5.82e-05	0.102	TCCCCAGGACA
MA0734.4	Gli2	bg18	209	217	-	11.055	5.82e-05	0.156	GGCCTCCCA
MA0484.3	HNF4G	bg06	86	94	-	11.3972	5.82e-05	0.372	CCAAGTCCA
MA1493.1	HES6	bg18	18	27	-	10.3939	5.82e-05	0.447	TGCACGTGCT
MA1627.2	Wt1	bg04	17	26	-	10.8374	5.82e-05	0.0738	ACTCCCACTC
MA0698.2	ZBTB18	bg09	129	139	+	10.1	5.83e-05	0.129	GTCCAGAGGTG
MA0059.2	MAX::MYC	bg18	18	27	+	11.1531	5.86e-05	0.711	AGCACGTGCA
MA0500.3	MYOG	bg02	136	143	+	12.367	5.86e-05	0.134	CCAGCTGC
MA0500.3	MYOG	bg28	186	193	-	12.367	5.86e-05	0.134	CCAGCTGC
MA0747.2	SP8	bg29	195	205	-	11.1842	5.86e-05	0.211	CCGCGCCCACT
MA1944.2	ETV5::DRGX	element	111	122	+	11.1061	5.87e-05	0.357	CGGATGTGCTTG
MA1524.3	Msgn1	bg23	63	72	-	10.7727	5.87e-05	0.304	GACACATGGC
MA1593.2	ZNF317	bg18	125	132	+	10.9504	5.87e-05	0.453	ACTGCAGA
MA1953.2	FOXO1::ELF1	bg26	101	113	-	10.9859	5.89e-05	0.748	GGTAGCAGGAAGC
MA1972.1	ZFP14	bg20	132	146	+	10.2135	5.89e-05	0.0944	AGAGACGAAGGAAGG
MA0797.1	TGIF2	bg29	46	57	+	8.51376	5.9e-05	0.186	AGACAGATGTGA
MA0493.3	KLF1	bg16	129	136	+	11.7978	5.9e-05	0.0812	GGGCGGAG
MA0145.2	Tfcp2l1	bg18	145	158	-	11.2626	5.91e-05	0.286	CCAGTCCTTCCCGG
MA0810.2	TFAP2A	bg02	166	176	+	11.4909	5.91e-05	0.0538	CGCCCGCAGGG
MA2096.1	ZNF524	bg21	171	179	+	11.0862	5.91e-05	0.352	CTCCGACCC
MA1487.3	FOXE1	bg05	35	46	-	10.931	5.91e-05	0.755	CAAAACCAACAC
MA0807.1	TBX5	bg10	94	101	+	11.2241	5.93e-05	0.18	GGGTGTGA
MA0155.1	INSM1	bg04	122	133	-	10.2755	5.94e-05	0.136	GGGCAGGGGCCT
MA1541.2	NR6A1	bg18	70	83	+	10.2742	5.98e-05	0.237	CAAGGCCATGTGTG
MA0017.3	NR2F1	bg30	39	50	-	11.6923	5.98e-05	0.0972	CGGGGTCATCTG
MA1520.2	MAF	bg20	97	109	-	10.8727	5.99e-05	0.487	TGCTGCCACAGCC
MA2341.1	FEZF2	bg03	5	12	-	11.2714	6.02e-05	0.0386	CCCGGCCT
MA2341.1	FEZF2	bg18	169	176	-	11.2714	6.02e-05	0.0386	CCCGGCCT
MA1630.3	ZNF281	bg03	133	142	-	7.52809	6.02e-05	0.0465	GGAGGTGGGA
MA2122.1	Ebf4	bg15	91	101	+	10.7447	6.02e-05	0.0977	GCCTCTGGGGA
MA0093.4	USF1	bg23	94	103	+	11	6.04e-05	0.235	GGCATGTGCC
MA1723.2	PRDM9	bg11	133	152	-	9.80612	6.04e-05	0.0341	CATAGCAAGGGAGGCCAAAA
MA0796.1	TGIF1	bg29	46	57	-	0.734694	6.05e-05	0.173	TCACATCTGTCT
MA1548.2	PLAGL2	bg07	79	86	-	11.623	6.07e-05	0.0532	GGGGCCCT
MA1548.2	PLAGL2	bg15	173	180	-	11.623	6.07e-05	0.0532	GGGGCCCT
MA0592.4	ESRRA	bg23	141	149	-	11.0081	6.08e-05	0.34	CCAAGGGCA
MA1527.2	NFIC	bg23	53	67	-	3	6.08e-05	0.161	ATGGCCCTGGGCAAG
MA1529.2	NHLH2	bg02	132	147	-	7.97959	6.08e-05	0.106	GACAGCAGCTGGTGCC
MA0863.1	MTF1	bg21	186	199	-	6.64634	6.09e-05	0.474	TGTGCAACCAGCCC
MA1587.1	ZNF135	bg08	48	61	-	8.43878	6.09e-05	0.0516	CCTCCACCTGCAGA
MA1581.2	ZBTB6	bg20	31	39	+	11.0826	6.1e-05	0.0869	CCTTCAGCC
MA2094.1	PAX8	bg28	138	153	+	9.46154	6.12e-05	0.332	GGTCGTGCGTGAGTGG
MA1711.2	ZNF343	bg11	160	175	+	6.87234	6.13e-05	0.233	CAGCTTCCCAGCCTCA
MA0606.3	Nfat5	bg13	150	157	-	11.0704	6.14e-05	0.4	AAGGAAAA
MA0814.3	TFAP2C	bg15	178	186	-	11.1382	6.15e-05	0.0445	TCCTGAGGG
MA0017.3	NR2F1	bg23	129	140	-	11.6346	6.17e-05	0.0972	GGAGGTCAGATG
MA1956.2	FOXO1::FLI1	bg17	128	140	+	8.25714	6.17e-05	0.784	GCCAACAAAAAAT
MA0136.4	Elf5	bg05	87	94	-	11.9919	6.19e-05	0.168	AAGGAAGG
MA0136.4	Elf5	bg20	139	146	+	11.9919	6.19e-05	0.168	AAGGAAGG
MA0136.4	Elf5	bg20	210	217	+	11.9919	6.19e-05	0.168	AAGGAAGG
MA1637.2	EBF3	bg16	158	166	+	10.9512	6.2e-05	0.106	CCCAAAGGA
MA2125.1	Zfp809	bg25	51	59	+	11.0081	6.2e-05	0.0731	ACCCCAGCC
MA1531.2	NR1D1	bg07	123	136	-	6.69231	6.21e-05	0.366	GGGGCTGTGGGGCG
MA1986.2	ZNF692	bg24	30	37	-	12.1923	6.22e-05	0.0806	TGGCCCAC
MA1986.2	ZNF692	bg24	45	52	+	12.1923	6.22e-05	0.0806	TGGCCCAC
MA1986.2	ZNF692	bg19	188	195	+	12.1923	6.22e-05	0.0806	CGGCCCAG
MA1929.2	CTCF	bg05	45	75	-	9.09756	6.22e-05	0.1	CAGTCCAGGGGACTATGGGCACCAGAAGGCA
MA0821.2	HES5	bg23	94	103	+	11.3945	6.24e-05	0.176	GGCATGTGCC
MA0510.3	RFX5	bg28	38	51	+	7.13793	6.25e-05	0.398	GTTGCTGTAGAAAT
MA1978.2	ZNF354A	bg17	16	35	+	10.9048	6.26e-05	0.576	ATAAAATAAATGTGCTCCTT
MA1980.1	ZNF418	bg02	70	84	+	9.11111	6.27e-05	0.391	CGGGAGCTAAAATTA
MA0596.1	SREBF2	bg17	201	210	+	11.5056	6.27e-05	0.249	ATGGCGTGAA
MA0069.1	PAX6	bg29	128	141	+	10.7444	6.28e-05	0.397	CTCAAGCCTGAGTG
MA1983.2	ZNF582	bg01	23	41	+	6.6422	6.28e-05	0.258	CCCTTTCCTTGTAGCAACA
MA0510.3	RFX5	bg28	38	51	-	7.12069	6.29e-05	0.398	ATTTCTACAGCAAC
MA0138.3	REST	bg23	136	155	-	5.45918	6.29e-05	0.0914	GCAGGGCCAAGGGCAGGAGG
MA1619.2	Ptf1A	bg19	74	81	+	12.5138	6.29e-05	0.186	CCAGCTGT
MA1619.2	Ptf1A	bg19	74	81	-	12.5138	6.29e-05	0.186	ACAGCTGG
MA1619.2	Ptf1A	bg23	88	95	+	12.5138	6.29e-05	0.186	ACAGCTGG
MA1619.2	Ptf1A	bg23	88	95	-	12.5138	6.29e-05	0.186	CCAGCTGT
MA1641.2	MYF5	bg19	74	81	+	12.4312	6.29e-05	0.188	CCAGCTGT
MA1641.2	MYF5	bg19	74	81	-	12.4312	6.29e-05	0.188	ACAGCTGG
MA1641.2	MYF5	bg23	88	95	+	12.4312	6.29e-05	0.188	ACAGCTGG
MA1641.2	MYF5	bg23	88	95	-	12.4312	6.29e-05	0.188	CCAGCTGT
MA1652.2	ZKSCAN5	bg05	139	147	+	10.4495	6.3e-05	0.0854	GGAAATGAG
MA0742.2	KLF12	bg23	170	178	+	9.73034	6.3e-05	0.0852	GAGGAGGGG
MA0742.2	KLF12	bg24	191	199	+	9.73034	6.3e-05	0.0852	GAGGAGGGG
MA0742.2	KLF12	bg12	93	101	-	9.73034	6.3e-05	0.0852	GAGGAGGGG
MA0698.2	ZBTB18	bg27	204	214	-	9.91429	6.3e-05	0.129	ATCCAGATGGG
MA1566.3	TBX3	bg02	34	42	-	10.8364	6.32e-05	0.195	AGGTGTCAG
MA1715.1	ZNF707	bg27	119	133	+	7.25253	6.33e-05	0.112	CCCCAGTCCTGTGTC
MA2123.1	Hand1	bg21	94	102	+	11.0081	6.33e-05	0.0927	GCCAGGCCT
MA2123.1	Hand1	bg21	97	105	-	11.0081	6.33e-05	0.0927	GCCAGGCCT
MA1973.2	ZKSCAN3	bg09	181	194	-	9.05714	6.33e-05	0.12	CTGGGGCTATACCT
MA0009.2	TBXT	bg22	52	67	+	8.07692	6.33e-05	0.384	TCACAATTAGCTGTGG
MA0814.3	TFAP2C	bg05	79	87	-	11.0488	6.33e-05	0.0445	GCCTGGGGG
MA0692.2	TFEB	bg18	18	25	-	11.3077	6.34e-05	0.779	CACGTGCT
MA0745.3	SNAI2	bg21	197	204	-	11.3163	6.34e-05	0.247	TCACCTGT
MA0783.1	PKNOX2	bg29	46	57	-	3.27869	6.35e-05	0.16	TCACATCTGTCT
MA2332.1	ZNF175	bg01	203	211	+	10.8582	6.35e-05	0.204	GGAGGAAGT
MA1931.1	ELK1::HOXA1	element	109	122	+	8.89024	6.35e-05	0.775	ACCGGATGTGCTTG
MA1723.2	PRDM9	bg13	62	81	-	9.69388	6.36e-05	0.0341	GCATGGCAGGGGGAAAGCAA
MA2121.1	ZNF213	bg21	93	104	+	10.8211	6.37e-05	0.0434	GGCCAGGCCTGG
MA2121.1	ZNF213	bg21	95	106	-	10.8211	6.37e-05	0.0434	GGCCAGGCCTGG
MA1100.3	ASCL1	bg02	136	143	-	11.7636	6.37e-05	0.229	GCAGCTGG
MA1100.3	ASCL1	bg28	186	193	+	11.7636	6.37e-05	0.229	GCAGCTGG
MA0821.2	HES5	bg23	94	103	-	11.3853	6.37e-05	0.176	GGCACATGCC
MA1599.2	ZNF682	bg08	37	47	-	10	6.38e-05	0.0964	GGCAAAGACCC
MA1629.2	Zic2	bg10	111	119	+	10.8862	6.39e-05	0.0821	CAGAGCAGG
MA1629.2	Zic2	bg06	208	216	-	10.8862	6.39e-05	0.0821	CAGAGCAGG
MA1539.1	NR2F6	bg24	4	18	+	5.55769	6.39e-05	0.184	TGGATCACTAACCCT
MA1615.2	Plagl1	bg07	80	87	-	11.2927	6.44e-05	0.154	TGGGGCCC
MA1600.2	ZNF684	bg03	113	126	-	7.27869	6.44e-05	0.378	CCTCTGCACCCCAT
MA1529.2	NHLH2	bg24	45	60	-	7.81633	6.44e-05	0.106	CCACGCAGGTGGGCCA
MA1967.2	TFAP4::FLI1	bg02	137	150	-	3.37931	6.44e-05	0.239	CAGGACAGCAGCTG
MA0810.2	TFAP2A	bg01	107	117	+	11.3636	6.47e-05	0.0538	TGCCCCGGAGC
MA0137.4	STAT1	bg05	134	142	-	11.1091	6.48e-05	0.419	TTCCGAGAA
MA0519.2	Stat5a::Stat5b	bg05	134	142	+	11.7755	6.48e-05	0.407	TTCTCGGAA
MA2330.1	ZBTB24	bg23	57	66	+	10.8795	6.5e-05	0.0816	CCCAGGGCCA
MA0514.3	Sox3	bg22	175	181	+	12.6452	6.51e-05	0.852	ACAATGG
MA1153.2	Smad4	bg24	87	93	+	12.377	6.51e-05	0.819	TGTCTAG
MA1994.2	Nkx2-1	bg09	30	36	+	13.15	6.51e-05	0.284	CACTTGA
MA1994.2	Nkx2-1	bg23	71	77	-	13.15	6.51e-05	0.284	CACTTGA
MA1994.2	Nkx2-1	bg19	133	139	+	13.15	6.51e-05	0.284	CACTTGA
MA1121.2	TEAD2	bg12	114	120	+	13.0273	6.51e-05	0.851	ACATTCC
MA1120.2	SOX13	bg22	175	181	+	12.5565	6.51e-05	0.852	ACAATGG
MA0508.4	PRDM1	bg23	34	40	-	13.2764	6.51e-05	0.141	CTTTCTC
MA0508.4	PRDM1	bg02	112	118	-	13.2764	6.51e-05	0.141	CTTTCTC
MA0508.4	PRDM1	bg05	145	151	-	13.2764	6.51e-05	0.141	CTTTCTC
MA0508.4	PRDM1	bg27	179	185	+	13.2764	6.51e-05	0.141	CTTTCTC
MA0508.4	PRDM1	bg26	176	182	-	13.2764	6.51e-05	0.141	CTTTCTC
MA0508.4	PRDM1	bg30	193	199	+	13.2764	6.51e-05	0.141	CTTTCTC
MA0712.3	OTX2	bg17	61	67	-	12.3984	6.51e-05	0.426	GGGATTA
MA0712.3	OTX2	bg17	167	173	-	12.3984	6.51e-05	0.426	GGGATTA
MA0775.2	MEIS3	bg26	192	198	-	11.5385	6.51e-05	0.801	TTGACAG
MA1508.2	IKZF1	bg12	79	86	-	11.5691	6.51e-05	0.339	AAGAGGAA
MA0143.5	SOX2	bg22	175	181	+	12.5887	6.51e-05	0.852	ACAATGG
MA0808.1	TEAD3	bg25	6	13	-	12.3265	6.51e-05	0.424	GCATTCCT
MA2338.1	Ppara	bg13	103	109	-	12.878	6.51e-05	0.852	AAGGTCA
MA1111.2	NR2F2	bg13	103	109	-	13.1382	6.51e-05	0.851	AAGGTCA
MA1981.2	ZNF530	bg27	106	119	-	8.7449	6.53e-05	0.045	GTCAGGGGAGGGGA
MA1517.2	KLF6	bg13	205	213	+	11.4909	6.54e-05	0.428	CCCCACCCA
MA1539.1	NR2F6	bg24	4	18	-	5.48077	6.55e-05	0.184	AGGGTTAGTGATCCA
MA0155.1	INSM1	bg23	155	166	-	9.96939	6.56e-05	0.136	GGCTAGGGGCTG
MA0473.4	ELF1	bg01	204	212	+	10.7073	6.58e-05	0.519	GAGGAAGTA
MA1485.1	FERD3L	bg20	101	114	-	7.19149	6.58e-05	0.172	GCCTCTGCTGCCAC
MA1981.2	ZNF530	bg07	103	116	-	8.72449	6.58e-05	0.045	GCCGGGCTGGGGGG
MA0115.1	NR1H2::RXRA	bg15	66	82	+	-5.26531	6.59e-05	0.819	TAAGGCCACAGGACAGG
MA0631.2	Six3	bg05	117	127	+	10.7683	6.59e-05	0.846	TTGTGGTATCA
MA0685.2	SP4	bg07	3	11	-	9.4382	6.6e-05	0.0873	AGGGAGGTG
MA0685.2	SP4	bg11	114	122	-	9.4382	6.6e-05	0.0873	AGGGAGGTG
MA2123.1	Hand1	bg30	23	31	+	10.9756	6.6e-05	0.0927	ACCAGGCCT
MA2123.1	Hand1	bg03	27	35	+	10.9756	6.6e-05	0.0927	ACCAGGCCT
MA1723.2	PRDM9	bg09	39	58	+	9.61224	6.6e-05	0.0341	CCGGGAGGCGGAGGTTGCAG
MA0746.3	SP3	bg28	207	217	+	9.96154	6.62e-05	0.197	GCCCCACCCCG
MA1979.2	ZNF416	bg11	26	35	-	10.8714	6.63e-05	0.184	GGACTGGGCA
MA1723.2	PRDM9	bg21	149	168	+	9.60204	6.63e-05	0.0341	ATAGGCGAGGGGGTCGACAG
MA1934.2	ERF::FIGLA	bg17	3	15	+	6.95918	6.63e-05	0.361	CGGGAAAAAGGTG
MA0694.2	ZBTB7B	bg13	199	208	+	10.9483	6.64e-05	0.184	CAACCACCCC
MA2327.1	PGR	bg28	157	165	+	11.8293	6.66e-05	0.144	ACAGTGTGT
MA2327.1	PGR	bg28	157	165	-	11.8293	6.66e-05	0.144	ACACACTGT
MA1597.1	ZNF528	bg01	58	74	-	5.97959	6.67e-05	0.376	TTGGGGGAAGCCACCGG
MA1731.2	ZNF768	bg26	76	84	+	11.0674	6.69e-05	0.103	CACTCTCTG
MA1731.2	ZNF768	bg03	207	215	+	11.0674	6.69e-05	0.103	CACTCTCTG
MA0517.2	STAT1::STAT2	bg06	153	165	+	9.87879	6.69e-05	0.283	TGTTTCATCTCCC
MA1491.3	GLI3	bg18	93	107	-	1.46154	6.7e-05	0.187	ACACCTCCCACTTTG
MA1972.1	ZFP14	bg13	182	196	-	9.92135	6.7e-05	0.0944	GAAGGCTCTTGGAGG
MA1949.2	FLI1::DRGX	element	109	122	+	10.6364	6.71e-05	0.549	ACCGGATGTGCTTG
MA0504.2	NR2C2	bg10	44	57	+	9.44286	6.71e-05	0.158	GAGAGGAAAGGCCA
MA1987.2	ZNF701	bg19	112	128	+	9.26606	6.73e-05	0.0709	AGGAGGCTGAGGGGGAA
MA0796.1	TGIF1	bg29	46	57	+	0.285714	6.76e-05	0.173	AGACAGATGTGA
MA0138.3	REST	bg16	119	138	+	5.2551	6.77e-05	0.0914	CCAGCACACCGGGCGGAGCA
MA1640.2	MEIS2	bg03	61	69	-	11.2143	6.77e-05	0.878	AGATTTATT
MA0814.3	TFAP2C	bg12	183	191	+	11.0163	6.78e-05	0.0445	CCCTCAGGC
MA0144.3	STAT3	bg29	114	122	-	10.9592	6.78e-05	0.336	TGCTGGAAA
MA1721.2	ZNF93	bg19	148	161	+	9.44037	6.79e-05	0.0791	GGTAGAGGCTGCAG
MA0149.1	EWSR1-FLI1	bg15	42	59	+	-14.3289	6.79e-05	0.0435	GGAAGAGAGGGTGCAGAT
MA1954.2	FOXO1::ELK1	bg12	169	181	-	10.1633	6.8e-05	0.428	AGCAGCAGGATGG
MA2340.1	Zbtb2	bg30	51	60	-	10.9362	6.8e-05	0.221	ACCGGGACTG
MA0811.2	TFAP2B	bg02	166	176	-	11.2727	6.81e-05	0.0833	CCCTGCGGGCG
MA1566.3	TBX3	bg18	77	85	+	10.8182	6.81e-05	0.195	ATGTGTGAA
MA2003.2	NKX2-4	bg04	15	22	-	11.1552	6.81e-05	0.203	CCACTCCA
MA1999.2	Prdm5	bg26	85	95	+	10.8	6.83e-05	0.111	GGTCTCCCGCT
MA1491.3	GLI3	bg15	24	38	-	1.38462	6.83e-05	0.187	TGACCTCCCAGCCAG
MA0150.3	Nfe2l2	bg14	197	207	-	10.0303	6.84e-05	0.877	ATGAGGCGGCA
MA0050.4	Irf1	bg06	149	159	-	10.7483	6.84e-05	0.292	TGAAACAGAAT
MA0017.3	NR2F1	bg27	43	54	+	11.4615	6.84e-05	0.0972	GAGGGTCAGCAG
MA0741.1	KLF16	bg27	106	116	+	10.5	6.84e-05	0.174	TCCCCTCCCCT
MA0500.3	MYOG	bg02	136	143	-	12.3486	6.85e-05	0.134	GCAGCTGG
MA0500.3	MYOG	bg28	186	193	+	12.3486	6.85e-05	0.134	GCAGCTGG
MA0623.2	NEUROG1	bg23	63	72	-	10.4	6.86e-05	0.562	GACACATGGC
MA0668.3	Neurod2	bg29	48	55	+	11.1468	6.87e-05	0.0945	ACAGATGT
MA0668.3	Neurod2	bg08	77	84	-	11.1468	6.87e-05	0.0945	ACAGATGT
MA1109.2	NEUROD1	bg29	48	55	+	10.7523	6.87e-05	0.0949	ACAGATGT
MA1109.2	NEUROD1	bg08	77	84	-	10.7523	6.87e-05	0.0949	ACAGATGT
MA0796.1	TGIF1	bg23	93	104	+	0.22449	6.88e-05	0.173	TGGCATGTGCCA
MA1572.1	TGIF2LY	bg29	46	57	+	10.7097	6.89e-05	0.213	AGACAGATGTGA
MA0493.3	KLF1	bg28	122	129	+	10.9101	6.89e-05	0.0812	GGGTGGAG
MA0493.3	KLF1	bg18	163	170	+	10.9101	6.89e-05	0.0812	GGGTGGAG
MA0641.1	ELF4	bg01	201	212	+	9.04918	6.89e-05	0.571	AAGGAGGAAGTA
MA1992.2	Ikzf3	bg15	182	190	+	10.8257	6.9e-05	0.172	CAGGAAGCT
MA1992.2	Ikzf3	bg15	191	199	+	10.8257	6.9e-05	0.172	CAGGAAGCT
MA1960.2	MGA::EVX1	bg11	56	66	-	10.7091	6.9e-05	0.885	GGGTGATTATT
MA1630.3	ZNF281	bg05	189	198	-	7.22472	6.9e-05	0.0466	GGGGCTGGGG
MA1630.3	ZNF281	bg28	208	217	-	7.22472	6.9e-05	0.0466	CGGGGTGGGG
MA1632.2	ATF2	bg10	22	31	+	10.6016	6.9e-05	0.445	ATGAGGTGAT
MA1112.3	NR4A1	bg10	50	57	+	10.9273	6.9e-05	0.299	AAAGGCCA
MA1112.3	NR4A1	bg13	165	172	-	10.9273	6.9e-05	0.299	AAAGGCCA
MA0728.1	Nr2F6	bg15	32	46	+	-5.22857	6.91e-05	0.267	GAGGTCACAAGGAAG
MA0665.1	MSC	bg19	73	82	+	10.3049	6.91e-05	0.227	GCCAGCTGTG
MA0665.1	MSC	bg23	87	96	-	10.3049	6.91e-05	0.227	GCCAGCTGTG
MA1521.2	MAFA	bg02	146	158	+	10.6545	6.92e-05	0.244	TCCTGAGGCTGCA
MA0149.1	EWSR1-FLI1	bg26	35	52	+	-14.5132	6.92e-05	0.0435	GGAAGAAGGAGAGAAAAA
MA0155.1	INSM1	bg23	191	202	+	9.82653	6.92e-05	0.136	AGCATGGGGGCT
MA0832.2	Tcf21	bg19	73	82	-	6.51316	6.92e-05	0.211	CACAGCTGGC
MA0832.2	Tcf21	bg23	87	96	+	6.51316	6.92e-05	0.211	CACAGCTGGC
MA1596.1	ZNF460	bg05	178	193	+	6.25843	6.93e-05	0.0306	GCCTAGTCCTCCCCCA
MA1976.2	ZNF320	bg05	189	208	-	8.1236	6.93e-05	0.056	GGTGGCTGGAGGGGCTGGGG
MA1972.1	ZFP14	bg04	38	52	-	9.8427	6.94e-05	0.0944	GGATGCCGGGGAGTG
MA1942.2	ETV2::FOXI1	element	166	176	+	11.069	6.95e-05	0.452	CCACCGGATGT
MA0632.3	TCFL5	bg18	19	26	+	11.7556	6.96e-05	0.425	GCACGTGC
MA0632.3	TCFL5	bg18	19	26	-	11.7556	6.96e-05	0.425	GCACGTGC
MA1525.3	NFATC4	bg08	158	166	-	12.1154	6.98e-05	0.903	GTGGAAAAA
MA0734.4	Gli2	bg29	18	26	-	10.4862	6.99e-05	0.156	GCCCTCCCA
MA1713.2	ZNF610	bg02	161	170	-	10.3469	7e-05	0.273	GGGCGGCTCC
MA0695.2	ZBTB7C	bg06	114	121	+	11.2419	7.01e-05	0.163	CCACCACC
MA1643.2	NFIB	bg11	82	98	+	7.57143	7.01e-05	0.171	CCTGGCCTGTGGACAGC
MA1723.2	PRDM9	bg13	196	215	-	9.47959	7.01e-05	0.0344	TTTGGGTGGGGTGGTTGGGG
MA1961.2	PATZ1	bg29	201	211	+	9.44944	7.03e-05	0.0497	CGCGGAGGCGC
MA1942.2	ETV2::FOXI1	bg26	101	111	-	11.0345	7.05e-05	0.452	TAGCAGGAAGC
MA0730.1	RARA	bg24	148	164	+	3.06557	7.06e-05	0.198	GGGTCCTGGGGAGTCCA
MA0739.2	Hic1	bg09	71	78	+	11.6154	7.06e-05	0.21	GTGCCACC
MA0739.2	Hic1	bg01	93	100	-	11.6154	7.06e-05	0.21	GTGCCACC
MA0739.2	Hic1	bg02	129	136	-	11.6154	7.06e-05	0.21	GTGCCACC
MA1990.2	Gli1	bg13	204	213	+	10.6312	7.08e-05	0.191	ACCCCACCCA
MA1969.2	THRA	bg30	56	73	-	7.34211	7.08e-05	0.151	GAGGCCTGAAGTGACCGG
MA1593.2	ZNF317	bg20	104	111	+	10.8014	7.08e-05	0.453	GCAGCAGA
MA0796.1	TGIF1	bg30	93	104	-	0.102041	7.08e-05	0.173	GGACAGTTGTCA
MA0811.2	TFAP2B	bg05	25	35	+	11.2182	7.08e-05	0.0833	GGCCCAAGGCG
MA1708.2	ETV7	bg01	204	212	+	11.6122	7.08e-05	0.913	GAGGAAGTA
MA1566.3	TBX3	bg10	94	102	+	10.7636	7.08e-05	0.195	GGGTGTGAG
MA1572.1	TGIF2LY	bg29	46	57	-	10.6613	7.09e-05	0.213	TCACATCTGTCT
MA1981.2	ZNF530	bg10	49	62	+	8.54082	7.09e-05	0.0454	GAAAGGCCAGGAGA
MA1599.2	ZNF682	bg29	67	77	+	9.82927	7.1e-05	0.0964	AGCCCAGCCCT
MA1599.2	ZNF682	bg07	87	97	+	9.82927	7.1e-05	0.0964	AGCCCAGCCCT
MA1524.3	Msgn1	bg16	179	188	+	10.3939	7.11e-05	0.304	CACAGATGGT
MA0807.1	TBX5	bg13	96	103	-	10.9655	7.13e-05	0.18	AGGTGTGG
MA0807.1	TBX5	bg17	146	153	+	10.9655	7.13e-05	0.18	AGGTGTGG
MA0806.1	TBX4	bg10	94	101	+	11.0408	7.13e-05	0.264	GGGTGTGA
MA0803.1	TBX15	bg02	35	42	-	10.9038	7.13e-05	0.226	AGGTGTCA
MA0792.1	POU5F1B	bg11	50	58	+	11.1858	7.14e-05	0.925	GATGCAAAT
MA0154.5	EBF1	bg09	188	198	-	10.5957	7.14e-05	0.102	TCCTCTGGGGC
MA0119.1	NFIC::TLX1	bg29	171	184	+	5.18367	7.15e-05	0.141	AGGCAATGCGCCAG
MA1511.2	KLF10	bg07	120	128	-	10.0787	7.15e-05	0.133	GGGGCGCAG
MA2328.1	ZBED4	bg29	205	214	-	10.5532	7.16e-05	0.247	CCCGCGCCTC
MA0591.2	Bach1::Mafk	bg14	197	208	-	7.60526	7.17e-05	0.542	AATGAGGCGGCA
MA1652.2	ZKSCAN5	bg15	42	50	+	10.4312	7.17e-05	0.0854	GGAAGAGAG
MA1656.2	ZNF449	bg16	101	110	+	10.6514	7.18e-05	0.0814	AGGCCCAGCC
MA0163.1	PLAG1	bg11	129	142	-	5.43878	7.18e-05	0.0762	GAGGCCAAAAAGGA
MA1565.2	TBX18	bg11	110	118	-	11.1452	7.19e-05	0.125	AGGTGAGAG
MA1719.2	ZNF816	bg14	94	108	+	9.18349	7.19e-05	0.199	TGGGGAGAGGTGAGC
MA1714.2	ZNF675	bg12	156	174	-	9.28889	7.21e-05	0.199	GGATGGACAGGACCAAAGG
MA1986.2	ZNF692	bg30	152	159	-	12.1731	7.21e-05	0.0806	GGGCCCAA
MA2341.1	FEZF2	bg22	72	79	+	11.1714	7.22e-05	0.0386	ACCAGCCT
MA2341.1	FEZF2	bg17	119	126	+	11.1714	7.22e-05	0.0386	ACCAGCCT
MA2341.1	FEZF2	bg27	162	169	-	11.1714	7.22e-05	0.0386	ACCAGCCT
MA2125.1	Zfp809	bg07	167	175	+	10.748	7.23e-05	0.0737	TTCCCAGAA
MA0138.3	REST	bg22	30	49	+	5.07143	7.24e-05	0.0914	CCAGCTCTGTGGTGAGCAGA
MA0039.5	KLF4	bg30	79	86	+	10.8818	7.24e-05	0.111	CCCCACCT
MA1596.1	ZNF460	bg08	47	62	-	6.13483	7.26e-05	0.0306	CCCTCCACCTGCAGAG
MA1472.3	Bhlha15	bg04	154	161	+	10.8293	7.28e-05	0.111	CCAGCTGG
MA1472.3	Bhlha15	bg04	154	161	-	10.8293	7.28e-05	0.111	CCAGCTGG
MA0066.2	PPARG	bg03	21	39	+	7.07778	7.28e-05	0.223	TGGGCCACCAGGCCTCCCG
MA1929.2	CTCF	bg13	83	113	-	8.77236	7.29e-05	0.1	CTGAAAGGTCAGGTGTGGCTCGAGGGTGGTG
MA1945.2	ETV5::FIGLA	bg22	152	165	+	8.17241	7.31e-05	0.186	GAAGGAGGCACATG
MA0065.3	Pparg::Rxra	bg29	22	34	+	10.8018	7.33e-05	0.0982	AGGGCAAGGATGA
MA0810.2	TFAP2A	bg15	91	101	-	11.1818	7.33e-05	0.0538	TCCCCAGAGGC
MA1631.2	ASCL1	bg17	143	151	-	10.8618	7.34e-05	0.0993	ACACCTGGC
MA0592.4	ESRRA	bg18	69	77	+	10.6504	7.34e-05	0.34	TCAAGGCCA
MA1493.1	HES6	bg16	56	65	-	9.59091	7.34e-05	0.447	CGCATGTGTT
MA1715.1	ZNF707	bg01	22	36	+	6.87879	7.35e-05	0.112	TCCCTTTCCTTGTAG
MA2332.1	ZNF175	element	23	31	+	10.7021	7.35e-05	0.204	GCAGGAAGG
MA1100.3	ASCL1	bg02	136	143	+	11.1091	7.36e-05	0.229	CCAGCTGC
MA1100.3	ASCL1	bg28	186	193	-	11.1091	7.36e-05	0.229	CCAGCTGC
MA1947.2	ETV5::FOXO1	bg12	172	181	-	11.0286	7.36e-05	0.316	AGCAGCAGGA
MA1976.2	ZNF320	bg23	136	155	-	7.97753	7.37e-05	0.056	GCAGGGCCAAGGGCAGGAGG
MA2121.1	ZNF213	bg22	72	83	-	10.5772	7.37e-05	0.0461	AGCCAGGCTGGT
MA2123.1	Hand1	bg05	81	89	+	10.7967	7.38e-05	0.0927	CCCAGGCCT
MA0474.4	Erg	bg26	100	109	-	10.9106	7.39e-05	0.347	GCAGGAAGCC
MA0747.2	SP8	bg18	96	106	-	10.7895	7.4e-05	0.211	CACCTCCCACT
MA0116.1	Znf423	bg24	178	192	+	5.58427	7.4e-05	0.161	GGCACCAAGGCTGGA
MA0119.1	NFIC::TLX1	bg15	60	73	-	5.06122	7.4e-05	0.141	TGGCCTTATGGCAA
MA0091.2	TAL1::TCF3	bg23	118	127	-	10.9775	7.41e-05	0.238	ACCATCTGCC
MA2334.1	ZNF547	bg04	78	90	-	9.21951	7.42e-05	0.942	AGCCAGTGCAGCA
MA0524.3	TFAP2C	bg23	56	66	+	11.0918	7.43e-05	0.0689	GCCCAGGGCCA
MA0734.4	Gli2	bg26	206	214	-	10.3761	7.44e-05	0.156	GACCACGCA
MA0483.2	Gfi1B	bg20	163	172	+	11.1379	7.45e-05	0.479	AAAGCACAGC
MA1528.2	NFIX	bg01	94	107	+	8.78723	7.45e-05	0.268	GTGGCACGAAGCCT
MA1966.2	TFAP4::ETV1	bg15	191	203	+	9.91057	7.47e-05	0.289	CAGGAAGCTGGGG
MA1715.1	ZNF707	bg04	10	24	-	6.83838	7.47e-05	0.112	TCCCACTCCAGAAAG
MA0761.3	ETV1	bg15	181	189	+	10.8537	7.48e-05	0.211	TCAGGAAGC
MA0761.3	ETV1	bg15	190	198	+	10.8537	7.48e-05	0.211	TCAGGAAGC
MA1723.2	PRDM9	bg03	174	193	+	9.33673	7.48e-05	0.0351	GCAGGAAACCGAGGCTGCAG
MA1630.3	ZNF281	bg06	112	121	-	7	7.49e-05	0.0476	GGTGGTGGGG
MA1629.2	Zic2	bg30	84	92	-	10.6667	7.49e-05	0.0821	AGCAGCAGG
MA1629.2	Zic2	bg12	173	181	-	10.6667	7.49e-05	0.0821	AGCAGCAGG
MA0737.1	GLIS3	bg15	24	37	-	3.31148	7.49e-05	0.213	GACCTCCCAGCCAG
MA1541.2	NR6A1	bg13	97	110	-	9.83871	7.5e-05	0.237	AAAGGTCAGGTGTG
MA0599.1	KLF5	bg24	191	200	-	11.0204	7.5e-05	0.104	GCCCCTCCTC
MA0643.2	Esrrg	bg23	141	149	-	10.9362	7.5e-05	0.958	CCAAGGGCA
MA2125.1	Zfp809	bg26	18	26	-	10.626	7.5e-05	0.0737	ATCCCTGCC
MA0090.4	TEAD1	bg23	92	100	-	10.7967	7.5e-05	0.239	ACATGCCAG
MA1540.3	NR5A1	bg03	149	160	+	10.3688	7.51e-05	0.233	GGGACAAGGCCA
MA1972.1	ZFP14	bg17	189	203	+	9.65169	7.52e-05	0.0944	TGAGGCAGGAGAATG
MA0821.2	HES5	bg18	18	27	-	11.2752	7.52e-05	0.176	TGCACGTGCT
MA1999.2	Prdm5	bg02	198	208	+	10.6606	7.52e-05	0.111	TCTCTCCAGCT
MA0524.3	TFAP2C	bg05	25	35	+	11.0714	7.53e-05	0.0689	GGCCCAAGGCG
MA0101.1	REL	bg08	155	164	+	11	7.53e-05	0.422	CGGTTTTTCC
MA0152.3	Nfatc2	bg08	160	167	-	11.3496	7.54e-05	0.491	AGTGGAAA
MA0502.3	NFYB	bg17	31	39	+	10.7561	7.54e-05	0.234	TCCTTGGCC
MA0163.1	PLAG1	bg05	3	16	-	5.28571	7.55e-05	0.0762	GAGGGAGAAGGGGA
MA0162.5	EGR1	bg04	17	26	-	10.6504	7.55e-05	0.318	ACTCCCACTC
MA2330.1	ZBTB24	bg10	191	200	-	10.741	7.55e-05	0.0843	CCCTGGCCCC
MA1959.2	KLF7	bg18	174	181	+	11.4045	7.55e-05	0.157	GGGTGTGG
MA1930.2	CTCF	bg08	29	61	+	7.01835	7.56e-05	0.0758	AGCCAGTGGGGTCTTTGCCTCTGCAGGTGGAGG
MA1712.2	ZNF454	bg13	28	44	+	9.45528	7.57e-05	0.047	GGCCCGTGGTCTGGCTC
MA1601.2	ZNF75D	bg14	78	89	+	9.31461	7.57e-05	0.313	GTGGGAGAGCTG
MA0830.3	TCF4	bg11	79	86	+	11.0569	7.58e-05	0.189	CCACCTGG
MA1656.2	ZNF449	bg14	117	126	-	10.5413	7.58e-05	0.0814	GAGCCCAGCG
MA0081.3	SPIB	bg01	17	29	+	10.1789	7.59e-05	0.231	CCTCTTCCCTTTC
MA0821.2	HES5	bg18	18	27	+	11.2661	7.59e-05	0.176	AGCACGTGCA
MA1514.2	KLF17	bg13	197	210	+	8.57143	7.62e-05	0.252	CCCAACCACCCCAC
MA0149.1	EWSR1-FLI1	bg18	159	176	+	-15.1974	7.64e-05	0.044	GAAAGGGTGGAGGCCGGG
MA1615.2	Plagl1	bg15	96	103	+	10.8374	7.64e-05	0.154	TGGGGACA
MA0740.2	KLF14	bg28	121	129	+	10.4719	7.65e-05	0.108	GGGGTGGAG
MA0810.2	TFAP2A	bg07	102	112	+	11.1091	7.65e-05	0.0538	ACCCCCCAGCC
MA1107.3	KLF9	bg29	190	200	-	10.2033	7.65e-05	0.123	CCCACTCCCAT
MA0524.3	TFAP2C	bg23	141	151	-	11.051	7.66e-05	0.0689	GGCCAAGGGCA
MA0048.3	NHLH1	bg02	136	144	-	10.7759	7.67e-05	0.15	AGCAGCTGG
MA1712.2	ZNF454	bg05	189	205	-	9.42276	7.69e-05	0.047	GGCTGGAGGGGCTGGGG
MA0753.3	ZNF740	element	160	169	+	9.55056	7.69e-05	0.127	CATCCCCCAC
MA2329.1	ZBTB11	element	32	40	+	10.4037	7.69e-05	0.273	CACTTCGGG
MA1539.1	NR2F6	bg21	166	180	-	4.96154	7.71e-05	0.184	AGGGTCGGAGGCCTG
MA1520.2	MAF	bg20	97	109	+	10.4636	7.72e-05	0.487	GGCTGTGGCAGCA
MA1719.2	ZNF816	bg08	72	86	+	9.01835	7.76e-05	0.199	GAGGGACATCTGTGG
MA0474.4	Erg	bg22	129	138	-	10.8374	7.76e-05	0.347	AGAGGAAGAG
MA0502.3	NFYB	bg23	143	151	+	10.6992	7.76e-05	0.234	CCCTTGGCC
MA0149.1	EWSR1-FLI1	bg26	93	110	-	-15.2895	7.77e-05	0.044	AGCAGGAAGCCTGGAAGC
MA0144.3	STAT3	bg05	134	142	-	10.7959	7.78e-05	0.336	TTCCGAGAA
MA0665.1	MSC	bg02	135	144	-	9.96341	7.79e-05	0.227	AGCAGCTGGT
MA1929.2	CTCF	bg27	168	198	+	8.63415	7.79e-05	0.1	GTGACAGTCCCCTTTCTCTCCCCAGGGGACA
MA1538.1	NR2F1	bg24	4	18	-	7.61818	7.79e-05	0.36	AGGGTTAGTGATCCA
MA1653.2	ZNF148	bg25	192	201	-	9.89796	7.79e-05	0.0588	GCCCTCCCCA
MA1565.2	TBX18	bg19	31	39	+	11.1129	7.8e-05	0.125	AGGCGTGAG
MA1565.2	TBX18	bg17	51	59	-	11.1129	7.8e-05	0.125	AGGCGTGAG
MA1565.2	TBX18	bg18	185	193	-	11.1129	7.8e-05	0.125	AGGCGTGAG
MA1969.2	THRA	bg15	172	189	-	7.09211	7.8e-05	0.151	GCTTCCTGAGGGGCCCTT
MA1517.2	KLF6	bg28	208	216	+	11.2545	7.81e-05	0.428	CCCCACCCC
MA0813.1	TFAP2B	bg29	163	175	+	9.60656	7.82e-05	0.0917	GCCCCAGAAGGCA
MA1728.2	ZNF549	bg02	141	148	+	10.7236	7.82e-05	0.204	TGCTGTCC
MA1721.2	ZNF93	bg09	149	162	+	9.13761	7.83e-05	0.0798	AGGAGAGGCAGCGC
MA1533.2	NR1I2	bg10	192	206	-	10.1316	7.83e-05	0.451	GGAACTCCCTGGCCC
MA0595.1	SREBF1	bg09	58	67	-	11.061	7.83e-05	0.28	CTCAGCTCAC
MA0505.3	Nr5A2	bg04	186	194	-	10.5691	7.84e-05	0.219	AGACCTTGG
MA0471.3	E2F6	bg08	99	106	-	10.9268	7.86e-05	0.261	GGCGGGCA
MA0163.1	PLAG1	bg05	78	91	-	5.15306	7.87e-05	0.0762	GAAGGCCTGGGGGA
MA1726.2	ZNF331	bg23	147	156	-	10.3028	7.87e-05	0.153	TGCAGGGCCA
MA1939.2	ERF::SREBF2	bg02	135	150	-	6	7.88e-05	0.986	CAGGACAGCAGCTGGT
MA1552.2	RARB	bg17	200	212	+	9.33333	7.88e-05	1	AATGGCGTGAACC
MA0627.3	POU2F3	bg21	12	20	-	10.6061	7.88e-05	0.511	AATGCAAAG
MA1975.2	ZNF214	bg21	32	44	-	10.5102	7.88e-05	1	TCCTCAAGGCCCC
MA1494.2	HNF4A	bg09	127	140	+	4.5	7.9e-05	0.306	GTGTCCAGAGGTGA
MA2100.1	ZSCAN16	bg26	186	203	-	-22.8936	7.91e-05	0.98	CACCATTGACAGAGCCAA
MA0090.4	TEAD1	bg12	114	122	+	10.6829	7.91e-05	0.239	ACATTCCTC
MA0073.2	RREB1	bg16	109	127	+	3.33945	7.91e-05	0.155	CCTTCCCCCACCAGCACAC
MA0140.3	GATA1::TAL1	bg28	187	203	-	10.5455	7.92e-05	0.987	ATATCTGGGCCCAGCTG
MA1151.2	RORC	bg10	81	90	-	11	7.93e-05	0.551	ATCCAGGTCA
MA0077.2	SOX9	bg16	195	202	-	10.4146	7.93e-05	1	CAATTGTT
MA1115.2	POU5F1	bg21	13	19	-	12.44	7.93e-05	0.519	ATGCAAA
MA1115.2	POU5F1	bg11	51	57	+	12.44	7.93e-05	0.519	ATGCAAA
MA0610.2	DMRT3	bg13	172	178	+	12.1639	7.93e-05	1	TGTATCA
MA0863.1	MTF1	bg14	156	169	+	5.89024	7.95e-05	0.474	GGTCCACACTACAC
MA0646.2	GCM1	bg19	90	99	-	10.5745	7.96e-05	0.839	CTACGGGTGC
MA0742.2	KLF12	bg04	20	28	+	8.98876	7.97e-05	0.0862	TGGGAGTGG
MA0742.2	KLF12	bg29	191	199	+	8.98876	7.97e-05	0.0862	TGGGAGTGG
MA0516.3	SP2	bg06	173	181	-	9.85393	7.97e-05	0.096	GAGGAGGGA
MA0136.4	Elf5	bg15	40	47	+	11.7724	7.98e-05	0.168	AAGGAAGA
MA0136.4	Elf5	bg05	111	118	-	11.7724	7.98e-05	0.168	AAGGAAGA
MA1508.2	IKZF1	bg26	103	110	-	11.3659	7.98e-05	0.339	AGCAGGAA
MA1723.2	PRDM9	bg27	104	123	-	9.19388	7.98e-05	0.0357	TGGGGTCAGGGGAGGGGAGA
MA1727.2	ZNF417	bg02	131	137	-	10.1798	8e-05	0.282	GGTGCCA
MA1727.2	ZNF417	bg21	115	121	+	10.1798	8e-05	0.282	GGTGCCA
MA1727.2	ZNF417	bg19	173	179	+	10.1798	8e-05	0.282	GGTGCCA
MA1648.2	TCF12	bg17	156	162	-	10.3759	8e-05	0.205	CGCCTGC
MA1726.2	ZNF331	bg22	91	100	-	10.2752	8e-05	0.153	GGCAGAGCAG
MA0732.2	EGR3	bg29	201	211	-	6.08621	8e-05	0.311	GCGCCTCCGCG
MA0145.2	Tfcp2l1	bg27	133	146	+	10.7576	8.01e-05	0.286	CCAGCCCAACCAGG
MA0003.5	TFAP2A	bg19	2	10	+	10.3821	8.01e-05	0.0544	GCCTCAGCC
MA0003.5	TFAP2A	bg09	13	21	-	10.3821	8.01e-05	0.0544	GCCTCAGCC
MA0003.5	TFAP2A	bg17	80	88	-	10.3821	8.01e-05	0.0544	GCCTCAGCC
MA0003.5	TFAP2A	bg17	186	194	-	10.3821	8.01e-05	0.0544	GCCTCAGCC
MA0740.2	KLF14	bg25	193	201	+	10.3034	8.01e-05	0.108	GGGGAGGGC
MA2332.1	ZNF175	bg15	181	189	+	10.6312	8.01e-05	0.204	TCAGGAAGC
MA2332.1	ZNF175	bg15	190	198	+	10.6312	8.01e-05	0.204	TCAGGAAGC
MA1102.3	CTCFL	bg07	93	100	-	10.8469	8.02e-05	0.37	CAGAGGGC
MA1564.2	SP9	bg29	190	199	-	10.7455	8.03e-05	0.305	CCACTCCCAT
MA1961.2	PATZ1	bg12	92	102	-	9.10112	8.04e-05	0.0518	TGAGGAGGGGA
MA1992.2	Ikzf3	bg14	130	138	-	10.6239	8.04e-05	0.172	CAGGAAGGA
MA0154.5	EBF1	bg15	91	101	+	10.3191	8.05e-05	0.102	GCCTCTGGGGA
MA0500.3	MYOG	bg19	74	81	+	11.4954	8.05e-05	0.134	CCAGCTGT
MA0500.3	MYOG	bg23	88	95	-	11.4954	8.05e-05	0.134	CCAGCTGT
MA0524.3	TFAP2C	bg02	166	176	-	10.9694	8.06e-05	0.0689	CCCTGCGGGCG
MA0592.4	ESRRA	bg10	81	89	-	10.4959	8.07e-05	0.34	TCCAGGTCA
MA1567.3	Tbx6	bg18	77	85	+	10.8624	8.09e-05	0.321	ATGTGTGAA
MA1716.2	ZNF76	bg13	13	29	+	7.15517	8.09e-05	0.214	AACCACCGTCCACCAGG
MA0857.1	Rarb	bg17	101	116	+	-5.06897	8.1e-05	0.49	TGAGGTCAGGAGTTTG
MA0073.2	RREB1	bg20	10	28	-	3.25688	8.1e-05	0.155	CACCCAAAGACTCCATCCC
MA1973.2	ZKSCAN3	bg21	95	108	+	8.48571	8.12e-05	0.12	CCAGGCCTGGCCCT
MA1973.2	ZKSCAN3	bg21	91	104	-	8.48571	8.12e-05	0.12	CCAGGCCTGGCCCT
MA1981.2	ZNF530	bg07	81	94	-	8.21429	8.13e-05	0.0484	GCTGGGCTGGGGCC
MA0698.2	ZBTB18	bg28	30	40	+	9.27143	8.14e-05	0.143	TTTCAGATGTT
MA1984.2	ZNF667	bg14	21	31	+	10.6241	8.15e-05	0.348	GGTAGAGCTCA
MA1514.2	KLF17	bg06	53	66	+	8.40816	8.15e-05	0.252	GCCTCCCAGCCCCT
MA1941.2	ETV2::FIGLA	bg14	126	138	-	9.42553	8.15e-05	0.271	CAGGAAGGAGATG
MA0737.1	GLIS3	bg07	101	114	+	2.98361	8.19e-05	0.213	CACCCCCCAGCCCG
MA0741.1	KLF16	bg28	207	217	+	10.1379	8.19e-05	0.174	GCCCCACCCCG
MA1421.1	TCF7L1	bg25	84	95	-	9	8.2e-05	1	CAAGCTCCAAGG
MA1986.2	ZNF692	bg16	101	108	+	12	8.2e-05	0.0806	AGGCCCAG
MA1986.2	ZNF692	bg21	132	139	+	12	8.2e-05	0.0806	AGGCCCAG
MA1714.2	ZNF675	bg09	85	103	+	9.01111	8.21e-05	0.199	CAGCCTGGACGACAGAATG
MA2341.1	FEZF2	bg15	25	32	-	10.9714	8.21e-05	0.0386	CCCAGCCA
MA2341.1	FEZF2	bg25	53	60	+	10.9714	8.21e-05	0.0386	CCCAGCCA
MA0142.1	Pou5f1::Sox2	bg08	112	126	+	10.0968	8.22e-05	1	CTTAGAGATGGAAAG
MA1715.1	ZNF707	bg07	56	70	-	6.59596	8.23e-05	0.112	AACCACTCCTGAGAA
MA0518.2	Stat4	bg13	151	160	-	11.1724	8.24e-05	0.354	TTAAAGGAAA
MA0688.2	TBX2	bg18	77	85	+	11.1273	8.24e-05	0.315	ATGTGTGAA
MA0155.1	INSM1	bg26	88	99	-	9.28571	8.24e-05	0.139	TGGAAGCGGGAG
MA0599.1	KLF5	bg18	162	171	-	10.8776	8.24e-05	0.104	CCTCCACCCT
MA1521.2	MAFA	bg02	146	158	-	10.3909	8.25e-05	0.244	TGCAGCCTCAGGA
MA1464.2	ARNT2	bg18	18	25	+	11.4255	8.27e-05	1	AGCACGTG
MA1723.2	PRDM9	bg29	186	205	+	9.11224	8.28e-05	0.0357	AGTGATGGGAGTGGGCGCGG
MA1984.2	ZNF667	bg07	29	39	-	10.5745	8.28e-05	0.348	TGAGGGGCTCA
MA2003.2	NKX2-4	bg19	14	21	-	11.1207	8.28e-05	0.203	GCACTTCA
MA2003.2	NKX2-4	bg10	121	128	-	11.1207	8.28e-05	0.203	GCACTTCA
MA0774.1	MEIS2	element	103	110	-	11.7241	8.28e-05	1	GTGACAGG
MA1596.1	ZNF460	bg14	59	74	+	5.77528	8.28e-05	0.0327	ATGTGGGCCTCCCCAC
MA1565.2	TBX18	bg18	77	85	+	11.0484	8.29e-05	0.125	ATGTGTGAA
MA1987.2	ZNF701	bg03	115	131	+	8.79817	8.31e-05	0.0796	GGGGTGCAGAGGGGGCA
MA0154.5	EBF1	bg08	142	152	+	10.2128	8.32e-05	0.102	TCCCCTGGGTG
MA1631.2	ASCL1	bg04	124	132	+	10.6585	8.34e-05	0.0993	GCCCCTGCC
MA0803.1	TBX15	bg03	133	140	-	10.7115	8.34e-05	0.226	AGGTGGGA
MA0668.3	Neurod2	bg24	70	77	+	10.7615	8.34e-05	0.103	ACAGATGC
MA1109.2	NEUROD1	bg24	70	77	+	10.1835	8.34e-05	0.104	ACAGATGC
MA1627.2	Wt1	bg09	43	52	-	10.1707	8.34e-05	0.08	CCTCCGCCTC
MA0002.3	Runx1	bg16	175	183	-	11.0345	8.34e-05	0.347	CTGTGGGCT
MA1935.2	ERF::FOXI1	bg26	102	111	-	10.9032	8.35e-05	0.941	TAGCAGGAAG
MA1155.1	ZSCAN4	bg19	78	92	-	1.53448	8.37e-05	0.527	TGCACACCACCACAG
MA1959.2	KLF7	bg27	107	114	-	11.3034	8.37e-05	0.157	GGGAGGGG
MA0160.3	NR4A2	bg10	50	57	+	11.2429	8.37e-05	0.363	AAAGGCCA
MA0160.3	NR4A2	bg13	165	172	-	11.2429	8.37e-05	0.363	AAAGGCCA
MA1538.1	NR2F1	bg24	4	18	+	7.43636	8.37e-05	0.36	TGGATCACTAACCCT
MA2121.1	ZNF213	bg24	181	192	+	10.3659	8.39e-05	0.0461	ACCAAGGCTGGA
MA1715.1	ZNF707	bg18	3	17	+	6.53535	8.43e-05	0.112	CCGCACACCTGGTGG
MA1652.2	ZKSCAN5	bg22	19	27	-	10.0917	8.43e-05	0.0854	GGATGTGAG
MA1652.2	ZKSCAN5	bg13	116	124	-	10.0917	8.43e-05	0.0854	GGATGTGAG
MA2121.1	ZNF213	bg23	164	175	+	10.3496	8.45e-05	0.0461	GCCCAGGAGGAG
MA0048.3	NHLH1	bg24	48	56	+	10.4828	8.45e-05	0.15	CCCACCTGC
MA0048.3	NHLH1	bg30	80	88	+	10.4828	8.45e-05	0.15	CCCACCTGC
MA0474.4	Erg	element	23	32	+	10.7073	8.47e-05	0.347	GCAGGAAGGC
MA1966.2	TFAP4::ETV1	bg14	126	138	-	9.64228	8.48e-05	0.289	CAGGAAGGAGATG
MA1643.2	NFIB	bg10	141	157	-	7.07143	8.49e-05	0.171	CCTGGCTGTGCTCCGGG
MA0019.2	Ddit3::Cebpa	bg24	125	134	-	10.8333	8.49e-05	0.294	GTGCAGTCCC
MA0823.1	HEY1	bg18	18	27	-	11.0182	8.51e-05	0.362	TGCACGTGCT
MA1522.2	MAZ	bg21	153	160	-	8.79592	8.51e-05	0.0981	CCCCTCGC
MA1981.2	ZNF530	bg12	161	174	-	8.09184	8.51e-05	0.0484	GGATGGACAGGACC
MA0832.2	Tcf21	bg30	94	103	-	6.13158	8.52e-05	0.211	GACAGTTGTC
MA0473.4	ELF1	bg24	206	214	+	10.1463	8.52e-05	0.519	CAGAAAGTG
MA1976.2	ZNF320	bg03	19	38	-	7.62921	8.52e-05	0.0586	GGGAGGCCTGGTGGCCCATG
MA0603.2	Arntl	bg18	18	25	+	10.9672	8.53e-05	1	AGCACGTG
MA0745.3	SNAI2	bg24	49	56	+	10.7959	8.53e-05	0.247	CCACCTGC
MA0745.3	SNAI2	bg08	51	58	-	10.7959	8.53e-05	0.247	CCACCTGC
MA0745.3	SNAI2	bg30	81	88	+	10.7959	8.53e-05	0.247	CCACCTGC
MA0728.1	Nr2F6	bg12	153	167	-	-6.22857	8.53e-05	0.267	CAGGACCAAAGGTCC
MA0811.2	TFAP2B	bg02	167	177	+	10.9091	8.53e-05	0.0893	GCCCGCAGGGG
MA0524.3	TFAP2C	bg02	167	177	+	10.8776	8.53e-05	0.0689	GCCCGCAGGGG
MA1961.2	PATZ1	element	163	173	-	8.93258	8.54e-05	0.0518	TCCGGTGGGGG
MA1151.2	RORC	bg14	40	49	+	10.9727	8.54e-05	0.551	ATCTGGGCCA
MA0691.1	TFAP4	bg19	73	82	-	10.1455	8.56e-05	0.298	CACAGCTGGC
MA0691.1	TFAP4	bg23	87	96	+	10.1455	8.56e-05	0.298	CACAGCTGGC
MA1587.1	ZNF135	bg11	157	170	+	7.59184	8.56e-05	0.0673	CCTCAGCTTCCCAG
MA0743.3	SCRT1	bg08	78	87	-	10.1101	8.59e-05	0.294	TCCACAGATG
MA0677.2	Nr2f6	bg12	153	165	-	8.24286	8.59e-05	0.516	GGACCAAAGGTCC
MA1712.2	ZNF454	bg12	184	200	-	9.18699	8.59e-05	0.049	GCCACACGGGCCTGAGG
MA0807.1	TBX5	bg12	7	14	+	10.4138	8.6e-05	0.181	AGGTGTGT
MA1623.2	Stat2	bg30	188	197	-	10.4965	8.6e-05	0.555	GAAAGAGAAG
MA1126.2	FOS::JUN	bg10	22	31	-	10.5858	8.61e-05	1	ATCACCTCAT
MA1546.2	PAX3	bg10	72	85	-	9.87097	8.62e-05	1	GGTCACACTAGGTA
MA0079.5	SP1	bg28	208	216	-	8.11224	8.63e-05	0.12	GGGGTGGGG
MA1596.1	ZNF460	bg05	188	203	+	5.66292	8.64e-05	0.0327	CCCCCAGCCCCTCCAG
MA0816.1	Ascl2	bg30	83	92	+	10.5143	8.65e-05	0.283	ACCTGCTGCT
MA1604.2	Ebf2	bg22	115	123	+	10.2439	8.67e-05	0.132	CCCTTGGGA
MA1949.2	FLI1::DRGX	element	168	181	+	10.1667	8.67e-05	0.549	ACCGGATGTGACCC
MA1150.2	RORB	bg22	177	186	+	10.662	8.68e-05	0.56	AATGGGGCCA
MA0074.1	RXRA::VDR	bg10	192	206	+	5.16514	8.69e-05	1	GGGCCAGGGAGTTCC
MA1565.2	TBX18	bg12	7	15	+	10.871	8.69e-05	0.125	AGGTGTGTA
MA0676.1	Nr2e1	bg08	108	116	-	11.1034	8.7e-05	1	CTAAGTCAA
MA1652.2	ZKSCAN5	bg25	103	111	+	10.0459	8.71e-05	0.0854	GGAGCTGAG
MA0685.2	SP4	bg28	208	216	-	7.26966	8.71e-05	0.102	GGGGTGGGG
MA1992.2	Ikzf3	bg26	131	139	+	10.4862	8.72e-05	0.172	CAGGATGCG
MA0761.3	ETV1	bg14	131	139	-	10.5447	8.74e-05	0.211	TCAGGAAGG
MA0062.4	GABPA	bg22	129	138	+	10.6357	8.75e-05	0.598	CTCTTCCTCT
MA1618.2	Ptf1A	bg28	32	40	+	11.1951	8.76e-05	0.185	TCAGATGTT
MA0743.3	SCRT1	bg21	194	203	+	10.0734	8.76e-05	0.294	TGCACAGGTG
MA0505.3	Nr5A2	bg03	152	160	-	10.3089	8.77e-05	0.219	TGGCCTTGT
MA1101.3	BACH2	bg09	14	24	-	6.73333	8.78e-05	1	CGTGCCTCAGC
MA0528.3	ZNF263	bg04	33	39	+	9.23636	8.78e-05	0.252	GGGAGCA
MA0528.3	ZNF263	bg20	80	86	+	9.23636	8.78e-05	0.252	GGGAGCA
MA0522.4	TCF3	bg18	20	26	+	10.1489	8.78e-05	0.181	CACGTGC
MA0597.3	THAP1	bg09	173	180	-	11.2121	8.78e-05	0.145	GTAGGGCA
MA0522.4	TCF3	bg18	19	25	-	10.1489	8.78e-05	0.181	CACGTGC
MA1654.2	ZNF16	bg11	114	134	-	2.8871	8.8e-05	0.341	AAAGGAGAGGCCAGGGAGGTG
MA0146.3	Zfx	bg05	24	33	-	10.7879	8.81e-05	0.105	CCTTGGGCCT
MA1999.2	Prdm5	bg05	169	179	-	10.4182	8.82e-05	0.116	GCTCTCCTGCT
MA2096.1	ZNF524	bg07	24	32	-	10.3966	8.83e-05	0.352	CTCAGACCC
MA1631.2	ASCL1	bg10	170	178	-	10.5041	8.83e-05	0.0993	GCTCCTGCC
MA1631.2	ASCL1	bg06	41	49	+	10.5041	8.83e-05	0.0993	GCTCCTGCC
MA0673.2	NKX2-8	bg19	14	21	-	11.0192	8.86e-05	0.286	GCACTTCA
MA0673.2	NKX2-8	bg10	121	128	-	11.0192	8.86e-05	0.286	GCACTTCA
MA2330.1	ZBTB24	bg07	76	85	+	10.512	8.87e-05	0.0891	CACAGGGCCC
MA0071.1	RORA	bg27	41	50	+	11.3469	8.88e-05	0.568	AAGAGGGTCA
MA0883.2	Dmbx1	bg17	61	70	-	11.4878	8.89e-05	1	GTTGGGATTA
MA1107.3	KLF9	bg28	5	15	-	9.93496	8.89e-05	0.123	GCCTCACCCGC
MA0119.1	NFIC::TLX1	bg15	124	137	+	4.33673	8.91e-05	0.145	TGGCTCAGTGGCAG
MA1715.1	ZNF707	bg23	163	177	-	6.39394	8.91e-05	0.112	CCCTCCTCCTGGGCT
MA1627.2	Wt1	bg28	5	14	-	10.0325	8.92e-05	0.08	CCTCACCCGC
MA1627.2	Wt1	bg26	160	169	+	10.0325	8.92e-05	0.08	CCTCACCCGC
MA1579.2	ZBTB26	bg27	35	42	+	11.5	8.92e-05	0.385	GTCCAGAA
MA0805.1	TBX1	bg02	35	42	-	11.102	8.92e-05	0.324	AGGTGTCA
MA0093.4	USF1	bg30	37	46	+	10.3821	8.92e-05	0.26	GTCAGATGAC
MA0804.2	TBX19	bg22	51	67	-	8.76829	8.93e-05	0.556	CCACAGCTAATTGTGAT
MA0814.3	TFAP2C	bg20	70	78	-	10.2683	8.94e-05	0.0508	GCCTCAGGG
MA0814.3	TFAP2C	bg12	135	143	+	10.2683	8.94e-05	0.0508	GCCTCAGGG
MA1719.2	ZNF816	bg16	104	118	-	8.69725	8.95e-05	0.199	TGGGGGAAGGCTGGG
MA0065.3	Pparg::Rxra	bg07	92	104	-	10.4955	8.96e-05	0.0982	GGTGCAGAGGGCT
MA0065.3	Pparg::Rxra	bg27	175	187	-	10.4955	8.96e-05	0.0982	GAGAGAAAGGGGA
MA0056.3	MZF1	bg24	154	161	-	10.8211	8.96e-05	0.369	ACTCCCCA
MA1651.2	ZFP42	bg20	33	45	-	9.40449	8.97e-05	1	CTAGATGGCTGAA
MA1630.3	ZNF281	bg05	5	14	-	6.91011	8.98e-05	0.051	GGGAGAAGGG
MA1630.3	ZNF281	bg02	61	70	-	6.91011	8.98e-05	0.051	GGGAGAAGGG
MA0813.1	TFAP2B	bg02	167	179	-	9.14754	8.98e-05	0.0921	AGCCCCTGCGGGC
MA1730.2	ZNF708	bg09	181	189	-	10.2018	8.98e-05	0.334	GCTATACCT
MA1944.2	ETV5::DRGX	bg29	136	147	-	10.3939	8.98e-05	0.357	CGGACGCACTCA
MA2099.1	ZNF770	bg02	185	192	+	10.633	8.98e-05	0.0769	CGGGCTCA
MA1599.2	ZNF682	bg05	188	198	+	9.44715	9e-05	0.0964	CCCCCAGCCCC
MA1599.2	ZNF682	bg07	24	34	-	9.44715	9e-05	0.0964	GGCTCAGACCC
MA0003.5	TFAP2A	bg15	91	99	+	10.252	9e-05	0.0571	GCCTCTGGG
MA1569.2	TFAP2E	bg05	26	34	+	11.7551	9e-05	0.0821	GCCCAAGGC
MA2341.1	FEZF2	bg06	57	64	+	10.7714	9.02e-05	0.0386	CCCAGCCC
MA2341.1	FEZF2	bg29	69	76	+	10.7714	9.02e-05	0.0386	CCCAGCCC
MA2341.1	FEZF2	bg07	84	91	+	10.7714	9.02e-05	0.0386	CCCAGCCC
MA2341.1	FEZF2	bg07	89	96	+	10.7714	9.02e-05	0.0386	CCCAGCCC
MA2341.1	FEZF2	bg07	106	113	+	10.7714	9.02e-05	0.0386	CCCAGCCC
MA2341.1	FEZF2	bg05	190	197	+	10.7714	9.02e-05	0.0386	CCCAGCCC
MA1548.2	PLAGL2	bg21	31	38	-	11	9.03e-05	0.072	AGGCCCCC
MA0750.3	ZBTB7A	bg26	100	108	-	10.6341	9.03e-05	0.334	CAGGAAGCC
MA1710.2	ZNF257	bg24	191	200	+	10.4382	9.04e-05	0.0903	GAGGAGGGGC
MA0472.2	EGR2	bg29	193	203	-	8.86207	9.04e-05	0.514	GCGCCCACTCC
MA0039.5	KLF4	bg13	83	90	+	10.6909	9.04e-05	0.121	CACCACCC
MA0815.1	TFAP2C	bg29	163	175	+	9.01724	9.05e-05	0.103	GCCCCAGAAGGCA
MA0816.1	Ascl2	bg02	138	147	+	10.4857	9.06e-05	0.283	AGCTGCTGTC
MA1596.1	ZNF460	bg04	41	56	+	5.52809	9.07e-05	0.0327	TCCCCGGCATCCCCAG
MA0696.1	ZIC1	bg02	163	176	+	5.42553	9.07e-05	0.198	AGCCGCCCGCAGGG
MA0116.1	Znf423	bg24	11	25	+	4.65169	9.07e-05	0.164	CTAACCCTTGGTGCC
MA0595.1	SREBF1	bg17	95	104	+	10.7317	9.09e-05	0.28	ATCACCTGAG
MA0640.3	ELF3	bg22	129	137	+	10.4929	9.11e-05	0.563	CTCTTCCTC
MA0065.3	Pparg::Rxra	bg07	72	84	+	10.4685	9.11e-05	0.0982	AGGACACAGGGCC
MA0138.3	REST	bg15	66	85	+	4.42857	9.11e-05	0.102	TAAGGCCACAGGACAGGAAC
MA0753.3	ZNF740	bg13	201	210	+	9.13483	9.12e-05	0.127	ACCACCCCAC
MA1725.2	ZNF189	bg22	127	135	+	10.3714	9.12e-05	0.368	TTCTCTTCC
MA0732.2	EGR3	bg04	39	49	+	5.65517	9.12e-05	0.311	ACTCCCCGGCA
MA1589.2	ZNF140	bg30	45	63	-	4.69663	9.13e-05	1	GTGACCGGGACTGCGGGGT
MA0779.2	PAX1	bg28	138	153	+	4.6	9.14e-05	0.499	GGTCGTGCGTGAGTGG
MA0258.2	ESR2	bg21	199	213	+	10.1731	9.14e-05	1	AGGTGATCTTGGCAT
MA0743.3	SCRT1	bg11	2	11	+	10.0367	9.18e-05	0.294	TCCACAGTTG
MA1986.2	ZNF692	bg14	42	49	-	11.7692	9.19e-05	0.0821	TGGCCCAG
MA0478.2	FOSL2	bg17	46	55	+	9.90909	9.2e-05	0.393	AGTGGCTCAC
MA0014.4	PAX5	bg10	78	85	+	10.9091	9.2e-05	0.898	GTGTGACC
MA0101.1	REL	bg16	98	107	-	10.8384	9.2e-05	0.422	TGGGCCTTCC
MA0747.2	SP8	bg20	6	16	-	10.4079	9.21e-05	0.211	CCATCCCCACT
MA0090.4	TEAD1	bg04	149	157	+	10.3415	9.22e-05	0.239	ACGTTCCAG
MA1976.2	ZNF320	bg19	113	132	+	7.4382	9.22e-05	0.0586	GGAGGCTGAGGGGGAAGGAC
MA1620.2	Ptf1A	bg21	197	204	-	11.2439	9.22e-05	0.365	TCACCTGT
MA1723.2	PRDM9	bg27	98	117	-	8.86735	9.23e-05	0.0375	CAGGGGAGGGGAGACCACGG
MA1930.2	CTCF	bg15	52	84	+	6.53211	9.25e-05	0.0834	GTGCAGATTTGCCATAAGGCCACAGGACAGGAA
MA0649.2	HEY2	bg29	56	64	+	10.6207	9.25e-05	0.34	GAAACGTGC
MA0504.2	NR2C2	bg27	6	19	+	8.67143	9.26e-05	0.181	AGGTGCAAGGGTCT
MA1944.2	ETV5::DRGX	bg29	32	43	-	10.3485	9.26e-05	0.357	CGGAGGTAGTCA
MA0739.2	Hic1	bg10	125	132	+	11.0769	9.26e-05	0.22	GTGCCCAC
MA1472.3	Bhlha15	bg02	136	143	+	10.6341	9.26e-05	0.111	CCAGCTGC
MA1472.3	Bhlha15	bg02	136	143	-	10.6341	9.26e-05	0.111	GCAGCTGG
MA1472.3	Bhlha15	bg28	186	193	+	10.6341	9.26e-05	0.111	GCAGCTGG
MA1472.3	Bhlha15	bg28	186	193	-	10.6341	9.26e-05	0.111	CCAGCTGC
MA0500.3	MYOG	bg19	74	81	-	11.4679	9.26e-05	0.134	ACAGCTGG
MA0500.3	MYOG	bg23	88	95	+	11.4679	9.26e-05	0.134	ACAGCTGG
MA0842.3	NRL	bg27	46	57	-	9.55319	9.28e-05	1	ACACTGCTGACC
MA1958.2	HOXD12::ELK1	bg05	138	150	+	3.71212	9.28e-05	1	CGGAAATGAGAAA
MA0740.2	KLF14	bg06	176	184	-	9.4382	9.28e-05	0.111	TGGGAGGAG
MA1529.2	NHLH2	bg07	112	127	+	6.73469	9.28e-05	0.118	CCGGCCATCTGCGCCC
MA1596.1	ZNF460	bg04	124	139	+	5.46067	9.3e-05	0.0327	GCCCCTGCCCCACAGG
MA0076.3	ELK4	bg26	100	108	+	10.8	9.3e-05	1	GGCTTCCTG
MA0655.1	JDP2	bg19	204	212	-	8.82759	9.31e-05	1	ATGTCTCAC
MA0696.1	ZIC1	bg23	188	201	-	5.34043	9.31e-05	0.198	GCCCCCATGCTGAC
MA0472.2	EGR2	bg29	201	211	-	8.7931	9.32e-05	0.514	GCGCCTCCGCG
MA1987.2	ZNF701	bg17	182	198	+	8.54128	9.32e-05	0.0818	GGGAGGCTGAGGCAGGA
MA1554.2	RFX7	bg01	34	41	-	10.9143	9.33e-05	1	TGTTGCTA
MA1599.2	ZNF682	bg02	174	184	-	9.36585	9.34e-05	0.0964	GCAGAAGCCCC
MA0810.2	TFAP2A	bg05	25	35	-	10.8	9.34e-05	0.0606	CGCCTTGGGCC
MA1514.2	KLF17	bg26	3	16	-	8.07143	9.35e-05	0.252	CCCTCCTTCCCATC
MA0698.2	ZBTB18	bg04	176	186	-	8.98571	9.35e-05	0.143	GTCCAGATGGT
MA1959.2	KLF7	bg13	83	90	-	10.9663	9.36e-05	0.157	GGGTGGTG
MA1710.2	ZNF257	bg12	92	101	-	10.3034	9.36e-05	0.0903	GAGGAGGGGA
MA1710.2	ZNF257	bg23	170	179	+	10.3034	9.36e-05	0.0903	GAGGAGGGGA
MA0591.2	Bach1::Mafk	bg02	147	158	+	6.72368	9.37e-05	0.542	CCTGAGGCTGCA
MA0746.3	SP3	bg13	204	214	+	9.09615	9.39e-05	0.223	ACCCCACCCAA
MA1978.2	ZNF354A	bg23	14	33	+	10.3333	9.39e-05	0.576	ATTCTATAAATGGGGAAACT
MA1723.2	PRDM9	bg06	42	61	-	8.82653	9.39e-05	0.0375	CTGGGAGGCAGAGGCAGGAG
MA0517.2	STAT1::STAT2	bg30	129	141	+	9.10606	9.4e-05	0.298	AGTTTCTGGTCTC
MA1639.2	MEIS1	bg12	207	215	+	10.4878	9.4e-05	1	CATCATTCA
MA0872.1	TFAP2A	bg29	163	175	-	9.47541	9.41e-05	0.11	TGCCTTCTGGGGC
MA0069.1	PAX6	bg18	72	85	-	10.0222	9.42e-05	0.397	TTCACACATGGCCT
MA0519.2	Stat5a::Stat5b	bg10	139	147	+	11.0204	9.43e-05	0.407	TTCCCGGAG
MA1961.2	PATZ1	bg26	8	18	+	8.62921	9.44e-05	0.0534	GAAGGAGGGAG
MA1550.2	PPARD	bg27	6	19	+	5.14286	9.44e-05	1	AGGTGCAAGGGTCT
MA0136.4	Elf5	bg04	5	12	-	11.4309	9.45e-05	0.17	AAGGAAGC
MA0734.4	Gli2	bg01	91	99	-	9.88991	9.45e-05	0.165	TGCCACCCA
MA0163.1	PLAG1	bg06	54	67	-	4.54082	9.46e-05	0.0839	GAGGGGCTGGGAGG
MA1653.2	ZNF148	bg06	176	185	+	9.61224	9.46e-05	0.0659	CTCCTCCCAC
MA1627.2	Wt1	bg07	5	14	+	9.91057	9.47e-05	0.08	CCTCCCTCTC
MA0812.2	TFAP2B	bg05	26	34	-	10.5091	9.48e-05	0.0983	GCCTTGGGC
MA0107.1	RELA	bg01	61	70	+	8.47959	9.48e-05	1	GTGGCTTCCC
MA1976.2	ZNF320	bg06	48	67	-	7.37079	9.48e-05	0.0586	GAGGGGCTGGGAGGCAGAGG
MA1149.2	RARA::RXRG	bg08	140	156	-	10.0364	9.49e-05	0.275	CGGGCACCCAGGGGACA
MA0019.2	Ddit3::Cebpa	bg23	99	108	+	10.7556	9.5e-05	0.294	GTGCCATCCC
MA1721.2	ZNF93	bg06	42	55	-	8.7156	9.51e-05	0.0862	GGCAGAGGCAGGAG
MA0733.2	EGR4	bg21	152	162	-	9.81818	9.51e-05	0.85	ACCCCCTCGCC
MA1540.3	NR5A1	bg23	141	152	-	9.97163	9.52e-05	0.236	GGGCCAAGGGCA
MA1561.2	SOX12	bg16	191	200	+	10.2787	9.53e-05	1	GCAGAACAAT
MA0469.4	E2F3	bg05	49	62	+	3.21277	9.54e-05	0.615	TTCTGGTGCCCATA
MA2122.1	Ebf4	bg09	188	198	-	9.91489	9.54e-05	0.135	TCCTCTGGGGC
MA2121.1	ZNF213	bg03	1	12	+	10.122	9.55e-05	0.0488	CCCAAGGCCGGG
MA1946.2	ETV5::FOXI1	bg26	102	113	-	9.90909	9.58e-05	0.355	GGTAGCAGGAAG
MA1529.2	NHLH2	bg30	77	92	-	6.63265	9.6e-05	0.118	AGCAGCAGGTGGGGAA
MA0636.1	BHLHE41	bg18	18	27	+	7.23077	9.6e-05	0.993	AGCACGTGCA
MA0641.1	ELF4	bg18	143	154	+	8.21311	9.61e-05	0.571	AACCGGGAAGGA
MA0607.2	BHLHA15	bg04	176	185	-	10.2857	9.61e-05	0.583	TCCAGATGGT
MA0623.2	NEUROG1	bg23	63	72	+	9.85455	9.62e-05	0.562	GCCATGTGTC
MA1568.2	TCF21	bg23	63	72	+	10.6774	9.62e-05	1	GCCATGTGTC
MA1982.2	ZNF574	bg15	11	24	-	8.85393	9.63e-05	0.479	GGGTAGACCGGTCC
MA0669.1	NEUROG2	bg23	63	72	+	9.12121	9.63e-05	0.602	GCCATGTGTC
MA0114.5	HNF4A	bg21	8	16	-	10.695	9.64e-05	0.414	CAAAGCCCA
MA0737.1	GLIS3	bg23	190	203	-	2.36066	9.65e-05	0.213	TAGCCCCCATGCTG
MA1719.2	ZNF816	bg25	107	121	-	8.52294	9.66e-05	0.199	GGGAGACCTGCTCAG
MA1715.1	ZNF707	bg08	4	18	+	6.18182	9.69e-05	0.112	CCCTGCTCCAGGTTG
MA0154.5	EBF1	bg23	55	65	+	9.80851	9.69e-05	0.107	TGCCCAGGGCC
MA0753.3	ZNF740	bg18	97	106	-	9.01124	9.71e-05	0.127	CACCTCCCAC
MA1722.2	ZSCAN31	bg02	52	69	+	-0.846154	9.71e-05	0.602	ACATACCAGCCCTTCTCC
MA0062.4	GABPA	bg01	203	212	-	10.3357	9.71e-05	0.598	TACTTCCTCC
MA0606.3	Nfat5	bg08	119	126	+	10.4225	9.72e-05	0.422	ATGGAAAG
MA0003.5	TFAP2A	bg02	187	195	+	10.065	9.72e-05	0.0578	GGCTCAGGC
MA0469.4	E2F3	bg05	49	62	-	3.14894	9.72e-05	0.615	TATGGGCACCAGAA
MA1149.2	RARA::RXRG	element	165	181	-	9.99091	9.73e-05	0.275	GGGTCACATCCGGTGGG
MA0688.2	TBX2	bg10	94	102	+	10.7455	9.73e-05	0.315	GGGTGTGAG
MA2002.2	Zfp335	bg24	22	28	-	11.4756	9.74e-05	0.588	GCAGGCA
MA2002.2	Zfp335	bg22	188	194	-	11.4756	9.74e-05	0.588	GCAGGCA
MA2324.1	BCL11A	bg22	111	117	+	10.3262	9.74e-05	0.239	CTGACCC
MA2324.1	BCL11A	bg27	115	121	+	10.3262	9.74e-05	0.239	CTGACCC
MA1558.2	SNAI1	bg21	197	203	+	12.0204	9.74e-05	0.314	ACAGGTG
MA2324.1	BCL11A	bg27	45	51	-	10.3262	9.74e-05	0.239	CTGACCC
MA2324.1	BCL11A	element	198	204	-	10.3262	9.74e-05	0.239	CTGACCC
MA2328.1	ZBED4	element	188	197	-	10.0355	9.74e-05	0.247	CAGGCTCCGC
MA0750.3	ZBTB7A	element	110	118	+	10.561	9.74e-05	0.334	CCGGATGTG
MA0750.3	ZBTB7A	element	169	177	+	10.561	9.74e-05	0.334	CCGGATGTG
MA2123.1	Hand1	bg25	182	190	+	10.5366	9.75e-05	0.11	TGCAGACCA
MA1616.2	Prdm15	bg05	81	91	-	10.1009	9.76e-05	0.4	GAAGGCCTGGG
MA0684.3	RUNX3	bg26	25	32	-	11.3972	9.77e-05	1	AACCTCAT
MA0696.1	ZIC1	bg05	166	179	-	5.19149	9.78e-05	0.198	GCTCTCCTGCTGGG
MA0669.1	NEUROG2	bg23	63	72	-	9.07576	9.78e-05	0.602	GACACATGGC
MA0689.1	TBX20	bg18	101	111	+	10	9.79e-05	0.627	GAGGTGTGACT
MA0607.2	BHLHA15	bg04	176	185	+	10.2041	9.8e-05	0.583	ACCATCTGGA
MA2099.1	ZNF770	bg09	42	49	-	10.5413	9.8e-05	0.0774	CCGCCTCC
MA1599.2	ZNF682	bg07	26	36	+	9.26016	9.8e-05	0.0964	GTCTGAGCCCC
MA1717.2	ZNF784	bg14	150	157	+	11.0727	9.81e-05	1	ACCTACGG
MA1123.3	TWIST1	bg23	88	95	-	10.9593	9.81e-05	0.206	CCAGCTGT
MA1123.3	TWIST1	bg19	74	81	+	10.9593	9.81e-05	0.206	CCAGCTGT
MA1560.2	SOHLH2	bg22	3	10	+	10.5172	9.81e-05	0.407	GTACGTGC
MA0101.1	REL	bg10	48	57	-	10.7071	9.81e-05	0.422	TGGCCTTTCC
MA1574.2	THRB	bg27	7	19	+	8.82022	9.81e-05	1	GGTGCAAGGGTCT
MA1581.2	ZBTB6	bg19	33	41	+	10.2936	9.83e-05	0.102	GCGTGAGCC
MA1581.2	ZBTB6	bg17	49	57	-	10.2936	9.83e-05	0.102	GCGTGAGCC
MA1581.2	ZBTB6	bg18	183	191	-	10.2936	9.83e-05	0.102	GCGTGAGCC
MA1999.2	Prdm5	bg01	134	144	+	10.2545	9.83e-05	0.116	GGTCTCCCTCA
MA1494.2	HNF4A	bg13	165	178	-	3.75758	9.83e-05	0.306	TGATACAAAGGCCA
MA0811.2	TFAP2B	bg23	56	66	+	10.6909	9.83e-05	0.0926	GCCCAGGGCCA
MA1990.2	Gli1	bg01	91	100	-	10.0284	9.84e-05	0.212	GTGCCACCCA
MA0691.1	TFAP4	bg02	135	144	-	9.83636	9.85e-05	0.298	AGCAGCTGGT
MA0751.2	ZIC4	bg23	188	201	-	9.65385	9.85e-05	0.275	GCCCCCATGCTGAC
MA1512.2	KLF11	bg29	190	199	-	9.92308	9.85e-05	0.361	CCACTCCCAT
MA1629.2	Zic2	bg22	190	198	-	10.122	9.89e-05	0.0986	CAAAGCAGG
MA1511.2	KLF10	bg24	120	128	+	9.33708	9.9e-05	0.158	GGGGAGGGA
MA1643.2	NFIB	bg23	59	75	+	6.66327	9.9e-05	0.171	CAGGGCCATGTGTCAAG
MA1594.1	ZNF382	bg27	11	34	-	2.9798	9.92e-05	1	AGAGATGAGCAGAACAGACCCTTG
MA1952.2	FOXJ2::ELF1	bg08	188	198	+	10.5	9.92e-05	1	ACACACGAAGA
MA0595.1	SREBF1	bg12	45	54	-	10.4268	9.92e-05	0.28	ATCAGACCAT
MA1637.2	EBF3	bg22	115	123	+	10.3008	9.93e-05	0.146	CCCTTGGGA
MA1597.1	ZNF528	bg22	99	115	-	4.87755	9.94e-05	0.376	GTCAGGGAAGCTAGTGG
MA0761.3	ETV1	bg01	203	211	+	10.4228	9.97e-05	0.211	GGAGGAAGT
MA0736.1	GLIS2	bg18	93	106	-	7.11475	9.99e-05	0.375	CACCTCCCACTTTG
MA1538.1	NR2F1	bg11	8	22	+	6.96364	0.0001	0.36	GTTGCCAGTGACCTG
MA1981.2	ZNF530	bg04	123	136	-	7.68367	0.0001	0.0539	GTGGGGCAGGGGCC

# FIMO (Find Individual Motif Occurrences): Version 5.3.0 compiled on Apr 12 2021 at 08:27:53
# The format of this file is described at http://meme-suite.org/doc/fimo-output-format.html.
# fimo --oc processed/fimo_scanset30 --thresh 1e-4 raw/JASPAR2024_CORE_vertebrates_non-redundant_pfms_meme.txt raw/scan_set.fa
